datetime,open,high,low,close,volume
2026-07-09T14:15:00+00:00,0.7934599999999999,0.7937799999999999,0.79337,0.79357,2231
2026-07-09T14:30:00+00:00,0.79357,0.7939499999999999,0.79343,0.79384,2201
2026-07-09T14:45:00+00:00,0.79384,0.79425,0.79359,0.79365,3302
2026-07-09T15:00:00+00:00,0.79365,0.79404,0.79333,0.7937799999999999,2314
2026-07-09T15:15:00+00:00,0.7937799999999999,0.79401,0.79345,0.79359,1667
2026-07-09T15:30:00+00:00,0.79359,0.79392,0.79345,0.79345,1469
2026-07-09T15:45:00+00:00,0.79345,0.79358,0.79315,0.79319,1754
2026-07-09T16:00:00+00:00,0.79319,0.79337,0.79311,0.79314,1494
2026-07-09T16:15:00+00:00,0.79314,0.7934599999999999,0.79291,0.79331,1267
2026-07-09T16:30:00+00:00,0.79331,0.79348,0.7931199999999999,0.7932,1145
2026-07-09T16:45:00+00:00,0.7932,0.79343,0.7930499999999999,0.79338,1236
2026-07-09T17:00:00+00:00,0.79338,0.79341,0.79313,0.79315,1457
2026-07-09T17:15:00+00:00,0.79315,0.7931699999999999,0.79269,0.79281,1356
2026-07-09T17:30:00+00:00,0.79281,0.79316,0.7927099999999999,0.79301,968
2026-07-09T17:45:00+00:00,0.79301,0.79311,0.79291,0.79302,1058
2026-07-09T18:00:00+00:00,0.79302,0.79323,0.79293,0.7932,1145
2026-07-09T18:15:00+00:00,0.7932,0.7934899999999999,0.79313,0.79348,909
2026-07-09T18:30:00+00:00,0.79348,0.79364,0.7934399999999999,0.79348,790
2026-07-09T18:45:00+00:00,0.79348,0.7936099999999999,0.7933199999999999,0.79348,752
2026-07-09T19:00:00+00:00,0.79348,0.79379,0.7933899999999999,0.79375,1004
2026-07-09T19:15:00+00:00,0.79375,0.7939999999999999,0.79365,0.79394,683
2026-07-09T19:30:00+00:00,0.79394,0.79404,0.79375,0.79385,1059
2026-07-09T19:45:00+00:00,0.79385,0.79402,0.7938299999999999,0.79391,894
2026-07-09T20:00:00+00:00,0.79391,0.79394,0.7937,0.79372,574
2026-07-09T20:15:00+00:00,0.79372,0.79372,0.79358,0.79362,320
2026-07-09T20:30:00+00:00,0.79362,0.79369,0.79354,0.7936799999999999,287
2026-07-09T20:45:00+00:00,0.7936799999999999,0.79391,0.7928,0.79281,1230
2026-07-09T21:00:00+00:00,0.79281,0.79315,0.79142,0.7927799999999997,64.46007646801925
2026-07-09T21:15:00+00:00,0.7927799999999997,0.7940199999999997,0.7924499999999997,0.7925999999999996,542.4541223826104
2026-07-09T21:30:00+00:00,0.7925999999999996,0.7929699999999996,0.7922899999999996,0.7928399999999997,134.5706449155055
2026-07-09T21:45:00+00:00,0.7928399999999997,0.7932599999999996,0.7927999999999996,0.7931799999999997,821
2026-07-09T22:00:00+00:00,0.7931799999999997,0.7935199999999997,0.7930499999999997,0.7932099999999996,438
2026-07-09T22:15:00+00:00,0.7932099999999996,0.7932599999999996,0.7931299999999997,0.7931499999999997,315.8261933904529
2026-07-09T22:30:00+00:00,0.7931499999999997,0.7932299999999997,0.7931099999999996,0.7931799999999997,317
2026-07-09T22:45:00+00:00,0.7931799999999997,0.7931999999999997,0.7930199999999996,0.7931199999999996,483
2026-07-09T23:00:00+00:00,0.7931199999999996,0.7931499999999997,0.7930499999999997,0.7930599999999997,369
2026-07-09T23:15:00+00:00,0.7930599999999997,0.7932099999999996,0.7930499999999997,0.7931699999999997,256
2026-07-09T23:30:00+00:00,0.7931699999999997,0.7932099999999996,0.7930899999999996,0.7930999999999997,238
2026-07-09T23:45:00+00:00,0.7930999999999997,0.7931799999999997,0.7930599999999997,0.7930599999999997,187
2026-07-10T00:00:00+00:00,0.7930599999999997,0.7931999999999997,0.7929799999999997,0.7931999999999997,993
2026-07-10T00:15:00+00:00,0.7931999999999997,0.7933199999999997,0.7931099999999996,0.7932499999999997,845
2026-07-10T00:30:00+00:00,0.7932499999999997,0.7933699999999997,0.7927199999999996,0.7927699999999996,858
2026-07-10T00:45:00+00:00,0.7927699999999996,0.7927799999999997,0.7919999999999997,0.7921899999999996,2115
2026-07-10T01:00:00+00:00,0.7921899999999996,0.7923899999999997,0.7915899999999997,0.7915999999999996,2707
2026-07-10T01:15:00+00:00,0.7915999999999996,0.7917099999999997,0.7912199999999997,0.7916599999999997,2428
2026-07-10T01:30:00+00:00,0.7916599999999997,0.7916899999999997,0.7912799999999997,0.7914699999999997,1893
2026-07-10T01:45:00+00:00,0.7914699999999997,0.7914799999999996,0.7907999999999996,0.7910399999999996,2032
2026-07-10T02:00:00+00:00,0.7910399999999996,0.7910599999999997,0.7902099999999996,0.7902499999999997,1968
2026-07-10T02:15:00+00:00,0.7902499999999997,0.7902899999999996,0.7899099999999997,0.7901499999999997,2040
2026-07-10T02:30:00+00:00,0.7901499999999997,0.7902699999999997,0.7898399999999997,0.7898799999999997,1472
2026-07-10T02:45:00+00:00,0.7898799999999997,0.7899399999999996,0.7895499999999996,0.7897899999999997,1352
2026-07-10T03:00:00+00:00,0.7897899999999997,0.7900999999999997,0.7896799999999996,0.7900799999999997,1045
2026-07-10T03:15:00+00:00,0.7900799999999997,0.7902299999999997,0.7899299999999997,0.7899599999999997,1196
2026-07-10T03:30:00+00:00,0.7899599999999997,0.7900199999999996,0.7897699999999996,0.7898999999999996,1003
2026-07-10T03:45:00+00:00,0.7898999999999996,0.7904999999999996,0.7898899999999996,0.7903799999999996,1118
2026-07-10T04:00:00+00:00,0.7903799999999996,0.7906799999999996,0.7903799999999996,0.7905399999999997,745
2026-07-10T04:15:00+00:00,0.7905399999999997,0.7909299999999997,0.7905299999999996,0.7907799999999997,1032
2026-07-10T04:30:00+00:00,0.7907799999999997,0.7911699999999997,0.7907799999999997,0.7911399999999996,996
2026-07-10T04:45:00+00:00,0.7911399999999996,0.7913799999999996,0.7910899999999996,0.7911699999999997,1087
2026-07-10T05:00:00+00:00,0.7911699999999997,0.7912799999999997,0.7908399999999997,0.7910699999999996,1219
2026-07-10T05:15:00+00:00,0.7910699999999996,0.7913799999999996,0.7910399999999996,0.7912899999999996,1075
2026-07-10T05:30:00+00:00,0.7912899999999996,0.7916399999999997,0.7912799999999997,0.7914899999999997,1086
2026-07-10T05:45:00+00:00,0.7914899999999997,0.7915199999999997,0.7910899999999996,0.7912999999999997,1407
2026-07-10T06:00:00+00:00,0.7912999999999997,0.7913199999999997,0.7909199999999996,0.7910299999999997,1769
2026-07-10T06:15:00+00:00,0.7910299999999997,0.7912999999999997,0.7908099999999997,0.7912499999999997,2154
2026-07-10T06:30:00+00:00,0.7912499999999997,0.7917099999999997,0.7910699999999996,0.7916999999999996,1894
2026-07-10T06:45:00+00:00,0.7916999999999996,0.7918199999999996,0.7914199999999997,0.7915099999999996,1011
2026-07-10T07:00:00+00:00,0.7915099999999996,0.7920599999999997,0.7914899999999997,0.7919999999999997,1664
2026-07-10T07:15:00+00:00,0.7919999999999997,0.7921599999999996,0.7918599999999997,0.7919699999999996,1887
2026-07-10T07:30:00+00:00,0.7919699999999996,0.7920799999999997,0.7916399999999997,0.7917499999999996,1714
2026-07-10T07:45:00+00:00,0.7917499999999996,0.7920199999999996,0.7915699999999997,0.7918999999999996,1713
2026-07-10T08:00:00+00:00,0.7918999999999996,0.7919599999999997,0.7914099999999996,0.7919399999999996,2877
2026-07-10T08:15:00+00:00,0.7919399999999996,0.7925299999999996,0.7919099999999997,0.7924599999999996,2055
2026-07-10T08:30:00+00:00,0.7924599999999996,0.7928499999999996,0.7922099999999996,0.7924699999999997,2533
2026-07-10T08:45:00+00:00,0.7924699999999997,0.7929199999999996,0.7924699999999997,0.7928099999999997,1237
2026-07-10T09:00:00+00:00,0.7928099999999997,0.7929699999999996,0.7926399999999997,0.7927399999999997,1193
2026-07-10T09:15:00+00:00,0.7927399999999997,0.7930399999999996,0.7926399999999997,0.7928899999999997,1356
2026-07-10T09:30:00+00:00,0.7928899999999997,0.7930499999999997,0.7926799999999996,0.7930499999999997,1372
2026-07-10T09:45:00+00:00,0.7930499999999997,0.7933899999999997,0.7929399999999996,0.7933799999999996,1086
2026-07-10T10:00:00+00:00,0.7933799999999996,0.7934199999999997,0.7930099999999997,0.7930699999999996,1166
2026-07-10T10:15:00+00:00,0.7930699999999996,0.7932199999999997,0.7927599999999997,0.7928299999999997,1202
2026-07-10T10:30:00+00:00,0.7928299999999997,0.7931399999999996,0.7927799999999997,0.7930099999999997,1190
2026-07-10T10:45:00+00:00,0.7930099999999997,0.7933499999999997,0.7928699999999996,0.7931399999999996,1633
2026-07-10T11:00:00+00:00,0.7931399999999996,0.7934199999999997,0.7929799999999997,0.7933299999999996,1415
2026-07-10T11:15:00+00:00,0.7933299999999996,0.7935899999999997,0.7932499999999997,0.7934199999999997,1319
2026-07-10T11:30:00+00:00,0.7934199999999997,0.7937299999999996,0.7933899999999997,0.7934499999999997,1613
2026-07-10T11:45:00+00:00,0.7934499999999997,0.7934699999999997,0.7931699999999997,0.7932999999999997,1351
2026-07-10T12:00:00+00:00,0.7932999999999997,0.7936499999999996,0.7924999999999996,0.7929299999999997,2743
2026-07-10T12:15:00+00:00,0.7929299999999997,0.7935199999999997,0.7928299999999997,0.7935199999999997,2043
2026-07-10T12:30:00+00:00,0.7935199999999997,0.7938899999999997,0.7933099999999996,0.7936999999999996,2275
2026-07-10T12:45:00+00:00,0.7936999999999996,0.7941199999999996,0.7935099999999996,0.7935299999999996,1667
2026-07-10T13:00:00+00:00,0.7935299999999996,0.7942499999999997,0.7935099999999996,0.7940199999999996,1936
2026-07-10T13:15:00+00:00,0.7940199999999996,0.7944799999999996,0.7940199999999996,0.7944599999999996,1316
2026-07-10T13:30:00+00:00,0.7944599999999996,0.7945799999999996,0.7937299999999996,0.7938399999999997,2094
2026-07-10T13:45:00+00:00,0.7938399999999997,0.7944799999999996,0.7937499999999996,0.7943499999999997,2036
2026-07-10T14:00:00+00:00,0.7943499999999997,0.7947699999999996,0.7943499999999997,0.7943999999999997,2191
2026-07-10T14:15:00+00:00,0.7943999999999997,0.7945999999999996,0.7940199999999996,0.7940599999999997,1972
2026-07-10T14:30:00+00:00,0.7940599999999997,0.7952899999999996,0.7938299999999997,0.7945599999999996,5520
2026-07-10T14:45:00+00:00,0.7945599999999996,0.7947399999999997,0.7940999999999997,0.7944599999999996,3167
2026-07-10T15:00:00+00:00,0.7944599999999996,0.7945799999999996,0.7938499999999996,0.7940299999999997,2790
2026-07-10T15:15:00+00:00,0.7940299999999997,0.7940399999999996,0.7930699999999996,0.7932899999999996,2624
2026-07-10T15:30:00+00:00,0.7932899999999996,0.7934399999999997,0.7931399999999996,0.7934099999999996,2166
2026-07-10T15:45:00+00:00,0.7934099999999996,0.7934199999999997,0.7927099999999997,0.7928299999999997,1749
2026-07-10T16:00:00+00:00,0.7928299999999997,0.7930599999999997,0.7924399999999997,0.7926199999999997,2408
2026-07-10T16:15:00+00:00,0.7926199999999997,0.7930199999999996,0.7924499999999997,0.7927799999999997,1616
2026-07-10T16:30:00+00:00,0.7927799999999997,0.7931899999999996,0.7927799999999997,0.7931699999999997,1088
2026-07-10T16:45:00+00:00,0.7931699999999997,0.7936899999999997,0.7930499999999997,0.7936899999999997,1514
2026-07-10T17:00:00+00:00,0.7936899999999997,0.7940199999999996,0.7936099999999997,0.7939599999999997,1304
2026-07-10T17:15:00+00:00,0.7939599999999997,0.7942599999999996,0.7938799999999997,0.7940799999999997,1102
2026-07-10T17:30:00+00:00,0.7940799999999997,0.7945199999999997,0.7940699999999996,0.7945099999999996,1050
2026-07-10T17:45:00+00:00,0.7945099999999996,0.7947799999999997,0.7943399999999996,0.7946999999999996,1065
2026-07-10T18:00:00+00:00,0.7946999999999996,0.7949999999999997,0.7946499999999996,0.7947999999999996,1153
2026-07-10T18:15:00+00:00,0.7947999999999996,0.7950799999999997,0.7947299999999996,0.7950699999999996,1345
2026-07-10T18:30:00+00:00,0.7950699999999996,0.7953399999999996,0.7949599999999997,0.7952099999999996,991
2026-07-10T18:45:00+00:00,0.7952099999999996,0.7952199999999997,0.7949999999999997,0.7950099999999997,942
2026-07-10T19:00:00+00:00,0.7950099999999997,0.7952599999999996,0.7949899999999996,0.7951899999999996,602
2026-07-10T19:15:00+00:00,0.7951899999999996,0.7951999999999997,0.7950199999999996,0.7951299999999997,535
2026-07-10T19:30:00+00:00,0.7951299999999997,0.7952699999999997,0.7950599999999997,0.7952499999999997,662
2026-07-10T19:45:00+00:00,0.7952499999999997,0.7953799999999996,0.7950099999999997,0.7951099999999997,744
2026-07-10T20:00:00+00:00,0.7951099999999997,0.7952099999999996,0.7948999999999996,0.7950999999999997,615
2026-07-10T20:15:00+00:00,0.7950999999999997,0.7952999999999997,0.7949899999999996,0.7952299999999997,344
2026-07-10T20:30:00+00:00,0.7952299999999997,0.7954699999999997,0.7952299999999997,0.7953199999999997,281
2026-07-10T20:45:00+00:00,0.7953199999999997,0.7953399999999996,0.7940099999999997,0.7941099999999996,1821.521686159844
2026-07-12T21:00:00+00:00,0.7941099999999996,0.7941899999999995,0.7940099999999994,0.7940299999999995,133.64912471505298
2026-07-12T21:15:00+00:00,0.7940299999999995,0.7943099999999997,0.7938899999999994,0.7941799999999996,252.53594725199736
2026-07-12T21:30:00+00:00,0.7941799999999996,0.7957799999999995,0.7941399999999995,0.7957299999999995,1101.0029648721106
2026-07-12T21:45:00+00:00,0.7957299999999995,0.7966599999999995,0.7955299999999995,0.7966199999999994,236.62813257531798
2026-07-12T22:00:00+00:00,0.7966199999999994,0.7983799999999994,0.7964799999999995,0.7982199999999995,1064
2026-07-12T22:15:00+00:00,0.7982199999999995,0.7983199999999995,0.7978699999999995,0.7979799999999995,485
2026-07-12T22:30:00+00:00,0.7979799999999995,0.7980699999999995,0.7978299999999995,0.7980299999999995,450
2026-07-12T22:45:00+00:00,0.7980299999999995,0.7981099999999994,0.7979199999999995,0.7980599999999994,496.4658594012782
2026-07-12T23:00:00+00:00,0.7980599999999994,0.7985099999999995,0.7980599999999994,0.7980899999999995,822
2026-07-12T23:15:00+00:00,0.7980899999999995,0.7981899999999995,0.7978899999999994,0.7978899999999994,637
2026-07-12T23:30:00+00:00,0.7978899999999994,0.7981199999999995,0.7978599999999995,0.7979699999999995,589
2026-07-12T23:45:00+00:00,0.7979699999999995,0.7979799999999995,0.7975599999999995,0.7975799999999995,1405
2026-07-13T00:00:00+00:00,0.7975799999999995,0.7979699999999995,0.7974199999999995,0.7978899999999994,2809
2026-07-13T00:15:00+00:00,0.7978899999999994,0.7982699999999995,0.7975199999999995,0.7978099999999995,2433
2026-07-13T00:30:00+00:00,0.7978099999999995,0.7982799999999994,0.7975399999999995,0.7981399999999995,1872
2026-07-13T00:45:00+00:00,0.7981399999999995,0.7984099999999995,0.7980099999999994,0.7983699999999995,1806
2026-07-13T01:00:00+00:00,0.7983699999999995,0.7987699999999994,0.7983499999999994,0.7987199999999994,2224
2026-07-13T01:15:00+00:00,0.7987199999999994,0.7990099999999994,0.7984799999999995,0.7987099999999995,2493
2026-07-13T01:30:00+00:00,0.7987099999999995,0.7987899999999994,0.7983199999999995,0.7983499999999994,1724
2026-07-13T01:45:00+00:00,0.7983499999999994,0.7983799999999994,0.7979499999999995,0.7979799999999995,1934
2026-07-13T02:00:00+00:00,0.7979799999999995,0.7984299999999994,0.7979099999999995,0.7983899999999995,1936
2026-07-13T02:15:00+00:00,0.7983899999999995,0.7984199999999995,0.7982099999999994,0.7982099999999994,1362
2026-07-13T02:30:00+00:00,0.7982099999999994,0.7983099999999995,0.7979899999999994,0.7980599999999994,1835
2026-07-13T02:45:00+00:00,0.7980599999999994,0.7983899999999995,0.7979499999999995,0.7983799999999994,1296
2026-07-13T03:00:00+00:00,0.7983799999999994,0.7987299999999995,0.7982999999999995,0.7984699999999995,1457
2026-07-13T03:15:00+00:00,0.7984699999999995,0.7984799999999995,0.7982799999999994,0.7982999999999995,1013
2026-07-13T03:30:00+00:00,0.7982999999999995,0.7983399999999995,0.7980899999999995,0.7982199999999995,1475
2026-07-13T03:45:00+00:00,0.7982199999999995,0.7982599999999995,0.7979799999999995,0.7979999999999995,1061
2026-07-13T04:00:00+00:00,0.7979999999999995,0.7981299999999995,0.7979299999999995,0.7979399999999994,898
2026-07-13T04:15:00+00:00,0.7979399999999994,0.7980099999999994,0.7978099999999995,0.7978199999999994,1170
2026-07-13T04:30:00+00:00,0.7978199999999994,0.7978599999999995,0.7976499999999995,0.7977899999999994,1230
2026-07-13T04:45:00+00:00,0.7977899999999994,0.7978299999999995,0.7974099999999995,0.7975499999999994,962
2026-07-13T05:00:00+00:00,0.7975499999999994,0.7975599999999995,0.7972799999999994,0.7973599999999995,1471
2026-07-13T05:15:00+00:00,0.7973599999999995,0.7979399999999994,0.7973599999999995,0.7978999999999995,1422
2026-07-13T05:30:00+00:00,0.7978999999999995,0.7980299999999995,0.7976499999999995,0.7979199999999995,1843
2026-07-13T05:45:00+00:00,0.7979199999999995,0.7982099999999994,0.7976899999999995,0.7980699999999995,2547
2026-07-13T06:00:00+00:00,0.7980699999999995,0.7985699999999994,0.7980199999999995,0.7984299999999994,2356
2026-07-13T06:15:00+00:00,0.7984299999999994,0.7984399999999995,0.7979599999999994,0.7979799999999995,2608
2026-07-13T06:30:00+00:00,0.7979799999999995,0.7980099999999994,0.7970999999999995,0.7973899999999995,2740
2026-07-13T06:45:00+00:00,0.7973899999999995,0.7976399999999995,0.7972399999999995,0.7974799999999995,1813
2026-07-13T07:00:00+00:00,0.7974799999999995,0.7975199999999995,0.7967999999999995,0.7972599999999995,4564
2026-07-13T07:15:00+00:00,0.7972599999999995,0.7976799999999995,0.7972099999999994,0.7975699999999994,1978
2026-07-13T07:30:00+00:00,0.7975699999999994,0.7978299999999995,0.7970299999999995,0.7975399999999995,3166
2026-07-13T07:45:00+00:00,0.7975399999999995,0.7975499999999994,0.7966399999999995,0.7968199999999994,2869
2026-07-13T08:00:00+00:00,0.7968199999999994,0.7968799999999995,0.7958799999999995,0.7960599999999994,4455
2026-07-13T08:15:00+00:00,0.7960599999999994,0.7962799999999994,0.7956099999999995,0.7961699999999995,3022
2026-07-13T08:30:00+00:00,0.7961699999999995,0.7964799999999995,0.7960799999999995,0.7962899999999995,2116
2026-07-13T08:45:00+00:00,0.7962899999999995,0.7964299999999995,0.7962099999999994,0.7963399999999995,2029
2026-07-13T09:00:00+00:00,0.7963399999999995,0.7970099999999994,0.7963299999999994,0.7969599999999994,1806
2026-07-13T09:15:00+00:00,0.7969599999999994,0.7970699999999995,0.7967799999999995,0.7968799999999995,1720
2026-07-13T09:30:00+00:00,0.7968799999999995,0.7975799999999995,0.7967599999999995,0.7974499999999994,1862
2026-07-13T09:45:00+00:00,0.7974499999999994,0.7976699999999994,0.7973199999999995,0.7974199999999995,1377
2026-07-13T10:00:00+00:00,0.7974199999999995,0.7976099999999995,0.7973199999999995,0.7975799999999995,1951
2026-07-13T10:15:00+00:00,0.7975799999999995,0.7982699999999995,0.7975799999999995,0.7981699999999995,1710
2026-07-13T10:30:00+00:00,0.7981699999999995,0.7982499999999995,0.7977799999999995,0.7979999999999995,1643
2026-07-13T10:45:00+00:00,0.7979999999999995,0.7980099999999994,0.7971299999999995,0.7971299999999995,1609
2026-07-13T11:00:00+00:00,0.7971299999999995,0.7976899999999995,0.7968999999999995,0.7974299999999994,2410
2026-07-13T11:15:00+00:00,0.7974299999999994,0.7978099999999995,0.7972999999999995,0.7973299999999994,1860
2026-07-13T11:30:00+00:00,0.7973299999999994,0.7974399999999995,0.7969799999999995,0.7972099999999994,1932
2026-07-13T11:45:00+00:00,0.7972099999999994,0.7977199999999994,0.7972099999999994,0.7977099999999995,1807
2026-07-13T12:00:00+00:00,0.7977099999999995,0.7984499999999994,0.7974299999999994,0.7983199999999995,2511
2026-07-13T12:15:00+00:00,0.7983199999999995,0.7986099999999995,0.7980099999999994,0.7984899999999995,2164
2026-07-13T12:30:00+00:00,0.7984899999999995,0.7984999999999994,0.7980899999999995,0.7984699999999995,2231
2026-07-13T12:45:00+00:00,0.7984699999999995,0.7984799999999995,0.7977399999999994,0.7977599999999995,2240
2026-07-13T13:00:00+00:00,0.7977599999999995,0.7979899999999994,0.7974799999999995,0.7979199999999995,3287
2026-07-13T13:15:00+00:00,0.7979199999999995,0.7985899999999995,0.7978699999999995,0.7981799999999994,2783
2026-07-13T13:30:00+00:00,0.7981799999999994,0.7988699999999995,0.7978499999999995,0.7986899999999995,3540
2026-07-13T13:45:00+00:00,0.7986899999999995,0.7991299999999995,0.7985199999999995,0.7989799999999995,3005
2026-07-13T14:00:00+00:00,0.7989799999999995,0.7994299999999994,0.7987799999999995,0.7992899999999995,3820
2026-07-13T14:15:00+00:00,0.7992899999999995,0.8004799999999995,0.7991399999999995,0.7995999999999994,6903
2026-07-13T14:30:00+00:00,0.7995999999999994,0.8004399999999995,0.7994899999999995,0.8001299999999995,3711
2026-07-13T14:45:00+00:00,0.8001299999999995,0.8006199999999994,0.7998999999999995,0.7998999999999995,4006
2026-07-13T15:00:00+00:00,0.7998999999999995,0.8004099999999995,0.7998599999999995,0.8003399999999995,3015
2026-07-13T15:15:00+00:00,0.8003399999999995,0.8005199999999995,0.8001099999999994,0.8005099999999995,2186
2026-07-13T15:30:00+00:00,0.8005099999999995,0.8008899999999994,0.8004599999999995,0.8005299999999995,2286
2026-07-13T15:45:00+00:00,0.8005299999999995,0.8007999999999995,0.8003099999999995,0.8004799999999995,1826
2026-07-13T16:00:00+00:00,0.8004799999999995,0.8006199999999994,0.8003699999999995,0.8005399999999995,1524
2026-07-13T16:15:00+00:00,0.8005399999999995,0.8013699999999995,0.8004499999999994,0.8012099999999994,1963
2026-07-13T16:30:00+00:00,0.8012099999999994,0.8021499999999995,0.8011399999999995,0.8013599999999995,4380
2026-07-13T16:45:00+00:00,0.8013599999999995,0.8020699999999995,0.8011499999999995,0.8017399999999995,3154
2026-07-13T17:00:00+00:00,0.8017399999999995,0.8020499999999995,0.8016599999999995,0.8019499999999995,2169
2026-07-13T17:15:00+00:00,0.8019499999999995,0.8020499999999995,0.8016899999999995,0.8019099999999995,1669
2026-07-13T17:30:00+00:00,0.8019099999999995,0.8021699999999995,0.8018799999999995,0.8021499999999995,1867
2026-07-13T17:45:00+00:00,0.8021499999999995,0.8023499999999995,0.8019399999999994,0.8023399999999995,1364
2026-07-13T18:00:00+00:00,0.8023399999999995,0.8026299999999995,0.8022199999999995,0.8025299999999995,1793
2026-07-13T18:15:00+00:00,0.8025299999999995,0.8027799999999995,0.8024699999999995,0.8024999999999994,1652
2026-07-13T18:30:00+00:00,0.8024999999999994,0.8025899999999995,0.8021799999999994,0.8022399999999995,1572
2026-07-13T18:45:00+00:00,0.8022399999999995,0.8024199999999995,0.8021999999999995,0.8022399999999995,1642
2026-07-13T19:00:00+00:00,0.8022399999999995,0.8027799999999995,0.8021799999999994,0.8027799999999995,1301
2026-07-13T19:15:00+00:00,0.8027799999999995,0.8027999999999995,0.8025099999999995,0.8026599999999995,1130
2026-07-13T19:30:00+00:00,0.8026599999999995,0.8027599999999995,0.8025399999999995,0.8026599999999995,1055
2026-07-13T19:45:00+00:00,0.8026599999999995,0.8028099999999995,0.8026099999999995,0.8026399999999995,1133
2026-07-13T20:00:00+00:00,0.8026399999999995,0.8030299999999995,0.8026099999999995,0.8030099999999994,756
2026-07-13T20:15:00+00:00,0.8030099999999994,0.8031099999999994,0.8029299999999995,0.8029599999999995,490
2026-07-13T20:30:00+00:00,0.8029599999999995,0.8030499999999995,0.8028899999999994,0.8029099999999995,349
2026-07-13T20:45:00+00:00,0.8029099999999995,0.8030299999999995,0.8028799999999995,0.8029099999999995,486
2026-07-13T21:00:00+00:00,0.8029099999999995,0.8029099999999995,0.8017699999999994,0.8025199999999995,105.35901434809732
2026-07-13T21:15:00+00:00,0.8025199999999995,0.8026499999999994,0.8023299999999994,0.8026199999999994,112
2026-07-13T21:30:00+00:00,0.8026199999999994,0.8028799999999995,0.8024099999999995,0.8027399999999995,692
2026-07-13T21:45:00+00:00,0.8027399999999995,0.8027899999999994,0.8024799999999995,0.8026399999999995,402.90821635413715
2026-07-13T22:00:00+00:00,0.8026399999999995,0.8029799999999995,0.8026199999999994,0.8028299999999995,586
2026-07-13T22:15:00+00:00,0.8028299999999995,0.8028299999999995,0.8027499999999995,0.8027699999999994,135.91780401778868
2026-07-13T22:30:00+00:00,0.8027699999999994,0.8028299999999994,0.8026699999999994,0.8026699999999994,462
2026-07-13T22:45:00+00:00,0.8026699999999994,0.8029699999999994,0.8026499999999994,0.8029699999999994,377
2026-07-13T23:00:00+00:00,0.8029699999999994,0.8030199999999994,0.8028099999999995,0.8028799999999994,505
2026-07-13T23:15:00+00:00,0.8028799999999994,0.8030199999999994,0.8028699999999994,0.8029799999999995,318
2026-07-13T23:30:00+00:00,0.8029799999999995,0.8030099999999994,0.8027399999999995,0.8028799999999994,546
2026-07-13T23:45:00+00:00,0.8028799999999994,0.8030199999999994,0.8027799999999994,0.8027999999999994,878
2026-07-14T00:00:00+00:00,0.8027999999999994,0.8030799999999995,0.8026999999999994,0.8028599999999995,2579
2026-07-14T00:15:00+00:00,0.8028599999999995,0.8032999999999995,0.8028599999999995,0.8031899999999994,2010
2026-07-14T00:30:00+00:00,0.8031899999999994,0.8032299999999994,0.8025099999999994,0.8025899999999995,2512
2026-07-14T00:45:00+00:00,0.8025899999999995,0.8027499999999994,0.8022999999999995,0.8027299999999994,2778
2026-07-14T01:00:00+00:00,0.8027299999999994,0.8027699999999994,0.8025199999999995,0.8026499999999994,2487
2026-07-14T01:15:00+00:00,0.8026499999999994,0.8027799999999994,0.8023799999999994,0.8027699999999994,1871
2026-07-14T01:30:00+00:00,0.8027699999999994,0.8027799999999994,0.8025199999999995,0.8025799999999994,2043
2026-07-14T01:45:00+00:00,0.8025799999999994,0.8026599999999994,0.8022799999999994,0.8023799999999994,1266
2026-07-14T02:00:00+00:00,0.8023799999999994,0.8023799999999994,0.8019699999999994,0.8020099999999994,1460
2026-07-14T02:15:00+00:00,0.8020099999999994,0.8020499999999994,0.8016699999999994,0.8017499999999994,1542
2026-07-14T02:30:00+00:00,0.8017499999999994,0.8018599999999995,0.8015899999999995,0.8018299999999994,1398
2026-07-14T02:45:00+00:00,0.8018299999999994,0.8019199999999994,0.8016799999999994,0.8019099999999995,1031
2026-07-14T03:00:00+00:00,0.8019099999999995,0.8020999999999995,0.8017599999999995,0.8018699999999994,1739
2026-07-14T03:15:00+00:00,0.8018699999999994,0.8021099999999994,0.8017599999999995,0.8018099999999995,2052
2026-07-14T03:30:00+00:00,0.8018099999999995,0.8018499999999994,0.8013699999999995,0.8016499999999994,1710
2026-07-14T03:45:00+00:00,0.8016499999999994,0.8017499999999994,0.8015499999999994,0.8017399999999995,1256
2026-07-14T04:00:00+00:00,0.8017399999999995,0.8019699999999994,0.8016699999999994,0.8018199999999994,1723
2026-07-14T04:15:00+00:00,0.8018199999999994,0.8018699999999994,0.8017099999999995,0.8018699999999994,1331
2026-07-14T04:30:00+00:00,0.8018699999999994,0.8019599999999995,0.8017299999999994,0.8019499999999994,1315
2026-07-14T04:45:00+00:00,0.8019499999999994,0.8022799999999994,0.8019299999999995,0.8019999999999994,1256
2026-07-14T05:00:00+00:00,0.8019999999999994,0.8020699999999994,0.8018199999999994,0.8018699999999994,729
2026-07-14T05:15:00+00:00,0.8018699999999994,0.8019199999999994,0.8016999999999994,0.8018199999999994,903
2026-07-14T05:30:00+00:00,0.8018199999999994,0.8018199999999994,0.8014599999999994,0.8015599999999994,1288
2026-07-14T05:45:00+00:00,0.8015599999999994,0.8020699999999994,0.8014399999999994,0.8019799999999995,1346
2026-07-14T06:00:00+00:00,0.8019799999999995,0.8022899999999994,0.8017899999999994,0.8022299999999994,1569
2026-07-14T06:15:00+00:00,0.8022299999999994,0.8025699999999995,0.8020899999999994,0.8024599999999994,1539
2026-07-14T06:30:00+00:00,0.8024599999999994,0.8024999999999994,0.8018699999999994,0.8022299999999994,2385
2026-07-14T06:45:00+00:00,0.8022299999999994,0.8026899999999995,0.8022199999999994,0.8026899999999995,1687
2026-07-14T07:00:00+00:00,0.8026899999999995,0.8029899999999994,0.8024999999999994,0.8029199999999994,2469
2026-07-14T07:15:00+00:00,0.8029199999999994,0.8029799999999995,0.8021299999999995,0.8022699999999994,2198
2026-07-14T07:30:00+00:00,0.8022699999999994,0.8026299999999994,0.8022699999999994,0.8024099999999994,2667
2026-07-14T07:45:00+00:00,0.8024099999999994,0.8024099999999994,0.8018499999999994,0.8018599999999995,3019
2026-07-14T08:00:00+00:00,0.8018599999999995,0.8019799999999995,0.8011099999999994,0.8011999999999995,3099
2026-07-14T08:15:00+00:00,0.8011999999999995,0.8013599999999994,0.8007899999999994,0.8008799999999995,2169
2026-07-14T08:30:00+00:00,0.8008799999999995,0.8010699999999994,0.8002799999999994,0.8004399999999994,3018
2026-07-14T08:45:00+00:00,0.8004399999999994,0.8009499999999994,0.8003899999999994,0.8007399999999995,2126
2026-07-14T09:00:00+00:00,0.8007399999999995,0.8007699999999994,0.8001399999999994,0.8001599999999994,2419
2026-07-14T09:15:00+00:00,0.8001599999999994,0.8007299999999994,0.8001599999999994,0.8005399999999995,1913
2026-07-14T09:30:00+00:00,0.8005399999999995,0.8006199999999994,0.8003099999999994,0.8004899999999995,2253
2026-07-14T09:45:00+00:00,0.8004899999999995,0.8005599999999994,0.7999399999999994,0.8001199999999994,2258
2026-07-14T10:00:00+00:00,0.8001199999999994,0.8005299999999994,0.8000799999999995,0.8004899999999995,1816
2026-07-14T10:15:00+00:00,0.8004899999999995,0.8006999999999994,0.8002399999999994,0.8005999999999994,1923
2026-07-14T10:30:00+00:00,0.8005999999999994,0.8008499999999994,0.8005299999999994,0.8007199999999994,1941
2026-07-14T10:45:00+00:00,0.8007199999999994,0.8010899999999994,0.8006799999999994,0.8009899999999994,1481
2026-07-14T11:00:00+00:00,0.8009899999999994,0.8011899999999994,0.8005499999999994,0.8006099999999994,2209
2026-07-14T11:15:00+00:00,0.8006099999999994,0.8008299999999994,0.8003099999999994,0.8003599999999994,1713
2026-07-14T11:30:00+00:00,0.8003599999999994,0.8003599999999994,0.7998899999999994,0.7999499999999994,1497
2026-07-14T11:45:00+00:00,0.7999499999999994,0.7999599999999994,0.7993799999999994,0.7997799999999994,1961
2026-07-14T12:00:00+00:00,0.7997799999999994,0.7998599999999995,0.7995399999999995,0.7996999999999994,2030
2026-07-14T12:15:00+00:00,0.7996999999999994,0.7998099999999995,0.7990699999999994,0.7990699999999994,3058
2026-07-14T12:30:00+00:00,0.7990699999999994,0.7993499999999994,0.7944599999999994,0.7950099999999994,15078
2026-07-14T12:45:00+00:00,0.7950099999999994,0.7966499999999994,0.7949199999999994,0.7962399999999994,8517
2026-07-14T13:00:00+00:00,0.7962399999999994,0.7965399999999995,0.7954599999999994,0.7962899999999994,7452
2026-07-14T13:15:00+00:00,0.7962899999999994,0.7964199999999995,0.7952299999999994,0.7954599999999994,6006
2026-07-14T13:30:00+00:00,0.7954599999999994,0.7958199999999994,0.7952299999999994,0.7954199999999995,5941
2026-07-14T13:45:00+00:00,0.7954199999999995,0.7957699999999994,0.7952299999999994,0.7954699999999995,3808
2026-07-14T14:00:00+00:00,0.7954699999999995,0.7955599999999994,0.7941899999999994,0.7945899999999995,4361
2026-07-14T14:15:00+00:00,0.7945899999999995,0.7956499999999994,0.7945899999999995,0.7956299999999994,5034
2026-07-14T14:30:00+00:00,0.7956299999999994,0.7958699999999994,0.7944299999999994,0.7953999999999994,5798
2026-07-14T14:45:00+00:00,0.7953999999999994,0.7960699999999994,0.7952799999999994,0.7957599999999995,3291
2026-07-14T15:00:00+00:00,0.7957599999999995,0.7960099999999994,0.7949099999999995,0.7950799999999995,5188
2026-07-14T15:15:00+00:00,0.7950799999999995,0.7960699999999994,0.7950599999999994,0.7959899999999994,2445
2026-07-14T15:30:00+00:00,0.7959899999999994,0.7970299999999995,0.7958899999999994,0.7967699999999994,3620
2026-07-14T15:45:00+00:00,0.7967699999999994,0.7974399999999994,0.7963999999999994,0.7972299999999994,3317
2026-07-14T16:00:00+00:00,0.7972299999999994,0.7975999999999994,0.7971099999999994,0.7971199999999994,2941
2026-07-14T16:15:00+00:00,0.7971199999999994,0.7971899999999994,0.7969099999999995,0.7969499999999994,1903
2026-07-14T16:30:00+00:00,0.7969499999999994,0.7970099999999994,0.7966299999999994,0.7969699999999994,1519
2026-07-14T16:45:00+00:00,0.7969699999999994,0.7971799999999994,0.7966999999999994,0.7968699999999994,1582
2026-07-14T17:00:00+00:00,0.7968699999999994,0.7976799999999994,0.7966699999999994,0.7976399999999995,2589
2026-07-14T17:15:00+00:00,0.7976399999999995,0.7980199999999994,0.7973899999999994,0.7974399999999994,2223
2026-07-14T17:30:00+00:00,0.7974399999999994,0.7975799999999994,0.7973199999999995,0.7974399999999994,1564
2026-07-14T17:45:00+00:00,0.7974399999999994,0.7975799999999994,0.7971899999999994,0.7975499999999994,1615
2026-07-14T18:00:00+00:00,0.7975499999999994,0.7975799999999994,0.7973999999999994,0.7974299999999994,1419
2026-07-14T18:15:00+00:00,0.7974299999999994,0.7977899999999994,0.7972799999999994,0.7976799999999994,1413
2026-07-14T18:30:00+00:00,0.7976799999999994,0.7981099999999994,0.7975099999999994,0.7978399999999994,2183
2026-07-14T18:45:00+00:00,0.7978399999999994,0.7978599999999995,0.7972199999999994,0.7973199999999995,1500
2026-07-14T19:00:00+00:00,0.7973199999999995,0.7974199999999995,0.7970699999999994,0.7971299999999995,1291
2026-07-14T19:15:00+00:00,0.7971299999999995,0.7973999999999994,0.7970999999999995,0.7973299999999994,1083
2026-07-14T19:30:00+00:00,0.7973299999999994,0.7976099999999994,0.7973099999999994,0.7974499999999994,1763
2026-07-14T19:45:00+00:00,0.7974499999999994,0.7976299999999994,0.7973299999999994,0.7976199999999994,1756
2026-07-14T20:00:00+00:00,0.7976199999999994,0.7977599999999995,0.7975599999999994,0.7976399999999995,1025
2026-07-14T20:15:00+00:00,0.7976399999999995,0.7977699999999994,0.7975899999999995,0.7977199999999994,652
2026-07-14T20:30:00+00:00,0.7977199999999994,0.7977499999999994,0.7974399999999994,0.7975099999999994,681
2026-07-14T20:45:00+00:00,0.7975099999999994,0.7975899999999995,0.7972399999999994,0.7972399999999994,1192
2026-07-14T21:00:00+00:00,0.7972399999999994,0.7975999999999993,0.7965899999999994,0.7971599999999993,104.63461966816675
2026-07-14T21:15:00+00:00,0.7971599999999993,0.7976899999999993,0.7969699999999993,0.7975699999999994,142.3285883958688
2026-07-14T21:30:00+00:00,0.7975699999999994,0.7981399999999994,0.7974699999999995,0.7981299999999993,166.5251892227638
2026-07-14T21:45:00+00:00,0.7981299999999993,0.7982899999999994,0.7977599999999994,0.7979999999999994,951
2026-07-14T22:00:00+00:00,0.7979999999999994,0.7987399999999993,0.7978099999999994,0.7986199999999993,378
2026-07-14T22:15:00+00:00,0.7986199999999993,0.7986499999999994,0.7983899999999994,0.7983999999999993,366
2026-07-14T22:30:00+00:00,0.7983999999999993,0.7984399999999994,0.7983099999999994,0.7984199999999994,422
2026-07-14T22:45:00+00:00,0.7984199999999994,0.7985099999999994,0.7983999999999993,0.7984199999999994,219
2026-07-14T23:00:00+00:00,0.7984199999999994,0.7984899999999994,0.7983599999999994,0.7983799999999994,335
2026-07-14T23:15:00+00:00,0.7983799999999994,0.7985199999999993,0.7982999999999993,0.7982999999999993,289
2026-07-14T23:30:00+00:00,0.7982999999999993,0.7984199999999994,0.7981399999999994,0.7981899999999994,515
2026-07-14T23:45:00+00:00,0.7981899999999994,0.7982399999999994,0.7980699999999994,0.7981299999999993,424
2026-07-15T00:00:00+00:00,0.7981299999999993,0.7982199999999994,0.7979699999999994,0.7981799999999993,1815
2026-07-15T00:15:00+00:00,0.7981799999999993,0.7981899999999994,0.7977499999999994,0.7978599999999993,1484
2026-07-15T00:30:00+00:00,0.7978599999999993,0.7981699999999994,0.7977999999999994,0.7980999999999994,1277
2026-07-15T00:45:00+00:00,0.7980999999999994,0.7981199999999994,0.7973999999999993,0.7974999999999993,1631
2026-07-15T01:00:00+00:00,0.7974999999999993,0.7975699999999993,0.7971799999999993,0.7972099999999994,2103
2026-07-15T01:15:00+00:00,0.7972099999999994,0.7974699999999993,0.7970599999999993,0.7973999999999993,1904
2026-07-15T01:30:00+00:00,0.7973999999999993,0.7977099999999994,0.7972899999999994,0.7976699999999993,1481
2026-07-15T01:45:00+00:00,0.7976699999999993,0.7978199999999994,0.7975599999999994,0.7975999999999994,1427
2026-07-15T02:00:00+00:00,0.7975999999999994,0.7977499999999994,0.7973999999999993,0.7977199999999993,1597
2026-07-15T02:15:00+00:00,0.7977199999999993,0.7980299999999994,0.7976999999999994,0.7978999999999994,1076
2026-07-15T02:30:00+00:00,0.7978999999999994,0.7979699999999994,0.7974599999999994,0.7975399999999994,926
2026-07-15T02:45:00+00:00,0.7975399999999994,0.7979099999999993,0.7975299999999994,0.7977299999999994,1203
2026-07-15T03:00:00+00:00,0.7977299999999994,0.7980799999999993,0.7975699999999993,0.7980799999999993,1315
2026-07-15T03:15:00+00:00,0.7980799999999993,0.7984099999999994,0.7980699999999994,0.7983299999999993,1484
2026-07-15T03:30:00+00:00,0.7983299999999993,0.7985299999999994,0.7981499999999994,0.7985099999999994,885
2026-07-15T03:45:00+00:00,0.7985099999999994,0.7985199999999993,0.7981299999999993,0.7982099999999994,960
2026-07-15T04:00:00+00:00,0.7982099999999994,0.7983199999999994,0.7981099999999993,0.7982699999999994,824
2026-07-15T04:15:00+00:00,0.7982699999999994,0.7983099999999994,0.7980699999999994,0.7981499999999994,686
2026-07-15T04:30:00+00:00,0.7981499999999994,0.7982099999999994,0.7980099999999993,0.7981499999999994,881
2026-07-15T04:45:00+00:00,0.7981499999999994,0.7982999999999993,0.7980499999999994,0.7982799999999993,768
2026-07-15T05:00:00+00:00,0.7982799999999993,0.7986399999999994,0.7981999999999994,0.7982899999999994,1574
2026-07-15T05:15:00+00:00,0.7982899999999994,0.7983599999999994,0.7981999999999994,0.7982599999999994,962
2026-07-15T05:30:00+00:00,0.7982599999999994,0.7982799999999993,0.7978699999999994,0.7978899999999993,1067
2026-07-15T05:45:00+00:00,0.7978899999999993,0.7979499999999994,0.7976799999999994,0.7978699999999994,1179
2026-07-15T06:00:00+00:00,0.7978699999999994,0.7979699999999994,0.7977299999999994,0.7978899999999993,1480
2026-07-15T06:15:00+00:00,0.7978899999999993,0.7978999999999994,0.7974399999999994,0.7976899999999993,1287
2026-07-15T06:30:00+00:00,0.7976899999999993,0.7979699999999994,0.7976599999999994,0.7977799999999994,2003
2026-07-15T06:45:00+00:00,0.7977799999999994,0.7983199999999994,0.7976899999999993,0.7982699999999994,2906
2026-07-15T07:00:00+00:00,0.7982699999999994,0.7983599999999994,0.7978299999999994,0.7979799999999994,2522
2026-07-15T07:15:00+00:00,0.7979799999999994,0.7988499999999994,0.7979599999999993,0.7985999999999994,2401
2026-07-15T07:30:00+00:00,0.7985999999999994,0.7989399999999994,0.7985599999999994,0.7987399999999993,1710
2026-07-15T07:45:00+00:00,0.7987399999999993,0.7988899999999993,0.7986299999999994,0.7987399999999993,1627
2026-07-15T08:00:00+00:00,0.7987399999999993,0.7991099999999993,0.7984599999999994,0.7990399999999994,2050
2026-07-15T08:15:00+00:00,0.7990399999999994,0.7990599999999993,0.7986999999999994,0.7987199999999993,1525
2026-07-15T08:30:00+00:00,0.7987199999999993,0.7991899999999994,0.7985899999999994,0.7990699999999994,1852
2026-07-15T08:45:00+00:00,0.7990699999999994,0.7994699999999993,0.7989599999999993,0.7991099999999993,1957
2026-07-15T09:00:00+00:00,0.7991099999999993,0.7993799999999994,0.7988999999999994,0.7989999999999994,1807
2026-07-15T09:15:00+00:00,0.7989999999999994,0.7995099999999994,0.7989899999999994,0.7994999999999993,1493
2026-07-15T09:30:00+00:00,0.7994999999999993,0.7997499999999994,0.7993199999999994,0.7994599999999994,1403
2026-07-15T09:45:00+00:00,0.7994599999999994,0.7999299999999994,0.7994499999999993,0.7999299999999994,1562
2026-07-15T10:00:00+00:00,0.7999299999999994,0.8000999999999994,0.7998699999999994,0.8000799999999993,1406
2026-07-15T10:15:00+00:00,0.8000799999999993,0.8002899999999994,0.7997999999999994,0.8001299999999993,1410
2026-07-15T10:30:00+00:00,0.8001299999999993,0.8002099999999994,0.7998899999999993,0.8000599999999993,1299
2026-07-15T10:45:00+00:00,0.8000599999999993,0.8002099999999994,0.7998099999999994,0.7998199999999994,1189
2026-07-15T11:00:00+00:00,0.7998199999999994,0.7999699999999994,0.7995099999999994,0.7997199999999993,1579
2026-07-15T11:15:00+00:00,0.7997199999999993,0.8000499999999994,0.7997099999999994,0.7999799999999994,1284
2026-07-15T11:30:00+00:00,0.7999799999999994,0.8001799999999993,0.7997899999999993,0.8001599999999994,1148
2026-07-15T11:45:00+00:00,0.8001599999999994,0.8002699999999994,0.7998999999999994,0.8000799999999993,2659
2026-07-15T12:00:00+00:00,0.8000799999999993,0.8004699999999993,0.7998899999999993,0.8002799999999993,2378
2026-07-15T12:15:00+00:00,0.8002799999999993,0.8005099999999994,0.8000299999999994,0.8000599999999993,1880
2026-07-15T12:30:00+00:00,0.8000599999999993,0.8001399999999994,0.7985599999999994,0.7986199999999993,4331
2026-07-15T12:45:00+00:00,0.7986199999999993,0.7986699999999993,0.7979199999999994,0.7980599999999993,2973
2026-07-15T13:00:00+00:00,0.7980599999999993,0.7981799999999993,0.7975399999999994,0.7981499999999994,3194
2026-07-15T13:15:00+00:00,0.7981499999999994,0.7983299999999993,0.7975899999999994,0.7982799999999993,2670
2026-07-15T13:30:00+00:00,0.7982799999999993,0.7983099999999994,0.7976599999999994,0.7978599999999993,2520
2026-07-15T13:45:00+00:00,0.7978599999999993,0.7979599999999993,0.7968599999999993,0.7972799999999993,3449
2026-07-15T14:00:00+00:00,0.7972799999999993,0.7976999999999994,0.7970699999999994,0.7975999999999994,2607
2026-07-15T14:15:00+00:00,0.7975999999999994,0.7975999999999994,0.7970799999999993,0.7971499999999994,2785
2026-07-15T14:30:00+00:00,0.7971499999999994,0.7972799999999993,0.7967199999999993,0.7967499999999994,3035
2026-07-15T14:45:00+00:00,0.7967499999999994,0.7969599999999993,0.7962999999999993,0.7964199999999994,4896
2026-07-15T15:00:00+00:00,0.7964199999999994,0.7964299999999994,0.7957399999999993,0.7962499999999993,2873
2026-07-15T15:15:00+00:00,0.7962499999999993,0.7963599999999994,0.7954999999999993,0.7955799999999994,2351
2026-07-15T15:30:00+00:00,0.7955799999999994,0.7959899999999994,0.7955799999999994,0.7958299999999994,2687
2026-07-15T15:45:00+00:00,0.7958299999999994,0.7958899999999993,0.7953899999999994,0.7957399999999993,2176
2026-07-15T16:00:00+00:00,0.7957399999999993,0.7960599999999993,0.7956199999999993,0.7959699999999994,2533
2026-07-15T16:15:00+00:00,0.7959699999999994,0.7960099999999993,0.7955999999999994,0.7956699999999993,2194
2026-07-15T16:30:00+00:00,0.7956699999999993,0.7962899999999994,0.7956399999999993,0.7962799999999993,1842
2026-07-15T16:45:00+00:00,0.7962799999999993,0.7963699999999994,0.7956499999999994,0.7960599999999993,2893
2026-07-15T17:00:00+00:00,0.7960599999999993,0.7961099999999993,0.7950999999999994,0.7952999999999993,2372
2026-07-15T17:15:00+00:00,0.7952999999999993,0.7953899999999994,0.7948699999999994,0.7948699999999994,1757
2026-07-15T17:30:00+00:00,0.7948699999999994,0.7948699999999994,0.7938699999999994,0.7939499999999994,3223
2026-07-15T17:45:00+00:00,0.7939499999999994,0.7942199999999994,0.7933999999999993,0.7934199999999993,2493
2026-07-15T18:00:00+00:00,0.7934199999999993,0.7934899999999994,0.7928699999999994,0.7932699999999994,2042
2026-07-15T18:15:00+00:00,0.7932699999999994,0.7933899999999994,0.7925599999999994,0.7926499999999994,1874
2026-07-15T18:30:00+00:00,0.7926499999999994,0.7930899999999994,0.7924299999999994,0.7930599999999993,1913
2026-07-15T18:45:00+00:00,0.7930599999999993,0.7938099999999993,0.7930199999999994,0.7936899999999993,2709
2026-07-15T19:00:00+00:00,0.7936899999999993,0.7937399999999993,0.7932299999999993,0.7933699999999994,2076
2026-07-15T19:15:00+00:00,0.7933699999999994,0.7937399999999993,0.7933099999999994,0.7935099999999994,1358
2026-07-15T19:30:00+00:00,0.7935099999999994,0.7942999999999993,0.7935099999999994,0.7942399999999994,2739
2026-07-15T19:45:00+00:00,0.7942399999999994,0.7943899999999994,0.7940999999999994,0.7941899999999994,1732
2026-07-15T20:00:00+00:00,0.7941899999999994,0.7943799999999994,0.7941099999999994,0.7943099999999994,805
2026-07-15T20:15:00+00:00,0.7943099999999994,0.7943699999999994,0.7941299999999993,0.7942499999999993,549
2026-07-15T20:30:00+00:00,0.7942499999999993,0.7945699999999993,0.7942199999999994,0.7943799999999994,595
2026-07-15T20:45:00+00:00,0.7943799999999994,0.7944599999999994,0.7936199999999993,0.7937499999999994,608
2026-07-15T21:00:00+00:00,0.7937499999999994,0.7943899999999994,0.7935099999999994,0.7935299999999994,118.25018964169911
2026-07-15T21:15:00+00:00,0.7935299999999994,0.7935999999999993,0.7934799999999993,0.7935299999999993,212.8558204446204
2026-07-15T21:30:00+00:00,0.7935299999999993,0.7935499999999992,0.7934899999999993,0.7935499999999992,110.1286188062538
2026-07-15T21:45:00+00:00,0.7935499999999992,0.7944699999999991,0.7935299999999992,0.7942999999999991,1128
2026-07-15T22:00:00+00:00,0.7942999999999991,0.7947799999999992,0.7942699999999991,0.7946199999999991,897
2026-07-15T22:15:00+00:00,0.7946199999999991,0.7947699999999992,0.7945799999999992,0.7946299999999992,201
2026-07-15T22:30:00+00:00,0.7946299999999992,0.7946499999999992,0.7945299999999992,0.7946199999999991,655
2026-07-15T22:45:00+00:00,0.7946199999999991,0.7948099999999991,0.7945799999999992,0.7946399999999991,360
2026-07-15T23:00:00+00:00,0.7946399999999991,0.7946499999999992,0.7944099999999991,0.7944199999999991,464.7787567302986
2026-07-15T23:15:00+00:00,0.7944199999999991,0.7945499999999991,0.7943599999999991,0.7944699999999991,502
2026-07-15T23:30:00+00:00,0.7944699999999991,0.7945199999999991,0.7942399999999991,0.7942499999999991,414
2026-07-15T23:45:00+00:00,0.7942499999999991,0.7943799999999991,0.7941799999999991,0.7943699999999991,599
2026-07-16T00:00:00+00:00,0.7943699999999991,0.7944599999999991,0.7941499999999991,0.7941599999999991,1349
2026-07-16T00:15:00+00:00,0.7941599999999991,0.7944499999999991,0.794119999999999,0.794439999999999,1346
2026-07-16T00:30:00+00:00,0.794439999999999,0.7948499999999991,0.7943999999999991,0.794679999999999,1184
2026-07-16T00:45:00+00:00,0.794679999999999,0.7948699999999991,0.794389999999999,0.7944499999999991,2147
2026-07-16T01:00:00+00:00,0.7944499999999991,0.7948599999999991,0.7943999999999991,0.794729999999999,1644
2026-07-16T01:15:00+00:00,0.794729999999999,0.795099999999999,0.7946999999999991,0.7949399999999991,1600
2026-07-16T01:30:00+00:00,0.7949399999999991,0.795289999999999,0.7948499999999991,0.7950899999999991,1381
2026-07-16T01:45:00+00:00,0.7950899999999991,0.795439999999999,0.7950799999999991,0.7953099999999991,1142
2026-07-16T02:00:00+00:00,0.7953099999999991,0.7957399999999991,0.7953099999999991,0.795729999999999,1187
2026-07-16T02:15:00+00:00,0.795729999999999,0.795879999999999,0.7956199999999991,0.7956899999999991,1105
2026-07-16T02:30:00+00:00,0.7956899999999991,0.796049999999999,0.7956499999999991,0.7959699999999991,1088
2026-07-16T02:45:00+00:00,0.7959699999999991,0.7961099999999991,0.7957499999999991,0.7957599999999991,845
2026-07-16T03:00:00+00:00,0.7957599999999991,0.7958599999999991,0.7954499999999991,0.7955499999999991,1354
2026-07-16T03:15:00+00:00,0.7955499999999991,0.7955499999999991,0.7952599999999991,0.7952999999999991,1180
2026-07-16T03:30:00+00:00,0.7952999999999991,0.7954999999999991,0.7951399999999991,0.795489999999999,1071
2026-07-16T03:45:00+00:00,0.795489999999999,0.795609999999999,0.7953699999999991,0.7954599999999991,883
2026-07-16T04:00:00+00:00,0.7954599999999991,0.7958199999999991,0.7954499999999991,0.7956199999999991,1041
2026-07-16T04:15:00+00:00,0.7956199999999991,0.7959399999999991,0.7956199999999991,0.7959199999999991,805
2026-07-16T04:30:00+00:00,0.7959199999999991,0.7959299999999991,0.7956299999999991,0.795779999999999,802
2026-07-16T04:45:00+00:00,0.795779999999999,0.7957999999999991,0.795659999999999,0.795729999999999,823
2026-07-16T05:00:00+00:00,0.795729999999999,0.7958499999999991,0.7956299999999991,0.7957199999999991,824
2026-07-16T05:15:00+00:00,0.7957199999999991,0.7957599999999991,0.7954999999999991,0.7957199999999991,999
2026-07-16T05:30:00+00:00,0.7957199999999991,0.7958499999999991,0.7954999999999991,0.7956699999999991,1592
2026-07-16T05:45:00+00:00,0.7956699999999991,0.7961099999999991,0.7956699999999991,0.7959699999999991,1393
2026-07-16T06:00:00+00:00,0.7959699999999991,0.7959799999999991,0.7954699999999991,0.7954999999999991,1918
2026-07-16T06:15:00+00:00,0.7954999999999991,0.7957999999999991,0.7954999999999991,0.7957099999999991,1961
2026-07-16T06:30:00+00:00,0.7957099999999991,0.7959699999999991,0.7956699999999991,0.7958899999999991,2166
2026-07-16T06:45:00+00:00,0.7958899999999991,0.7959099999999991,0.7953799999999991,0.7955799999999991,1729
2026-07-16T07:00:00+00:00,0.7955799999999991,0.795679999999999,0.7954299999999991,0.7955799999999991,2367
2026-07-16T07:15:00+00:00,0.7955799999999991,0.7956499999999991,0.7951599999999991,0.7955499999999991,2073
2026-07-16T07:30:00+00:00,0.7955499999999991,0.7958399999999991,0.7954799999999991,0.795609999999999,1379
2026-07-16T07:45:00+00:00,0.795609999999999,0.7958499999999991,0.7952799999999991,0.795779999999999,2052
2026-07-16T08:00:00+00:00,0.795779999999999,0.7964599999999991,0.7956699999999991,0.7963599999999991,1977
2026-07-16T08:15:00+00:00,0.7963599999999991,0.7965699999999991,0.7962299999999991,0.7963499999999991,1782
2026-07-16T08:30:00+00:00,0.7963499999999991,0.796489999999999,0.796169999999999,0.796439999999999,1634
2026-07-16T08:45:00+00:00,0.796439999999999,0.7968199999999991,0.796439999999999,0.796559999999999,1364
2026-07-16T09:00:00+00:00,0.796559999999999,0.7969199999999991,0.7965299999999991,0.796729999999999,1734
2026-07-16T09:15:00+00:00,0.796729999999999,0.7968099999999991,0.7965199999999991,0.7967399999999991,1643
2026-07-16T09:30:00+00:00,0.7967399999999991,0.7971299999999991,0.796729999999999,0.796899999999999,1869
2026-07-16T09:45:00+00:00,0.796899999999999,0.7969599999999991,0.7967199999999991,0.796899999999999,1449
2026-07-16T10:00:00+00:00,0.796899999999999,0.7970399999999991,0.7968399999999991,0.796899999999999,1609
2026-07-16T10:15:00+00:00,0.796899999999999,0.7969599999999991,0.7966499999999991,0.7969399999999991,1396
2026-07-16T10:30:00+00:00,0.7969399999999991,0.7971799999999991,0.796899999999999,0.796949999999999,1240
2026-07-16T10:45:00+00:00,0.796949999999999,0.7970699999999991,0.7965399999999991,0.797049999999999,1757
2026-07-16T11:00:00+00:00,0.797049999999999,0.7971099999999991,0.7966299999999991,0.7967899999999991,1499
2026-07-16T11:15:00+00:00,0.7967899999999991,0.7969699999999991,0.7965499999999991,0.7968699999999991,1380
2026-07-16T11:30:00+00:00,0.7968699999999991,0.7969099999999991,0.7963099999999991,0.7964099999999991,1586
2026-07-16T11:45:00+00:00,0.7964099999999991,0.7969599999999991,0.7961999999999991,0.7962599999999991,3579
2026-07-16T12:00:00+00:00,0.7962599999999991,0.7965399999999991,0.795899999999999,0.796489999999999,2211
2026-07-16T12:15:00+00:00,0.796489999999999,0.796879999999999,0.7964699999999991,0.796659999999999,2402
2026-07-16T12:30:00+00:00,0.796659999999999,0.7975999999999991,0.796439999999999,0.7974599999999991,3296
2026-07-16T12:45:00+00:00,0.7974599999999991,0.7978699999999991,0.7972099999999991,0.7978099999999991,2799
2026-07-16T13:00:00+00:00,0.7978099999999991,0.7979299999999991,0.7971799999999991,0.7972099999999991,3098
2026-07-16T13:15:00+00:00,0.7972099999999991,0.7973999999999991,0.797049999999999,0.797119999999999,2520
2026-07-16T13:30:00+00:00,0.797119999999999,0.7975399999999991,0.7969799999999991,0.797509999999999,3030
2026-07-16T13:45:00+00:00,0.797509999999999,0.7978699999999991,0.797489999999999,0.7975899999999991,2674
2026-07-16T14:00:00+00:00,0.7975899999999991,0.7980299999999991,0.7971399999999991,0.7978499999999991,3284
2026-07-16T14:15:00+00:00,0.7978499999999991,0.7980399999999991,0.7975899999999991,0.7979299999999991,2188
2026-07-16T14:30:00+00:00,0.7979299999999991,0.7982899999999991,0.7976799999999991,0.7981799999999991,2053
2026-07-16T14:45:00+00:00,0.7981799999999991,0.7984999999999991,0.7980699999999991,0.7982799999999991,2857
2026-07-16T15:00:00+00:00,0.7982799999999991,0.7985199999999991,0.7980199999999991,0.7980299999999991,2635
2026-07-16T15:15:00+00:00,0.7980299999999991,0.7980299999999991,0.7976999999999991,0.7980199999999991,1962
2026-07-16T15:30:00+00:00,0.7980199999999991,0.7981099999999991,0.7975899999999991,0.7976399999999991,1878
2026-07-16T15:45:00+00:00,0.7976399999999991,0.797729999999999,0.7973099999999991,0.7975999999999991,1682
2026-07-16T16:00:00+00:00,0.7975999999999991,0.7980699999999991,0.7975399999999991,0.7980299999999991,1596
2026-07-16T16:15:00+00:00,0.7980299999999991,0.7989399999999991,0.7980199999999991,0.7988899999999991,2326
2026-07-16T16:30:00+00:00,0.7988899999999991,0.799049999999999,0.7986699999999991,0.7988599999999991,1448
2026-07-16T16:45:00+00:00,0.7988599999999991,0.7991499999999991,0.7987899999999991,0.7990899999999991,1396
2026-07-16T17:00:00+00:00,0.7990899999999991,0.7993499999999991,0.799049999999999,0.7992499999999991,1294
2026-07-16T17:15:00+00:00,0.7992499999999991,0.7992599999999991,0.798949999999999,0.7989699999999991,1042
2026-07-16T17:30:00+00:00,0.7989699999999991,0.7990599999999991,0.798779999999999,0.7988599999999991,1183
2026-07-16T17:45:00+00:00,0.7988599999999991,0.7989199999999991,0.7983799999999991,0.798559999999999,1256
2026-07-16T18:00:00+00:00,0.798559999999999,0.798709999999999,0.7984099999999991,0.798439999999999,1160
2026-07-16T18:15:00+00:00,0.798439999999999,0.7986499999999991,0.798389999999999,0.7986199999999991,1365
2026-07-16T18:30:00+00:00,0.7986199999999991,0.7987499999999991,0.7985899999999991,0.798659999999999,1388
2026-07-16T18:45:00+00:00,0.798659999999999,0.7987199999999991,0.7984699999999991,0.798509999999999,1182
2026-07-16T19:00:00+00:00,0.798509999999999,0.798609999999999,0.7983799999999991,0.7985799999999991,1779
2026-07-16T19:15:00+00:00,0.7985799999999991,0.7988399999999991,0.7985399999999991,0.7988099999999991,970
2026-07-16T19:30:00+00:00,0.7988099999999991,0.798899999999999,0.7986899999999991,0.7987699999999991,967
2026-07-16T19:45:00+00:00,0.7987699999999991,0.798779999999999,0.798439999999999,0.7984999999999991,1028
2026-07-16T20:00:00+00:00,0.7984999999999991,0.7985299999999991,0.7983999999999991,0.798509999999999,655
2026-07-16T20:15:00+00:00,0.798509999999999,0.7986899999999991,0.798489999999999,0.798559999999999,356
2026-07-16T20:30:00+00:00,0.798559999999999,0.7985799999999991,0.7982599999999991,0.7982799999999991,548
2026-07-16T20:45:00+00:00,0.7982799999999991,0.7983599999999991,0.7981999999999991,0.7982999999999991,500
2026-07-16T21:00:00+00:00,0.7982999999999991,0.7985499999999991,0.7981099999999991,0.7981499999999991,78.89145877710587
2026-07-16T21:15:00+00:00,0.7981499999999991,0.7985199999999992,0.7981399999999992,0.7985199999999992,96.04782444526705
2026-07-16T21:30:00+00:00,0.7985199999999992,0.7985199999999992,0.7976799999999992,0.7979499999999993,1331.1804365100074
2026-07-16T21:45:00+00:00,0.7979499999999993,0.7984099999999992,0.7977399999999992,0.7980799999999992,1618
2026-07-16T22:00:00+00:00,0.7980799999999992,0.7985199999999992,0.7980799999999992,0.7984699999999992,218
2026-07-16T22:15:00+00:00,0.7984699999999992,0.7986899999999992,0.7984699999999992,0.7986599999999993,168.98858687490613
2026-07-16T22:30:00+00:00,0.7986599999999993,0.7987599999999992,0.7985999999999992,0.7987599999999992,195
2026-07-16T22:45:00+00:00,0.7987599999999992,0.7988499999999992,0.7987399999999991,0.7987599999999991,139.59900112775898
2026-07-16T23:00:00+00:00,0.7987599999999991,0.7988099999999991,0.7986199999999992,0.7986399999999991,286
2026-07-16T23:15:00+00:00,0.7986399999999991,0.7987099999999991,0.7985199999999991,0.7985799999999992,263.81943048576215
2026-07-16T23:30:00+00:00,0.7985799999999992,0.7986099999999992,0.7984399999999992,0.7985399999999991,330
2026-07-16T23:45:00+00:00,0.7985399999999991,0.7986999999999992,0.7985199999999991,0.7985499999999992,484
2026-07-17T00:00:00+00:00,0.7985499999999992,0.7986699999999992,0.7984199999999991,0.7986399999999991,1325
2026-07-17T00:15:00+00:00,0.7986399999999991,0.7986499999999992,0.7984499999999992,0.7986399999999991,987
2026-07-17T00:30:00+00:00,0.7986399999999991,0.7986799999999992,0.7983699999999991,0.7986199999999992,1547
2026-07-17T00:45:00+00:00,0.7986199999999992,0.7986199999999992,0.7982699999999991,0.7982799999999992,1709
2026-07-17T01:00:00+00:00,0.7982799999999992,0.7985999999999992,0.7981699999999992,0.7985099999999992,2106
2026-07-17T01:15:00+00:00,0.7985099999999992,0.7985499999999992,0.7983299999999992,0.7985399999999991,1666
2026-07-17T01:30:00+00:00,0.7985399999999991,0.7987099999999991,0.7984499999999992,0.7985899999999991,1322
2026-07-17T01:45:00+00:00,0.7985899999999991,0.7992399999999992,0.7985899999999991,0.7990799999999991,1674
2026-07-17T02:00:00+00:00,0.7990799999999991,0.7991099999999992,0.7987999999999992,0.7988199999999992,1564
2026-07-17T02:15:00+00:00,0.7988199999999992,0.7990699999999992,0.7987399999999991,0.7990399999999992,1462
2026-07-17T02:30:00+00:00,0.7990399999999992,0.7992399999999992,0.7989399999999992,0.7991099999999992,1550
2026-07-17T02:45:00+00:00,0.7991099999999992,0.7991799999999992,0.7989899999999992,0.7991599999999992,1501
2026-07-17T03:00:00+00:00,0.7991599999999992,0.7991699999999992,0.7988199999999992,0.7990199999999992,1324
2026-07-17T03:15:00+00:00,0.7990199999999992,0.7990199999999992,0.7987699999999992,0.7988799999999991,1330
2026-07-17T03:30:00+00:00,0.7988799999999991,0.7992199999999992,0.7988499999999992,0.7991599999999992,1354
2026-07-17T03:45:00+00:00,0.7991599999999992,0.7991999999999991,0.7989299999999991,0.7989399999999992,1069
2026-07-17T04:00:00+00:00,0.7989399999999992,0.7990499999999991,0.7989199999999992,0.7989999999999992,794
2026-07-17T04:15:00+00:00,0.7989999999999992,0.7991699999999992,0.7989599999999992,0.7991499999999991,1309
2026-07-17T04:30:00+00:00,0.7991499999999991,0.7991999999999991,0.7989899999999992,0.7991899999999992,1301
2026-07-17T04:45:00+00:00,0.7991899999999992,0.7993499999999991,0.7991199999999992,0.7992499999999991,1046
2026-07-17T05:00:00+00:00,0.7992499999999991,0.7993699999999991,0.7991899999999992,0.7992199999999992,842
2026-07-17T05:15:00+00:00,0.7992199999999992,0.7993099999999992,0.7990799999999991,0.7991199999999992,961
2026-07-17T05:30:00+00:00,0.7991199999999992,0.7991299999999991,0.7984999999999992,0.7986299999999992,1851
2026-07-17T05:45:00+00:00,0.7986299999999992,0.7988799999999991,0.7985399999999991,0.7988399999999992,1344
2026-07-17T06:00:00+00:00,0.7988399999999992,0.7988399999999992,0.7983799999999992,0.7983899999999992,1692
2026-07-17T06:15:00+00:00,0.7983899999999992,0.7984199999999991,0.7976999999999992,0.7979199999999992,1744
2026-07-17T06:30:00+00:00,0.7979199999999992,0.7980899999999992,0.7977499999999992,0.7979099999999991,1703
2026-07-17T06:45:00+00:00,0.7979099999999991,0.7981499999999991,0.7976599999999991,0.7979199999999992,2329
2026-07-17T07:00:00+00:00,0.7979199999999992,0.7980399999999992,0.7975799999999992,0.7978199999999992,1969
2026-07-17T07:15:00+00:00,0.7978199999999992,0.7978999999999992,0.7976599999999991,0.7976799999999992,1921
2026-07-17T07:30:00+00:00,0.7976799999999992,0.7978399999999992,0.7974299999999992,0.7975099999999992,1448
2026-07-17T07:45:00+00:00,0.7975099999999992,0.7975499999999992,0.7969299999999991,0.7972899999999992,1590
2026-07-17T08:00:00+00:00,0.7972899999999992,0.7975499999999992,0.7968099999999991,0.7974899999999991,2117
2026-07-17T08:15:00+00:00,0.7974899999999991,0.7975599999999992,0.7969999999999992,0.7970699999999992,2418
2026-07-17T08:30:00+00:00,0.7970699999999992,0.7971999999999991,0.7966199999999992,0.7966399999999991,2062
2026-07-17T08:45:00+00:00,0.7966399999999991,0.7968599999999991,0.7965199999999991,0.7965699999999992,1501
2026-07-17T09:00:00+00:00,0.7965699999999992,0.7970699999999992,0.7965399999999991,0.7969099999999991,1803
2026-07-17T09:15:00+00:00,0.7969099999999991,0.7971499999999991,0.7967999999999992,0.7969999999999992,1743
2026-07-17T09:30:00+00:00,0.7969999999999992,0.7977699999999992,0.7969899999999992,0.7976999999999992,1497
2026-07-17T09:45:00+00:00,0.7976999999999992,0.7979299999999991,0.7975099999999992,0.7975599999999992,1602
2026-07-17T10:00:00+00:00,0.7975599999999992,0.7978999999999992,0.7974599999999992,0.7974699999999991,1749
2026-07-17T10:15:00+00:00,0.7974699999999991,0.7978999999999992,0.7973499999999992,0.7977599999999991,1911
2026-07-17T10:30:00+00:00,0.7977599999999991,0.7977699999999992,0.7974799999999992,0.7975199999999991,1520
2026-07-17T10:45:00+00:00,0.7975199999999991,0.7981299999999991,0.7974699999999991,0.7980099999999992,2244
2026-07-17T11:00:00+00:00,0.7980099999999992,0.7980399999999992,0.7975599999999992,0.7977599999999991,1793
2026-07-17T11:15:00+00:00,0.7977599999999991,0.7978099999999991,0.7972699999999991,0.7973699999999991,1541
2026-07-17T11:30:00+00:00,0.7973699999999991,0.7974099999999992,0.7968799999999991,0.7970899999999992,1477
2026-07-17T11:45:00+00:00,0.7970899999999992,0.7973199999999991,0.7968999999999992,0.7972499999999991,1531
2026-07-17T12:00:00+00:00,0.7972499999999991,0.7972599999999992,0.7969599999999992,0.7971599999999992,1908
2026-07-17T12:15:00+00:00,0.7971599999999992,0.7973199999999991,0.7969099999999991,0.7969199999999992,1494
2026-07-17T12:30:00+00:00,0.7969199999999992,0.7975899999999991,0.7968899999999992,0.7975399999999991,2072
2026-07-17T12:45:00+00:00,0.7975399999999991,0.7976599999999991,0.7973299999999992,0.7974899999999991,2078
2026-07-17T13:00:00+00:00,0.7974899999999991,0.7980699999999992,0.7974599999999992,0.7979299999999991,2654
2026-07-17T13:15:00+00:00,0.7979299999999991,0.7981299999999991,0.7976299999999992,0.7978299999999992,2211
2026-07-17T13:30:00+00:00,0.7978299999999992,0.7979199999999992,0.7971599999999992,0.7973799999999992,3888
2026-07-17T13:45:00+00:00,0.7973799999999992,0.7976599999999991,0.7972699999999991,0.7974799999999992,3025
2026-07-17T14:00:00+00:00,0.7974799999999992,0.7977499999999992,0.7973399999999992,0.7974699999999991,2820
2026-07-17T14:15:00+00:00,0.7974699999999991,0.7977699999999992,0.7970699999999992,0.7976999999999992,2321
2026-07-17T14:30:00+00:00,0.7976999999999992,0.7977699999999992,0.7970599999999992,0.7970899999999992,2163
2026-07-17T14:45:00+00:00,0.7970899999999992,0.7971399999999992,0.7966599999999991,0.7967699999999992,2546
2026-07-17T15:00:00+00:00,0.7967699999999992,0.7969399999999992,0.7963799999999992,0.7965499999999992,2356
2026-07-17T15:15:00+00:00,0.7965499999999992,0.7965899999999991,0.7960999999999991,0.7964699999999991,1757
2026-07-17T15:30:00+00:00,0.7964699999999991,0.7968999999999992,0.7963099999999992,0.7968699999999992,2572
2026-07-17T15:45:00+00:00,0.7968699999999992,0.7970599999999992,0.7966999999999992,0.7969299999999991,2483
2026-07-17T16:00:00+00:00,0.7969299999999991,0.7974799999999992,0.7969099999999991,0.7971699999999992,2823
2026-07-17T16:15:00+00:00,0.7971699999999992,0.7973799999999992,0.7970999999999991,0.7971599999999992,1624
2026-07-17T16:30:00+00:00,0.7971599999999992,0.7973199999999991,0.7970799999999991,0.7972099999999992,1382
2026-07-17T16:45:00+00:00,0.7972099999999992,0.7974899999999991,0.7971599999999992,0.7974099999999992,1284
2026-07-17T17:00:00+00:00,0.7974099999999992,0.7976599999999991,0.7972999999999991,0.7976299999999992,1668
2026-07-17T17:15:00+00:00,0.7976299999999992,0.7977199999999992,0.7974699999999991,0.7975299999999992,1267
2026-07-17T17:30:00+00:00,0.7975299999999992,0.7976799999999992,0.7974299999999992,0.7976599999999991,1002
2026-07-17T17:45:00+00:00,0.7976599999999991,0.7976899999999991,0.7975699999999992,0.7976199999999992,1148
2026-07-17T18:00:00+00:00,0.7976199999999992,0.7976799999999992,0.7973799999999992,0.7974599999999992,1072
2026-07-17T18:15:00+00:00,0.7974599999999992,0.7975399999999991,0.7973299999999992,0.7974099999999992,1336
2026-07-17T18:30:00+00:00,0.7974099999999992,0.7975799999999992,0.7973599999999992,0.7975099999999992,1000
2026-07-17T18:45:00+00:00,0.7975099999999992,0.7976499999999992,0.7974899999999991,0.7975599999999992,1060
2026-07-17T19:00:00+00:00,0.7975599999999992,0.7977299999999992,0.7974899999999991,0.7976899999999991,838
2026-07-17T19:15:00+00:00,0.7976899999999991,0.7978499999999992,0.7975899999999991,0.7977099999999991,1154
2026-07-17T19:30:00+00:00,0.7977099999999991,0.7978899999999992,0.7975099999999992,0.7975799999999992,958
2026-07-17T19:45:00+00:00,0.7975799999999992,0.7976399999999991,0.7972199999999992,0.7972999999999991,1198
2026-07-17T20:00:00+00:00,0.7972999999999991,0.7975299999999992,0.7972199999999992,0.7974899999999991,595
2026-07-17T20:15:00+00:00,0.7974899999999991,0.7977699999999992,0.7974299999999992,0.7976399999999991,450
2026-07-17T20:30:00+00:00,0.7976399999999991,0.7977199999999992,0.7975899999999991,0.7976099999999992,320
2026-07-17T20:45:00+00:00,0.7976099999999992,0.7976699999999992,0.7967599999999991,0.7967699999999992,494
2026-07-19T21:00:00+00:00,0.7967699999999992,0.7967699999999992,0.7960999999999991,0.7963399999999993,39.92955537182796
2026-07-19T21:15:00+00:00,0.7963399999999993,0.7971399999999993,0.7963099999999993,0.7970799999999993,187.05845455150512
2026-07-19T21:30:00+00:00,0.7970799999999993,0.7971699999999994,0.7967299999999992,0.7968499999999992,846.8203664818027
2026-07-19T21:45:00+00:00,0.7968499999999992,0.7969299999999991,0.7960399999999992,0.7966599999999991,993.7793517918637
2026-07-19T22:00:00+00:00,0.7966599999999991,0.7975099999999992,0.7966599999999991,0.7972199999999992,966
2026-07-19T22:15:00+00:00,0.7972199999999992,0.7973799999999991,0.7970999999999991,0.7972599999999991,1010
2026-07-19T22:30:00+00:00,0.7972599999999991,0.7973499999999991,0.7971299999999991,0.7972799999999991,840
2026-07-19T22:45:00+00:00,0.7972799999999991,0.7974799999999991,0.7972099999999991,0.7974599999999992,251
2026-07-19T23:00:00+00:00,0.7974599999999992,0.7975999999999991,0.7973799999999991,0.7975999999999991,403
2026-07-19T23:15:00+00:00,0.7975999999999991,0.7977199999999991,0.7975299999999991,0.7975699999999991,458
2026-07-19T23:30:00+00:00,0.7975699999999991,0.7976499999999991,0.7974299999999991,0.7974399999999991,443
2026-07-19T23:45:00+00:00,0.7974399999999991,0.7975199999999991,0.7972699999999991,0.7973399999999992,838
2026-07-20T00:00:00+00:00,0.7973399999999992,0.7974099999999992,0.7971199999999992,0.7972799999999991,1491
2026-07-20T00:15:00+00:00,0.7972799999999991,0.7972999999999991,0.7971299999999991,0.7971999999999991,1207
2026-07-20T00:30:00+00:00,0.7971999999999991,0.7972999999999991,0.7971099999999991,0.7971399999999992,1105
2026-07-20T00:45:00+00:00,0.7971399999999992,0.7971499999999991,0.7968799999999991,0.7969199999999991,1250
2026-07-20T01:00:00+00:00,0.7969199999999991,0.7970699999999992,0.7966199999999991,0.7970199999999992,1685
2026-07-20T01:15:00+00:00,0.7970199999999992,0.7970599999999991,0.7968099999999991,0.7968099999999991,1392
2026-07-20T01:30:00+00:00,0.7968099999999991,0.7970799999999991,0.7966999999999991,0.7969899999999991,1479
2026-07-20T01:45:00+00:00,0.7969899999999991,0.7970999999999991,0.7967799999999992,0.7967799999999992,1216
2026-07-20T02:00:00+00:00,0.7967799999999992,0.7968699999999991,0.7965799999999992,0.7967199999999991,1261
2026-07-20T02:15:00+00:00,0.7967199999999991,0.7967599999999991,0.7965099999999992,0.7965299999999991,924
2026-07-20T02:30:00+00:00,0.7965299999999991,0.7966299999999992,0.7962099999999991,0.7964199999999991,1361
2026-07-20T02:45:00+00:00,0.7964199999999991,0.7964899999999991,0.7962899999999992,0.7963899999999992,1301
2026-07-20T03:00:00+00:00,0.7963899999999992,0.7964199999999991,0.7962699999999991,0.7962999999999991,919
2026-07-20T03:15:00+00:00,0.7962999999999991,0.7963499999999991,0.7961899999999992,0.7962299999999991,670
2026-07-20T03:30:00+00:00,0.7962299999999991,0.7963499999999991,0.7961599999999991,0.7961999999999991,700
2026-07-20T03:45:00+00:00,0.7961999999999991,0.7962799999999991,0.7961699999999992,0.7962199999999992,610
2026-07-20T04:00:00+00:00,0.7962199999999992,0.7962399999999992,0.7960599999999991,0.7961299999999991,623
2026-07-20T04:15:00+00:00,0.7961299999999991,0.7961299999999991,0.7959099999999991,0.7959499999999992,688
2026-07-20T04:30:00+00:00,0.7959499999999992,0.7959899999999991,0.7958699999999991,0.7959299999999991,629
2026-07-20T04:45:00+00:00,0.7959299999999991,0.7959999999999992,0.7958499999999992,0.7958899999999991,551
2026-07-20T05:00:00+00:00,0.7958899999999991,0.7959499999999992,0.7958299999999991,0.7958999999999992,637
2026-07-20T05:15:00+00:00,0.7958999999999992,0.7960999999999991,0.7958499999999992,0.7960899999999991,617
2026-07-20T05:30:00+00:00,0.7960899999999991,0.7961499999999991,0.7960199999999992,0.7961299999999991,706
2026-07-20T05:45:00+00:00,0.7961299999999991,0.7962699999999991,0.7960499999999991,0.7962399999999992,807
2026-07-20T06:00:00+00:00,0.7962399999999992,0.7962899999999992,0.7959499999999992,0.7961199999999992,1182
2026-07-20T06:15:00+00:00,0.7961199999999992,0.7961999999999991,0.7959299999999991,0.7960899999999991,1423
2026-07-20T06:30:00+00:00,0.7960899999999991,0.7962199999999992,0.7959399999999991,0.7961699999999992,1385
2026-07-20T06:45:00+00:00,0.7961699999999992,0.7962399999999992,0.7959299999999991,0.7962299999999991,1645
2026-07-20T07:00:00+00:00,0.7962299999999991,0.7964999999999991,0.7960199999999992,0.7964399999999991,1665
2026-07-20T07:15:00+00:00,0.7964399999999991,0.7965999999999991,0.7960099999999991,0.7960599999999991,2044
2026-07-20T07:30:00+00:00,0.7960599999999991,0.7960999999999991,0.7950399999999991,0.7950699999999992,2994
2026-07-20T07:45:00+00:00,0.7950699999999992,0.7954499999999991,0.7949899999999991,0.7952899999999992,2171
2026-07-20T08:00:00+00:00,0.7952899999999992,0.7956199999999991,0.7952199999999991,0.7955099999999992,1497
2026-07-20T08:15:00+00:00,0.7955099999999992,0.7957499999999992,0.7953599999999992,0.7956999999999991,1341
2026-07-20T08:30:00+00:00,0.7956999999999991,0.7957499999999992,0.7951999999999991,0.7954299999999991,1212
2026-07-20T08:45:00+00:00,0.7954299999999991,0.7959699999999992,0.7953899999999992,0.7958699999999991,1263
2026-07-20T09:00:00+00:00,0.7958699999999991,0.7963799999999991,0.7957899999999991,0.7963499999999991,1391
2026-07-20T09:15:00+00:00,0.7963499999999991,0.7969199999999991,0.7962799999999991,0.7968599999999991,1280
2026-07-20T09:30:00+00:00,0.7968599999999991,0.7969699999999992,0.7965999999999991,0.7966899999999991,1305
2026-07-20T09:45:00+00:00,0.7966899999999991,0.7971199999999992,0.7966899999999991,0.7969099999999991,1142
2026-07-20T10:00:00+00:00,0.7969099999999991,0.7970699999999992,0.7965099999999992,0.7966099999999992,1564
2026-07-20T10:15:00+00:00,0.7966099999999992,0.7967199999999991,0.7964599999999992,0.7966599999999991,873
2026-07-20T10:30:00+00:00,0.7966599999999991,0.7967299999999992,0.7963599999999992,0.7964999999999991,1005
2026-07-20T10:45:00+00:00,0.7964999999999991,0.7968199999999991,0.7964699999999991,0.7967799999999992,1388
2026-07-20T11:00:00+00:00,0.7967799999999992,0.7971999999999991,0.7966499999999991,0.7970999999999991,1639
2026-07-20T11:15:00+00:00,0.7970999999999991,0.7971499999999991,0.7966399999999991,0.7966599999999991,1447
2026-07-20T11:30:00+00:00,0.7966599999999991,0.7966699999999991,0.7959699999999992,0.7962099999999991,5552
2026-07-20T11:45:00+00:00,0.7962099999999991,0.7967499999999992,0.7961999999999991,0.7966599999999991,2168
2026-07-20T12:00:00+00:00,0.7966599999999991,0.7977899999999991,0.7966599999999991,0.7976399999999991,3001
2026-07-20T12:15:00+00:00,0.7976399999999991,0.7982499999999991,0.7976199999999991,0.7979799999999991,2027
2026-07-20T12:30:00+00:00,0.7979799999999991,0.7981399999999991,0.7976799999999992,0.7979799999999991,1830
2026-07-20T12:45:00+00:00,0.7979799999999991,0.7979799999999991,0.7974299999999991,0.7976799999999992,1832
2026-07-20T13:00:00+00:00,0.7976799999999992,0.7981799999999991,0.7975699999999991,0.7980199999999992,2206
2026-07-20T13:15:00+00:00,0.7980199999999992,0.7981999999999991,0.7978199999999991,0.7978499999999992,1662
2026-07-20T13:30:00+00:00,0.7978499999999992,0.7984999999999991,0.7977499999999992,0.7984399999999992,2415
2026-07-20T13:45:00+00:00,0.7984399999999992,0.7985099999999992,0.7980099999999991,0.7983599999999992,1863
2026-07-20T14:00:00+00:00,0.7983599999999992,0.7987199999999991,0.7981499999999991,0.7985699999999991,2036
2026-07-20T14:15:00+00:00,0.7985699999999991,0.7987399999999991,0.7982899999999992,0.7983699999999991,2327
2026-07-20T14:30:00+00:00,0.7983699999999991,0.7991799999999991,0.7983699999999991,0.7991599999999991,2465
2026-07-20T14:45:00+00:00,0.7991599999999991,0.7996399999999991,0.7989599999999991,0.7992099999999991,2762
2026-07-20T15:00:00+00:00,0.7992099999999991,0.7993999999999991,0.7989699999999992,0.7993599999999992,3130
2026-07-20T15:15:00+00:00,0.7993599999999992,0.7994899999999991,0.7990199999999992,0.7990299999999991,1595
2026-07-20T15:30:00+00:00,0.7990299999999991,0.7993999999999991,0.7989999999999992,0.7993499999999991,1949
2026-07-20T15:45:00+00:00,0.7993499999999991,0.7993799999999991,0.7990299999999991,0.7991999999999991,1332
2026-07-20T16:00:00+00:00,0.7991999999999991,0.7992399999999992,0.7988099999999991,0.7989299999999991,1389
2026-07-20T16:15:00+00:00,0.7989299999999991,0.7991599999999991,0.7988399999999991,0.7990499999999991,1019
2026-07-20T16:30:00+00:00,0.7990499999999991,0.7995499999999991,0.7989199999999991,0.7990999999999991,2095
2026-07-20T16:45:00+00:00,0.7990999999999991,0.7992399999999992,0.7990099999999991,0.7991799999999991,1405
2026-07-20T17:00:00+00:00,0.7991799999999991,0.7991799999999991,0.7988199999999991,0.7990699999999992,1315
2026-07-20T17:15:00+00:00,0.7990699999999992,0.7990799999999991,0.7986899999999991,0.7987599999999991,929
2026-07-20T17:30:00+00:00,0.7987599999999991,0.7989399999999991,0.7987299999999992,0.7989099999999991,535
2026-07-20T17:45:00+00:00,0.7989099999999991,0.7989699999999992,0.7988199999999991,0.7989099999999991,624
2026-07-20T18:00:00+00:00,0.7989099999999991,0.7989399999999991,0.7987599999999991,0.7988199999999991,620
2026-07-20T18:15:00+00:00,0.7988199999999991,0.7988399999999991,0.7985899999999991,0.7987099999999991,985
2026-07-20T18:30:00+00:00,0.7987099999999991,0.7989999999999992,0.7986899999999991,0.7989899999999991,1008
2026-07-20T18:45:00+00:00,0.7989899999999991,0.7990699999999992,0.7987999999999992,0.7988299999999992,1056
2026-07-20T19:00:00+00:00,0.7988299999999992,0.7990499999999991,0.7987399999999991,0.7989999999999992,975
2026-07-20T19:15:00+00:00,0.7989999999999992,0.7990699999999992,0.7985999999999991,0.7986499999999991,1049
2026-07-20T19:30:00+00:00,0.7986499999999991,0.7988699999999991,0.7986099999999992,0.7988699999999991,1078
2026-07-20T19:45:00+00:00,0.7988699999999991,0.7989999999999992,0.7987799999999992,0.7988999999999992,1157
2026-07-20T20:00:00+00:00,0.7988999999999992,0.7991599999999991,0.7988199999999991,0.7991099999999991,527
2026-07-20T20:15:00+00:00,0.7991099999999991,0.7992299999999991,0.7990399999999991,0.7990399999999991,330
2026-07-20T20:30:00+00:00,0.7990399999999991,0.7991799999999991,0.7990199999999992,0.7991599999999991,316
2026-07-20T20:45:00+00:00,0.7991599999999991,0.7991999999999991,0.7979899999999991,0.7980799999999991,537
2026-07-20T21:00:00+00:00,0.7980799999999991,0.7986399999999991,0.7967099999999991,0.7981199999999992,86.84479731282305
2026-07-20T21:15:00+00:00,0.7981199999999992,0.7983199999999991,0.7979899999999992,0.7983199999999991,111.8420860477618
2026-07-20T21:30:00+00:00,0.7983199999999991,0.7991799999999991,0.7980199999999992,0.7988299999999992,1221.2460499692686
2026-07-20T21:45:00+00:00,0.7988299999999992,0.7992999999999991,0.7985299999999992,0.7992499999999991,945
2026-07-20T22:00:00+00:00,0.7992499999999991,0.7994599999999992,0.7990799999999991,0.7993199999999991,507
2026-07-20T22:15:00+00:00,0.7993199999999991,0.7993999999999991,0.7992799999999991,0.7993799999999992,252
2026-07-20T22:30:00+00:00,0.7993799999999992,0.7994099999999992,0.7993299999999992,0.7993499999999991,162
2026-07-20T22:45:00+00:00,0.7993499999999991,0.7993599999999992,0.7991899999999992,0.7992399999999992,300
2026-07-20T23:00:00+00:00,0.7992399999999992,0.7993299999999992,0.7991999999999991,0.7992799999999991,321
2026-07-20T23:15:00+00:00,0.7992799999999991,0.7993199999999991,0.7991799999999991,0.7993099999999992,243
2026-07-20T23:30:00+00:00,0.7993099999999992,0.7993199999999991,0.7992199999999992,0.7992899999999992,193
2026-07-20T23:45:00+00:00,0.7992899999999992,0.7993199999999991,0.7989599999999991,0.7989899999999992,630
2026-07-21T00:00:00+00:00,0.7989899999999992,0.7992399999999992,0.7988499999999992,0.7991599999999992,1417
2026-07-21T00:15:00+00:00,0.7991599999999992,0.7994799999999992,0.7991599999999992,0.7994199999999991,903
2026-07-21T00:30:00+00:00,0.7994199999999991,0.7995299999999992,0.7992899999999992,0.7992899999999992,789
2026-07-21T00:45:00+00:00,0.7992899999999992,0.7994199999999991,0.7991199999999992,0.7994199999999991,1321
2026-07-21T01:00:00+00:00,0.7994199999999991,0.7994799999999992,0.7991799999999991,0.7993099999999992,1380
2026-07-21T01:15:00+00:00,0.7993099999999992,0.7993699999999991,0.7990399999999992,0.7991999999999991,1623
2026-07-21T01:30:00+00:00,0.7991999999999991,0.7994699999999991,0.7990599999999991,0.7992699999999991,1825
2026-07-21T01:45:00+00:00,0.7992699999999991,0.7994599999999992,0.7992599999999992,0.7994499999999991,1676
2026-07-21T02:00:00+00:00,0.7994499999999991,0.7994499999999991,0.7992699999999991,0.7993499999999991,1546
2026-07-21T02:15:00+00:00,0.7993499999999991,0.7994999999999992,0.7992099999999992,0.7994999999999992,1059
2026-07-21T02:30:00+00:00,0.7994999999999992,0.7995099999999992,0.7993399999999992,0.7994699999999991,874
2026-07-21T02:45:00+00:00,0.7994699999999991,0.7996199999999991,0.7994699999999991,0.7995599999999992,1067
2026-07-21T03:00:00+00:00,0.7995599999999992,0.7998299999999992,0.7994599999999992,0.7997999999999992,876
2026-07-21T03:15:00+00:00,0.7997999999999992,0.7998099999999991,0.7996499999999992,0.7997199999999992,950
2026-07-21T03:30:00+00:00,0.7997199999999992,0.7997299999999992,0.7995699999999991,0.7996299999999992,813
2026-07-21T03:45:00+00:00,0.7996299999999992,0.7996999999999992,0.7994199999999991,0.7996799999999992,1026
2026-07-21T04:00:00+00:00,0.7996799999999992,0.7996999999999992,0.7994399999999992,0.7994599999999992,768
2026-07-21T04:15:00+00:00,0.7994599999999992,0.7994899999999991,0.7993899999999992,0.7994599999999992,538
2026-07-21T04:30:00+00:00,0.7994599999999992,0.7994599999999992,0.7992699999999991,0.7992999999999991,697
2026-07-21T04:45:00+00:00,0.7992999999999991,0.7993399999999992,0.7991999999999991,0.7992399999999992,629
2026-07-21T05:00:00+00:00,0.7992399999999992,0.7993799999999992,0.7991499999999991,0.7993599999999992,694
2026-07-21T05:15:00+00:00,0.7993599999999992,0.7994299999999992,0.7992699999999991,0.7993399999999992,747
2026-07-21T05:30:00+00:00,0.7993399999999992,0.7993599999999992,0.7989199999999992,0.7989299999999991,980
2026-07-21T05:45:00+00:00,0.7989299999999991,0.7992799999999991,0.7989299999999991,0.7992399999999992,1041
2026-07-21T06:00:00+00:00,0.7992399999999992,0.7993299999999992,0.7987599999999991,0.7989599999999991,1384
2026-07-21T06:15:00+00:00,0.7989599999999991,0.7989999999999992,0.7986599999999991,0.7987899999999991,1665
2026-07-21T06:30:00+00:00,0.7987899999999991,0.7990599999999991,0.7987599999999991,0.7988499999999992,1351
2026-07-21T06:45:00+00:00,0.7988499999999992,0.7989699999999992,0.7986799999999992,0.7989499999999992,1786
2026-07-21T07:00:00+00:00,0.7989499999999992,0.7989499999999992,0.7984899999999991,0.7987199999999992,1777
2026-07-21T07:15:00+00:00,0.7987199999999992,0.7987999999999992,0.7980699999999992,0.7985999999999992,1922
2026-07-21T07:30:00+00:00,0.7985999999999992,0.7988399999999991,0.7984799999999992,0.7987599999999991,1348
2026-07-21T07:45:00+00:00,0.7987599999999991,0.7989799999999991,0.7985199999999991,0.7987999999999992,2026
2026-07-21T08:00:00+00:00,0.7987999999999992,0.7988799999999991,0.7985299999999992,0.7985999999999992,1630
2026-07-21T08:15:00+00:00,0.7985999999999992,0.7992299999999991,0.7985999999999992,0.7992099999999992,1469
2026-07-21T08:30:00+00:00,0.7992099999999992,0.7997199999999992,0.7992099999999992,0.7993399999999992,1905
2026-07-21T08:45:00+00:00,0.7993399999999992,0.7994599999999992,0.7992099999999992,0.7992599999999992,1865
2026-07-21T09:00:00+00:00,0.7992599999999992,0.7994099999999992,0.7989799999999991,0.7990499999999991,1209
2026-07-21T09:15:00+00:00,0.7990499999999991,0.7993499999999991,0.7987899999999991,0.7993199999999991,1485
2026-07-21T09:30:00+00:00,0.7993199999999991,0.7993999999999991,0.7987799999999992,0.7989899999999992,1885
2026-07-21T09:45:00+00:00,0.7989899999999992,0.7990199999999992,0.7986899999999991,0.7989499999999992,1305
2026-07-21T10:00:00+00:00,0.7989499999999992,0.7989699999999992,0.7982199999999992,0.7983899999999992,2309
2026-07-21T10:15:00+00:00,0.7983899999999992,0.7986099999999992,0.7982699999999991,0.7983099999999992,1404
2026-07-21T10:30:00+00:00,0.7983099999999992,0.7987099999999991,0.7982399999999992,0.7985999999999992,1256
2026-07-21T10:45:00+00:00,0.7985999999999992,0.7992199999999992,0.7985899999999991,0.7990799999999991,1345
2026-07-21T11:00:00+00:00,0.7990799999999991,0.7997399999999991,0.7990099999999991,0.7995699999999991,2051
2026-07-21T11:15:00+00:00,0.7995699999999991,0.7996499999999992,0.7993099999999992,0.7994299999999992,1619
2026-07-21T11:30:00+00:00,0.7994299999999992,0.7995599999999992,0.7992199999999992,0.7993599999999992,1374
2026-07-21T11:45:00+00:00,0.7993599999999992,0.7997799999999992,0.7993199999999991,0.7996199999999991,1435
2026-07-21T12:00:00+00:00,0.7996199999999991,0.7999999999999992,0.7994499999999991,0.7998899999999991,1720
2026-07-21T12:15:00+00:00,0.7998899999999991,0.8001599999999992,0.7996099999999992,0.8001299999999991,2273
2026-07-21T12:30:00+00:00,0.8001299999999991,0.8002699999999991,0.7996899999999991,0.8000999999999991,1943
2026-07-21T12:45:00+00:00,0.8000999999999991,0.8001099999999992,0.7996699999999991,0.7997799999999992,2061
2026-07-21T13:00:00+00:00,0.7997799999999992,0.8000599999999991,0.7997199999999992,0.7998899999999991,1960
2026-07-21T13:15:00+00:00,0.7998899999999991,0.8004599999999992,0.7998699999999992,0.8003599999999992,2058
2026-07-21T13:30:00+00:00,0.8003599999999992,0.8010799999999991,0.8001999999999991,0.8009799999999991,2932
2026-07-21T13:45:00+00:00,0.8009799999999991,0.8009899999999992,0.8003699999999991,0.8005399999999991,2787
2026-07-21T14:00:00+00:00,0.8005399999999991,0.8005499999999992,0.7997699999999992,0.7998999999999992,2656
2026-07-21T14:15:00+00:00,0.7998999999999992,0.8008999999999992,0.7998999999999992,0.8008599999999991,2426
2026-07-21T14:30:00+00:00,0.8008599999999991,0.8017199999999992,0.8007699999999992,0.8013599999999992,2585
2026-07-21T14:45:00+00:00,0.8013599999999992,0.8018699999999992,0.8013499999999991,0.8015499999999992,3943
2026-07-21T15:00:00+00:00,0.8015499999999992,0.8017699999999992,0.8013099999999992,0.8014199999999991,2357
2026-07-21T15:15:00+00:00,0.8014199999999991,0.8014199999999991,0.8009599999999991,0.8010799999999991,2441
2026-07-21T15:30:00+00:00,0.8010799999999991,0.8013999999999991,0.8009799999999991,0.8013599999999992,2089
2026-07-21T15:45:00+00:00,0.8013599999999992,0.8015099999999992,0.8012299999999991,0.8012299999999991,1214
2026-07-21T16:00:00+00:00,0.8012299999999991,0.8013799999999992,0.8010499999999992,0.8012499999999991,1245
2026-07-21T16:15:00+00:00,0.8012499999999991,0.8013399999999992,0.8011699999999992,0.8012299999999991,1002
2026-07-21T16:30:00+00:00,0.8012299999999991,0.8013499999999991,0.8010799999999991,0.8011499999999991,1020
2026-07-21T16:45:00+00:00,0.8011499999999991,0.8012999999999991,0.8011099999999992,0.8012999999999991,917
2026-07-21T17:00:00+00:00,0.8012999999999991,0.8015399999999991,0.8012099999999992,0.8014399999999992,1374
2026-07-21T17:15:00+00:00,0.8014399999999992,0.8014599999999992,0.8012399999999992,0.8012399999999992,1011
2026-07-21T17:30:00+00:00,0.8012399999999992,0.8015899999999991,0.8012399999999992,0.8014999999999991,544
2026-07-21T17:45:00+00:00,0.8014999999999991,0.8016099999999992,0.8014599999999992,0.8015499999999992,755
2026-07-21T18:00:00+00:00,0.8015499999999992,0.8020699999999992,0.8015299999999992,0.8019299999999991,1523
2026-07-21T18:15:00+00:00,0.8019299999999991,0.8022499999999991,0.8018499999999992,0.8018999999999992,1282
2026-07-21T18:30:00+00:00,0.8018999999999992,0.8021299999999991,0.8018399999999991,0.8019399999999992,1224
2026-07-21T18:45:00+00:00,0.8019399999999992,0.8020199999999992,0.8018299999999992,0.8018999999999992,1138
2026-07-21T19:00:00+00:00,0.8018999999999992,0.8020899999999992,0.8017599999999991,0.8020199999999992,1031
2026-07-21T19:15:00+00:00,0.8020199999999992,0.8020199999999992,0.8018099999999991,0.8018899999999991,739
2026-07-21T19:30:00+00:00,0.8018899999999991,0.8020599999999991,0.8018499999999992,0.8020199999999992,768
2026-07-21T19:45:00+00:00,0.8020199999999992,0.8020499999999992,0.8016299999999992,0.8016599999999992,1337
2026-07-21T20:00:00+00:00,0.8016599999999992,0.8017599999999991,0.8014999999999991,0.8017099999999991,737
2026-07-21T20:15:00+00:00,0.8017099999999991,0.8018699999999992,0.8016599999999992,0.8016599999999992,540
2026-07-21T20:30:00+00:00,0.8016599999999992,0.8017999999999992,0.8016599999999992,0.8017899999999991,166
2026-07-21T20:45:00+00:00,0.8017899999999991,0.8019299999999991,0.8016799999999992,0.8016799999999992,436
2026-07-21T21:00:00+00:00,0.8016799999999992,0.8030599999999992,0.8016799999999992,0.8017999999999991,78.30805354979499
2026-07-21T21:15:00+00:00,0.8017999999999991,0.8025799999999991,0.8017199999999991,0.8023799999999991,131
2026-07-21T21:30:00+00:00,0.8023799999999991,0.8026599999999992,0.8017099999999991,0.8023799999999991,329
2026-07-21T21:45:00+00:00,0.8023799999999991,0.8025499999999991,0.8022399999999991,0.8025099999999992,702
2026-07-21T22:00:00+00:00,0.8025099999999992,0.8029799999999991,0.8024499999999991,0.8029699999999991,328
2026-07-21T22:15:00+00:00,0.8029699999999991,0.8030099999999991,0.8028799999999991,0.8029399999999991,652
2026-07-21T22:30:00+00:00,0.8029399999999991,0.8029499999999992,0.8028099999999991,0.8028999999999992,274
2026-07-21T22:45:00+00:00,0.8028999999999992,0.8030999999999991,0.8028999999999992,0.8030999999999991,219
2026-07-21T23:00:00+00:00,0.8030999999999991,0.8031299999999991,0.8030099999999991,0.8031099999999991,293
2026-07-21T23:15:00+00:00,0.8031099999999991,0.8031999999999991,0.8030699999999991,0.8031799999999991,328
2026-07-21T23:30:00+00:00,0.8031799999999991,0.8031899999999991,0.8030699999999992,0.8030999999999991,229.7965242577842
2026-07-21T23:45:00+00:00,0.8030999999999991,0.8031299999999992,0.8028099999999991,0.8028399999999992,444
2026-07-22T00:00:00+00:00,0.8028399999999992,0.8030199999999992,0.8027099999999991,0.8028699999999992,1413
2026-07-22T00:15:00+00:00,0.8028699999999992,0.8029199999999992,0.8025199999999992,0.8025999999999992,1626
2026-07-22T00:30:00+00:00,0.8025999999999992,0.8029499999999992,0.8025599999999992,0.8028799999999991,1528
2026-07-22T00:45:00+00:00,0.8028799999999991,0.8029899999999992,0.8027499999999992,0.8028699999999992,1339
2026-07-22T01:00:00+00:00,0.8028699999999992,0.8028899999999992,0.8025899999999991,0.8027499999999992,1372
2026-07-22T01:15:00+00:00,0.8027499999999992,0.8031899999999992,0.8027299999999992,0.8031299999999992,975
2026-07-22T01:30:00+00:00,0.8031299999999992,0.8035399999999991,0.8031199999999992,0.8033299999999992,1256
2026-07-22T01:45:00+00:00,0.8033299999999992,0.8033399999999992,0.8031699999999992,0.8031899999999992,700
2026-07-22T02:00:00+00:00,0.8031899999999992,0.8033499999999992,0.8030199999999992,0.8030899999999992,841
2026-07-22T02:15:00+00:00,0.8030899999999992,0.8031399999999992,0.8025799999999992,0.8027399999999992,1005
2026-07-22T02:30:00+00:00,0.8027399999999992,0.8028999999999992,0.8026799999999992,0.8028499999999992,1416
2026-07-22T02:45:00+00:00,0.8028499999999992,0.8030299999999991,0.8027899999999992,0.8028999999999992,1010
2026-07-22T03:00:00+00:00,0.8028999999999992,0.8030799999999991,0.8027499999999992,0.8029899999999992,1238
2026-07-22T03:15:00+00:00,0.8029899999999992,0.8030199999999992,0.8028099999999991,0.8028899999999992,929
2026-07-22T03:30:00+00:00,0.8028899999999992,0.8030599999999992,0.8028699999999992,0.8030299999999991,1096
2026-07-22T03:45:00+00:00,0.8030299999999991,0.8031099999999992,0.8029199999999992,0.8029499999999992,903
2026-07-22T04:00:00+00:00,0.8029499999999992,0.8033199999999991,0.8029299999999991,0.8032199999999992,778
2026-07-22T04:15:00+00:00,0.8032199999999992,0.8032899999999992,0.8031099999999992,0.8031199999999992,876
2026-07-22T04:30:00+00:00,0.8031199999999992,0.8031599999999992,0.8030399999999992,0.8030599999999992,811
2026-07-22T04:45:00+00:00,0.8030599999999992,0.8032299999999992,0.8030599999999992,0.8031399999999992,715
2026-07-22T05:00:00+00:00,0.8031399999999992,0.8031699999999992,0.8030299999999991,0.8031099999999992,958
2026-07-22T05:15:00+00:00,0.8031099999999992,0.8031999999999991,0.8030099999999992,0.8031799999999992,755
2026-07-22T05:30:00+00:00,0.8031799999999992,0.8033199999999991,0.8030599999999992,0.8030899999999992,1101
2026-07-22T05:45:00+00:00,0.8030899999999992,0.8032199999999992,0.8027699999999992,0.8028099999999991,1043
2026-07-22T06:00:00+00:00,0.8028099999999991,0.8028499999999992,0.8024199999999991,0.8025899999999991,1660
2026-07-22T06:15:00+00:00,0.8025899999999991,0.8028899999999992,0.8025799999999992,0.8028199999999992,1787
2026-07-22T06:30:00+00:00,0.8028199999999992,0.8028999999999992,0.8025299999999992,0.8026399999999991,1397
2026-07-22T06:45:00+00:00,0.8026399999999991,0.8028799999999991,0.8025499999999992,0.8026199999999992,1198
2026-07-22T07:00:00+00:00,0.8026199999999992,0.8027899999999992,0.8022099999999992,0.8022599999999992,1609
2026-07-22T07:15:00+00:00,0.8022599999999992,0.8024299999999992,0.8019199999999992,0.8021099999999992,1603
2026-07-22T07:30:00+00:00,0.8021099999999992,0.8025899999999991,0.8015199999999992,0.8024799999999992,3051
2026-07-22T07:45:00+00:00,0.8024799999999992,0.8027099999999991,0.8021599999999992,0.8022899999999992,1745
2026-07-22T08:00:00+00:00,0.8022899999999992,0.8024699999999991,0.8021699999999992,0.8024599999999992,1819
2026-07-22T08:15:00+00:00,0.8024599999999992,0.8025799999999992,0.8019699999999992,0.8021099999999992,1540
2026-07-22T08:30:00+00:00,0.8021099999999992,0.8021299999999992,0.8017799999999992,0.8019999999999992,1345
2026-07-22T08:45:00+00:00,0.8019999999999992,0.8023099999999992,0.8018799999999991,0.8020399999999992,1313
2026-07-22T09:00:00+00:00,0.8020399999999992,0.8020999999999991,0.8017699999999992,0.8020099999999992,1684
2026-07-22T09:15:00+00:00,0.8020099999999992,0.8022399999999992,0.8019699999999992,0.8021199999999992,1378
2026-07-22T09:30:00+00:00,0.8021199999999992,0.8025299999999992,0.8018999999999992,0.8025299999999992,1586
2026-07-22T09:45:00+00:00,0.8025299999999992,0.8029499999999992,0.8024099999999992,0.8027599999999991,1745
2026-07-22T10:00:00+00:00,0.8027599999999991,0.8031299999999992,0.8026999999999992,0.8029399999999992,1393
2026-07-22T10:15:00+00:00,0.8029399999999992,0.8030399999999992,0.8027399999999992,0.8028699999999992,1161
2026-07-22T10:30:00+00:00,0.8028699999999992,0.8029499999999992,0.8025599999999992,0.8027199999999992,1197
2026-07-22T10:45:00+00:00,0.8027199999999992,0.8028699999999992,0.8026499999999992,0.8028199999999992,1384
2026-07-22T11:00:00+00:00,0.8028199999999992,0.8029499999999992,0.8027599999999991,0.8028499999999992,1284
2026-07-22T11:15:00+00:00,0.8028499999999992,0.8030199999999992,0.8027099999999991,0.8028299999999992,1088
2026-07-22T11:30:00+00:00,0.8028299999999992,0.8029799999999991,0.8025799999999992,0.8028799999999991,1933
2026-07-22T11:45:00+00:00,0.8028799999999991,0.8031399999999992,0.8027099999999991,0.8028299999999992,1681
2026-07-22T12:00:00+00:00,0.8028299999999992,0.8028299999999992,0.8021199999999992,0.8021199999999992,1807
2026-07-22T12:15:00+00:00,0.8021199999999992,0.8024499999999992,0.8020999999999991,0.8023699999999991,1664
2026-07-22T12:30:00+00:00,0.8023699999999991,0.8024399999999992,0.8020899999999992,0.8023899999999992,1449
2026-07-22T12:45:00+00:00,0.8023899999999992,0.8032099999999992,0.8023799999999992,0.8028099999999991,2773
2026-07-22T13:00:00+00:00,0.8028099999999991,0.8028299999999992,0.8022599999999992,0.8024899999999991,2138
2026-07-22T13:15:00+00:00,0.8024899999999991,0.8025799999999992,0.8019299999999991,0.8021099999999992,2519
2026-07-22T13:30:00+00:00,0.8021099999999992,0.8021099999999992,0.8015299999999992,0.8020499999999992,2921
2026-07-22T13:45:00+00:00,0.8020499999999992,0.8026499999999992,0.8019699999999992,0.8025199999999992,2272
2026-07-22T14:00:00+00:00,0.8025199999999992,0.8029899999999992,0.8023899999999992,0.8025399999999991,2474
2026-07-22T14:15:00+00:00,0.8025399999999991,0.8032199999999992,0.8023099999999992,0.8031399999999992,2339
2026-07-22T14:30:00+00:00,0.8031399999999992,0.8036599999999992,0.8030899999999992,0.8033599999999992,2520
2026-07-22T14:45:00+00:00,0.8033599999999992,0.8038299999999992,0.8032399999999992,0.8038199999999992,2728
2026-07-22T15:00:00+00:00,0.8038199999999992,0.8038599999999991,0.8032199999999992,0.8036099999999992,2233
2026-07-22T15:15:00+00:00,0.8036099999999992,0.8038899999999992,0.8034999999999992,0.8036099999999992,1318
2026-07-22T15:30:00+00:00,0.8036099999999992,0.8040099999999992,0.8035699999999992,0.8035799999999992,1710
2026-07-22T15:45:00+00:00,0.8035799999999992,0.8037799999999992,0.8032899999999992,0.8036099999999992,1646
2026-07-22T16:00:00+00:00,0.8036099999999992,0.8040899999999992,0.8035799999999992,0.8040899999999992,1212
2026-07-22T16:15:00+00:00,0.8040899999999992,0.8043999999999992,0.8040299999999991,0.8040799999999991,1466
2026-07-22T16:30:00+00:00,0.8040799999999991,0.8044599999999992,0.8039799999999991,0.8043499999999992,1139
2026-07-22T16:45:00+00:00,0.8043499999999992,0.8045599999999992,0.8042499999999991,0.8045599999999992,1182
2026-07-22T17:00:00+00:00,0.8045599999999992,0.8045699999999992,0.8043299999999992,0.8044799999999992,1274
2026-07-22T17:15:00+00:00,0.8044799999999992,0.8045799999999992,0.8043699999999991,0.8044699999999991,1136
2026-07-22T17:30:00+00:00,0.8044699999999991,0.8048899999999992,0.8043999999999992,0.8047199999999992,1106
2026-07-22T17:45:00+00:00,0.8047199999999992,0.8048499999999992,0.8046299999999992,0.8047199999999992,810
2026-07-22T18:00:00+00:00,0.8047199999999992,0.8049399999999992,0.8046999999999992,0.8048799999999992,1019
2026-07-22T18:15:00+00:00,0.8048799999999992,0.8049299999999991,0.8046799999999992,0.8047199999999992,934
2026-07-22T18:30:00+00:00,0.8047199999999992,0.8049099999999991,0.8046399999999991,0.8048799999999992,938
2026-07-22T18:45:00+00:00,0.8048799999999992,0.8049099999999991,0.8047799999999992,0.8048299999999992,997
2026-07-22T19:00:00+00:00,0.8048299999999992,0.8049999999999992,0.8046999999999992,0.8049899999999992,882
2026-07-22T19:15:00+00:00,0.8049899999999992,0.8050099999999992,0.8048199999999992,0.8049099999999991,745
2026-07-22T19:30:00+00:00,0.8049099999999991,0.8049799999999991,0.8048499999999992,0.8048999999999992,736
2026-07-22T19:45:00+00:00,0.8048999999999992,0.8049599999999992,0.8046599999999992,0.8046899999999991,922
2026-07-22T20:00:00+00:00,0.8046899999999991,0.8047399999999992,0.8045199999999992,0.8046099999999992,733
2026-07-22T20:15:00+00:00,0.8046099999999992,0.8047199999999992,0.8045899999999991,0.8046199999999992,322
2026-07-22T20:30:00+00:00,0.8046199999999992,0.8047499999999992,0.8045899999999991,0.8046299999999992,310
2026-07-22T20:45:00+00:00,0.8046299999999992,0.8046999999999992,0.8045499999999992,0.8046099999999992,330
2026-07-22T21:00:00+00:00,0.8046099999999992,0.8046099999999992,0.8039799999999991,0.8044299999999991,93.16510840206779
2026-07-22T21:15:00+00:00,0.8044299999999991,0.8045199999999991,0.8044299999999991,0.8045199999999991,157.33663366336634
2026-07-22T21:30:00+00:00,0.8045199999999991,0.8046399999999991,0.8039999999999992,0.8046399999999991,180
2026-07-22T21:45:00+00:00,0.8046399999999991,0.8046999999999992,0.8044999999999991,0.8045399999999991,153.36737639841212
2026-07-22T22:00:00+00:00,0.8045399999999991,0.8049399999999991,0.8045399999999991,0.8048499999999991,506
2026-07-22T22:15:00+00:00,0.8048499999999991,0.8048699999999991,0.8047499999999991,0.8048199999999991,506
2026-07-22T22:30:00+00:00,0.8048199999999991,0.8049299999999991,0.8047299999999991,0.8048699999999991,285
2026-07-22T22:45:00+00:00,0.8048699999999991,0.8048999999999991,0.804749999999999,0.804749999999999,205.47612903225806
2026-07-22T23:00:00+00:00,0.804749999999999,0.804749999999999,0.804569999999999,0.804609999999999,431
2026-07-22T23:15:00+00:00,0.804609999999999,0.804659999999999,0.804449999999999,0.804599999999999,376
2026-07-22T23:30:00+00:00,0.804599999999999,0.804679999999999,0.804529999999999,0.8045699999999989,251.2293984881953
2026-07-22T23:45:00+00:00,0.8045699999999989,0.804629999999999,0.804429999999999,0.8044699999999989,432
2026-07-23T00:00:00+00:00,0.8044699999999989,0.8044699999999989,0.8042799999999989,0.8044399999999989,1148
2026-07-23T00:15:00+00:00,0.8044399999999989,0.804529999999999,0.8042299999999989,0.8043699999999989,952
2026-07-23T00:30:00+00:00,0.8043699999999989,0.804379999999999,0.804159999999999,0.8041799999999989,690
2026-07-23T00:45:00+00:00,0.8041799999999989,0.8044999999999989,0.8040999999999989,0.804119999999999,1517
2026-07-23T01:00:00+00:00,0.804119999999999,0.804239999999999,0.803849999999999,0.804189999999999,1442
2026-07-23T01:15:00+00:00,0.804189999999999,0.8042699999999989,0.804139999999999,0.8042499999999989,893
2026-07-23T01:30:00+00:00,0.8042499999999989,0.8042699999999989,0.803919999999999,0.8041299999999989,2112
2026-07-23T01:45:00+00:00,0.8041299999999989,0.804379999999999,0.804119999999999,0.804339999999999,1447
2026-07-23T02:00:00+00:00,0.804339999999999,0.804379999999999,0.804209999999999,0.804239999999999,1231
2026-07-23T02:15:00+00:00,0.804239999999999,0.8043699999999989,0.8041699999999989,0.804189999999999,943
2026-07-23T02:30:00+00:00,0.804189999999999,0.804189999999999,0.8039099999999989,0.803939999999999,1267
2026-07-23T02:45:00+00:00,0.803939999999999,0.8039799999999989,0.803699999999999,0.803729999999999,1162
2026-07-23T03:00:00+00:00,0.803729999999999,0.8039999999999989,0.8035899999999989,0.8039999999999989,1228
2026-07-23T03:15:00+00:00,0.8039999999999989,0.804019999999999,0.8035399999999989,0.803549999999999,1456
2026-07-23T03:30:00+00:00,0.803549999999999,0.803649999999999,0.8033999999999989,0.8034499999999989,869
2026-07-23T03:45:00+00:00,0.8034499999999989,0.803599999999999,0.803379999999999,0.8035599999999989,1042
2026-07-23T04:00:00+00:00,0.8035599999999989,0.8036199999999989,0.8032199999999989,0.8033299999999989,1446
2026-07-23T04:15:00+00:00,0.8033299999999989,0.8035599999999989,0.803289999999999,0.803309999999999,1103
2026-07-23T04:30:00+00:00,0.803309999999999,0.8035199999999989,0.8032699999999989,0.803509999999999,874
2026-07-23T04:45:00+00:00,0.803509999999999,0.803649999999999,0.8033499999999989,0.8034499999999989,935
2026-07-23T05:00:00+00:00,0.8034499999999989,0.8034699999999989,0.803309999999999,0.803429999999999,898
2026-07-23T05:15:00+00:00,0.803429999999999,0.803729999999999,0.8034199999999989,0.803549999999999,807
2026-07-23T05:30:00+00:00,0.803549999999999,0.8036599999999989,0.803479999999999,0.8036099999999989,941
2026-07-23T05:45:00+00:00,0.8036099999999989,0.803629999999999,0.803409999999999,0.803599999999999,994
2026-07-23T06:00:00+00:00,0.803599999999999,0.803749999999999,0.803409999999999,0.8035899999999989,1406
2026-07-23T06:15:00+00:00,0.8035899999999989,0.8038599999999989,0.8035899999999989,0.803749999999999,1469
2026-07-23T06:30:00+00:00,0.803749999999999,0.8041499999999989,0.8037399999999989,0.8040299999999989,1241
2026-07-23T06:45:00+00:00,0.8040299999999989,0.8043499999999989,0.8039099999999989,0.804259999999999,1141
2026-07-23T07:00:00+00:00,0.804259999999999,0.8049099999999989,0.8042499999999989,0.804579999999999,2188
2026-07-23T07:15:00+00:00,0.804579999999999,0.8050999999999989,0.8045599999999989,0.8050799999999989,1412
2026-07-23T07:30:00+00:00,0.8050799999999989,0.805359999999999,0.8049299999999989,0.8053299999999989,1517
2026-07-23T07:45:00+00:00,0.8053299999999989,0.8058899999999989,0.8048799999999989,0.8049599999999989,2900
2026-07-23T08:00:00+00:00,0.8049599999999989,0.8053699999999989,0.804509999999999,0.8053499999999989,2021
2026-07-23T08:15:00+00:00,0.8053499999999989,0.8055199999999989,0.804969999999999,0.8051299999999989,2081
2026-07-23T08:30:00+00:00,0.8051299999999989,0.8055899999999989,0.8050599999999989,0.805409999999999,2602
2026-07-23T08:45:00+00:00,0.805409999999999,0.8054499999999989,0.804819999999999,0.8049499999999989,2480
2026-07-23T09:00:00+00:00,0.8049499999999989,0.8050099999999989,0.804479999999999,0.8050099999999989,2879
2026-07-23T09:15:00+00:00,0.8050099999999989,0.8052999999999989,0.8048099999999989,0.8051699999999989,1678
2026-07-23T09:30:00+00:00,0.8051699999999989,0.8052199999999989,0.8047799999999989,0.8048799999999989,1724
2026-07-23T09:45:00+00:00,0.8048799999999989,0.8050799999999989,0.804819999999999,0.8048599999999989,1320
2026-07-23T10:00:00+00:00,0.8048599999999989,0.805209999999999,0.8047599999999989,0.8050999999999989,1339
2026-07-23T10:15:00+00:00,0.8050999999999989,0.805289999999999,0.8050099999999989,0.8050999999999989,1494
2026-07-23T10:30:00+00:00,0.8050999999999989,0.8052299999999989,0.8048799999999989,0.8051099999999989,1583
2026-07-23T10:45:00+00:00,0.8051099999999989,0.8053999999999989,0.8050099999999989,0.8053199999999989,1839
2026-07-23T11:00:00+00:00,0.8053199999999989,0.8056099999999989,0.8052799999999989,0.8054399999999989,1542
2026-07-23T11:15:00+00:00,0.8054399999999989,0.806139999999999,0.805409999999999,0.806069999999999,1583
2026-07-23T11:30:00+00:00,0.806069999999999,0.807119999999999,0.806019999999999,0.8067599999999989,3159
2026-07-23T11:45:00+00:00,0.8067599999999989,0.806769999999999,0.805989999999999,0.8062499999999989,3020
2026-07-23T12:00:00+00:00,0.8062499999999989,0.806429999999999,0.8059599999999989,0.8060299999999989,1823
2026-07-23T12:15:00+00:00,0.8060299999999989,0.8070499999999989,0.8059399999999989,0.806949999999999,2348
2026-07-23T12:30:00+00:00,0.806949999999999,0.807429999999999,0.8067599999999989,0.807309999999999,2843
2026-07-23T12:45:00+00:00,0.807309999999999,0.807339999999999,0.8068099999999989,0.8068899999999989,2577
2026-07-23T13:00:00+00:00,0.8068899999999989,0.8079799999999989,0.806769999999999,0.807869999999999,3716
2026-07-23T13:15:00+00:00,0.807869999999999,0.807919999999999,0.807019999999999,0.8070599999999989,2813
2026-07-23T13:30:00+00:00,0.8070599999999989,0.807089999999999,0.8061799999999989,0.8066199999999989,4177
2026-07-23T13:45:00+00:00,0.8066199999999989,0.8070299999999989,0.8064199999999989,0.8069599999999989,2909
2026-07-23T14:00:00+00:00,0.8069599999999989,0.807259999999999,0.806599999999999,0.8066899999999989,3702
2026-07-23T14:15:00+00:00,0.8066899999999989,0.807239999999999,0.8065399999999989,0.8067599999999989,4386
2026-07-23T14:30:00+00:00,0.8067599999999989,0.8070299999999989,0.8063699999999989,0.806819999999999,2940
2026-07-23T14:45:00+00:00,0.806819999999999,0.8073999999999989,0.8066899999999989,0.806699999999999,3108
2026-07-23T15:00:00+00:00,0.806699999999999,0.806949999999999,0.8061999999999989,0.806799999999999,2961
2026-07-23T15:15:00+00:00,0.806799999999999,0.807379999999999,0.8067099999999989,0.807209999999999,3819
2026-07-23T15:30:00+00:00,0.807209999999999,0.8082299999999989,0.807189999999999,0.807529999999999,4000
2026-07-23T15:45:00+00:00,0.807529999999999,0.807749999999999,0.807359999999999,0.807479999999999,2314
2026-07-23T16:00:00+00:00,0.807479999999999,0.807479999999999,0.806969999999999,0.806989999999999,2630
2026-07-23T16:15:00+00:00,0.806989999999999,0.8074399999999989,0.806799999999999,0.8068099999999989,2017
2026-07-23T16:30:00+00:00,0.8068099999999989,0.806899999999999,0.806529999999999,0.8066199999999989,2058
2026-07-23T16:45:00+00:00,0.8066199999999989,0.8066399999999989,0.8063499999999989,0.8065199999999989,1428
2026-07-23T17:00:00+00:00,0.8065199999999989,0.806749999999999,0.8061499999999989,0.8067099999999989,2066
2026-07-23T17:15:00+00:00,0.8067099999999989,0.806949999999999,0.8065199999999989,0.8069099999999989,1587
2026-07-23T17:30:00+00:00,0.8069099999999989,0.807309999999999,0.806899999999999,0.807309999999999,1316
2026-07-23T17:45:00+00:00,0.807309999999999,0.807509999999999,0.8071599999999989,0.8074899999999989,1371
2026-07-23T18:00:00+00:00,0.8074899999999989,0.8075399999999989,0.8072999999999989,0.8074199999999989,1233
2026-07-23T18:15:00+00:00,0.8074199999999989,0.8075399999999989,0.8071499999999989,0.8071799999999989,1501
2026-07-23T18:30:00+00:00,0.8071799999999989,0.8073299999999989,0.8070099999999989,0.8072799999999989,1416
2026-07-23T18:45:00+00:00,0.8072799999999989,0.8073699999999989,0.807139999999999,0.8071499999999989,1301
2026-07-23T19:00:00+00:00,0.8071499999999989,0.8072799999999989,0.807019999999999,0.8072799999999989,1175
2026-07-23T19:15:00+00:00,0.8072799999999989,0.8073499999999989,0.8069799999999989,0.8069799999999989,1328
2026-07-23T19:30:00+00:00,0.8069799999999989,0.806989999999999,0.8066399999999989,0.806969999999999,1534
2026-07-23T19:45:00+00:00,0.806969999999999,0.807189999999999,0.8069099999999989,0.807019999999999,1378
2026-07-23T20:00:00+00:00,0.807019999999999,0.807019999999999,0.8068399999999989,0.8069799999999989,747
2026-07-23T20:15:00+00:00,0.8069799999999989,0.8070799999999989,0.8068399999999989,0.8068399999999989,571
2026-07-23T20:30:00+00:00,0.8068399999999989,0.8070999999999989,0.8067599999999989,0.807069999999999,400
2026-07-23T20:45:00+00:00,0.807069999999999,0.807189999999999,0.8069299999999989,0.8069299999999989,486
2026-07-23T21:00:00+00:00,0.8069299999999989,0.8078199999999989,0.8061299999999989,0.8073799999999989,186.93446079004718
2026-07-23T21:15:00+00:00,0.8073799999999989,0.8074399999999988,0.8072599999999989,0.8073199999999988,195
2026-07-23T21:30:00+00:00,0.8073199999999988,0.8075099999999988,0.8072099999999989,0.8074699999999989,262
2026-07-23T21:45:00+00:00,0.8074699999999989,0.8076199999999989,0.8069399999999989,0.8071799999999989,1578
2026-07-23T22:00:00+00:00,0.8071799999999989,0.8074599999999988,0.8071399999999989,0.8074599999999988,492
2026-07-23T22:15:00+00:00,0.8074599999999988,0.8075499999999989,0.8074299999999989,0.8075399999999989,130.8780297107115
2026-07-23T22:30:00+00:00,0.8075399999999989,0.8075699999999989,0.8073999999999989,0.8073999999999989,156
2026-07-23T22:45:00+00:00,0.8073999999999989,0.8074399999999989,0.8073299999999989,0.8073499999999989,149.68988464951198
2026-07-23T23:00:00+00:00,0.8073499999999989,0.807459999999999,0.8073499999999989,0.8074499999999989,318
2026-07-23T23:15:00+00:00,0.8074499999999989,0.807459999999999,0.8073599999999989,0.8073899999999989,230
2026-07-23T23:30:00+00:00,0.8073899999999989,0.8075799999999989,0.8073099999999989,0.807459999999999,615
2026-07-23T23:45:00+00:00,0.807459999999999,0.8076899999999989,0.8073499999999989,0.8075999999999989,704
2026-07-24T00:00:00+00:00,0.8075999999999989,0.8078099999999989,0.807339999999999,0.8074799999999989,2156
2026-07-24T00:15:00+00:00,0.8074799999999989,0.8075299999999989,0.8072499999999989,0.8073199999999989,1626
2026-07-24T00:30:00+00:00,0.8073199999999989,0.8075899999999989,0.8072499999999989,0.807559999999999,1034
2026-07-24T00:45:00+00:00,0.807559999999999,0.8076199999999989,0.806949999999999,0.806949999999999,1225
2026-07-24T01:00:00+00:00,0.806949999999999,0.8070899999999989,0.8066899999999989,0.8069699999999989,2352
2026-07-24T01:15:00+00:00,0.8069699999999989,0.807119999999999,0.8067599999999989,0.807119999999999,1576
2026-07-24T01:30:00+00:00,0.807119999999999,0.8071399999999989,0.8067699999999989,0.8068299999999989,1560
2026-07-24T01:45:00+00:00,0.8068299999999989,0.8072599999999989,0.8068299999999989,0.8071799999999989,1189
2026-07-24T02:00:00+00:00,0.8071799999999989,0.8073799999999989,0.807069999999999,0.8072299999999989,1171
2026-07-24T02:15:00+00:00,0.8072299999999989,0.8074899999999989,0.8071799999999989,0.8073799999999989,875
2026-07-24T02:30:00+00:00,0.8073799999999989,0.8074799999999989,0.8071499999999989,0.807459999999999,878
2026-07-24T02:45:00+00:00,0.807459999999999,0.8077899999999989,0.8074199999999989,0.8077799999999989,1014
2026-07-24T03:00:00+00:00,0.8077799999999989,0.8080499999999989,0.8077399999999989,0.8079899999999989,947
2026-07-24T03:15:00+00:00,0.8079899999999989,0.8080499999999989,0.8078799999999989,0.8080199999999989,869
2026-07-24T03:30:00+00:00,0.8080199999999989,0.8080199999999989,0.8076599999999989,0.8077699999999989,849
2026-07-24T03:45:00+00:00,0.8077699999999989,0.8078299999999989,0.807679999999999,0.8077099999999989,664
2026-07-24T04:00:00+00:00,0.8077099999999989,0.8077399999999989,0.8075799999999989,0.8076199999999989,659
2026-07-24T04:15:00+00:00,0.8076199999999989,0.8078299999999989,0.8075799999999989,0.8078199999999989,702
2026-07-24T04:30:00+00:00,0.8078199999999989,0.8082599999999989,0.8077699999999989,0.8082499999999989,801
2026-07-24T04:45:00+00:00,0.8082499999999989,0.8082999999999989,0.8080599999999989,0.808069999999999,868
2026-07-24T05:00:00+00:00,0.808069999999999,0.8081099999999989,0.8078599999999989,0.807949999999999,960
2026-07-24T05:15:00+00:00,0.807949999999999,0.8079799999999989,0.8077699999999989,0.8078399999999989,765
2026-07-24T05:30:00+00:00,0.8078399999999989,0.8078399999999989,0.8076299999999988,0.8077899999999989,1097
2026-07-24T05:45:00+00:00,0.8077899999999989,0.8080899999999989,0.8077599999999989,0.8079799999999989,1228
2026-07-24T06:00:00+00:00,0.8079799999999989,0.8080499999999989,0.8078099999999989,0.8078299999999989,1378
2026-07-24T06:15:00+00:00,0.8078299999999989,0.8078299999999989,0.8073499999999989,0.8074099999999989,1721
2026-07-24T06:30:00+00:00,0.8074099999999989,0.8076399999999989,0.8073999999999989,0.8075999999999989,1647
2026-07-24T06:45:00+00:00,0.8075999999999989,0.8076899999999989,0.8073899999999989,0.8073899999999989,1446
2026-07-24T07:00:00+00:00,0.8073899999999989,0.8074899999999989,0.806459999999999,0.8067499999999989,2335
2026-07-24T07:15:00+00:00,0.8067499999999989,0.8070199999999988,0.806069999999999,0.8063099999999989,2474
2026-07-24T07:30:00+00:00,0.8063099999999989,0.8069199999999989,0.8059599999999989,0.8066699999999989,2282
2026-07-24T07:45:00+00:00,0.8066699999999989,0.8069999999999989,0.8066499999999989,0.8069299999999989,1618
2026-07-24T08:00:00+00:00,0.8069299999999989,0.8072599999999989,0.8068399999999989,0.8070999999999989,2089
2026-07-24T08:15:00+00:00,0.8070999999999989,0.8072799999999989,0.806729999999999,0.8067399999999989,1880
2026-07-24T08:30:00+00:00,0.8067399999999989,0.8070199999999988,0.8066699999999989,0.8069199999999989,1932
2026-07-24T08:45:00+00:00,0.8069199999999989,0.8073699999999989,0.806899999999999,0.8072199999999989,1817
2026-07-24T09:00:00+00:00,0.8072199999999989,0.8074099999999989,0.8070299999999989,0.8072599999999989,1678
2026-07-24T09:15:00+00:00,0.8072599999999989,0.8074399999999989,0.8071399999999989,0.807239999999999,1383
2026-07-24T09:30:00+00:00,0.807239999999999,0.8074999999999989,0.8071499999999989,0.8071999999999989,1213
2026-07-24T09:45:00+00:00,0.8071999999999989,0.8073899999999989,0.807069999999999,0.807069999999999,1379
2026-07-24T10:00:00+00:00,0.807069999999999,0.807459999999999,0.8070399999999989,0.8074399999999989,1197
2026-07-24T10:15:00+00:00,0.8074399999999989,0.8074499999999989,0.8067799999999989,0.8069999999999989,1482
2026-07-24T10:30:00+00:00,0.8069999999999989,0.807289999999999,0.806849999999999,0.8072599999999989,1173
2026-07-24T10:45:00+00:00,0.8072599999999989,0.8077799999999989,0.8072099999999989,0.8075699999999989,1858
2026-07-24T11:00:00+00:00,0.8075699999999989,0.8075899999999989,0.8072799999999989,0.8073299999999989,1642
2026-07-24T11:15:00+00:00,0.8073299999999989,0.8077399999999989,0.807289999999999,0.8077399999999989,1023
2026-07-24T11:30:00+00:00,0.8077399999999989,0.808289999999999,0.807679999999999,0.8082299999999989,1193
2026-07-24T11:45:00+00:00,0.8082299999999989,0.8087399999999989,0.8080899999999989,0.8082999999999989,2351
2026-07-24T12:00:00+00:00,0.8082999999999989,0.8085999999999989,0.8080299999999989,0.808119999999999,2216
2026-07-24T12:15:00+00:00,0.808119999999999,0.8086899999999989,0.808119999999999,0.8085699999999989,1899
2026-07-24T12:30:00+00:00,0.8085699999999989,0.8088899999999989,0.8083799999999989,0.8087399999999989,1877
2026-07-24T12:45:00+00:00,0.8087399999999989,0.808849999999999,0.8085199999999989,0.8087099999999989,2177
2026-07-24T13:00:00+00:00,0.8087099999999989,0.8091399999999989,0.808559999999999,0.8087999999999989,2516
2026-07-24T13:15:00+00:00,0.8087999999999989,0.809119999999999,0.8086299999999988,0.8089599999999989,1940
2026-07-24T13:30:00+00:00,0.8089599999999989,0.8091899999999989,0.8086399999999989,0.8087499999999989,2084
2026-07-24T13:45:00+00:00,0.8087499999999989,0.8089899999999989,0.8085199999999989,0.8085399999999989,2193
2026-07-24T14:00:00+00:00,0.8085399999999989,0.8086999999999989,0.8080999999999989,0.8085699999999989,2352
2026-07-24T14:15:00+00:00,0.8085699999999989,0.8086699999999989,0.8080799999999989,0.8083999999999989,2841
2026-07-24T14:30:00+00:00,0.8083999999999989,0.8084999999999989,0.8080499999999989,0.8082699999999989,2064
2026-07-24T14:45:00+00:00,0.8082699999999989,0.8084399999999989,0.8079199999999989,0.8082499999999989,2889
2026-07-24T15:00:00+00:00,0.8082499999999989,0.8083499999999989,0.8071999999999989,0.8073099999999989,3838
2026-07-24T15:15:00+00:00,0.8073099999999989,0.8075999999999989,0.8069799999999989,0.8074899999999989,4052
2026-07-24T15:30:00+00:00,0.8074899999999989,0.8076099999999989,0.8071099999999989,0.8074999999999989,2328
2026-07-24T15:45:00+00:00,0.8074999999999989,0.807559999999999,0.8072699999999989,0.8074899999999989,1684
2026-07-24T16:00:00+00:00,0.8074899999999989,0.8076399999999989,0.8072599999999989,0.807289999999999,1535
2026-07-24T16:15:00+00:00,0.807289999999999,0.807459999999999,0.8071599999999989,0.8073499999999989,1144
2026-07-24T16:30:00+00:00,0.8073499999999989,0.8077899999999989,0.8073499999999989,0.8077399999999989,1369
2026-07-24T16:45:00+00:00,0.8077399999999989,0.8080799999999989,0.8077099999999989,0.8080799999999989,1093
2026-07-24T17:00:00+00:00,0.8080799999999989,0.8087499999999989,0.8079999999999989,0.8086699999999989,1987
2026-07-24T17:15:00+00:00,0.8086699999999989,0.8089699999999989,0.8085899999999989,0.8087399999999989,1089
2026-07-24T17:30:00+00:00,0.8087399999999989,0.8090399999999989,0.8086399999999989,0.8089799999999989,1082
2026-07-24T17:45:00+00:00,0.8089799999999989,0.8091099999999989,0.8088599999999989,0.808949999999999,802
2026-07-24T18:00:00+00:00,0.808949999999999,0.8090999999999989,0.8088799999999989,0.8089899999999989,727
2026-07-24T18:15:00+00:00,0.8089899999999989,0.8091099999999989,0.8088699999999989,0.8090799999999989,752
2026-07-24T18:30:00+00:00,0.8090799999999989,0.8092299999999989,0.8089899999999989,0.8090999999999989,815
2026-07-24T18:45:00+00:00,0.8090999999999989,0.8091099999999989,0.8088799999999989,0.8089099999999989,741
2026-07-24T19:00:00+00:00,0.8089099999999989,0.8089999999999989,0.8087999999999989,0.8089699999999989,740
2026-07-24T19:15:00+00:00,0.8089699999999989,0.8091499999999989,0.8089399999999989,0.8091299999999989,567
2026-07-24T19:30:00+00:00,0.8091299999999989,0.8091499999999989,0.8087799999999989,0.8088599999999989,1074
2026-07-24T19:45:00+00:00,0.8088599999999989,0.8090399999999989,0.8088299999999989,0.8090299999999989,742
2026-07-24T20:00:00+00:00,0.8090299999999989,0.8090999999999989,0.8089599999999989,0.809069999999999,389
2026-07-24T20:15:00+00:00,0.809069999999999,0.8091899999999989,0.809069999999999,0.809119999999999,267
2026-07-24T20:30:00+00:00,0.809119999999999,0.8092599999999989,0.8090999999999989,0.8091799999999989,307
2026-07-24T20:45:00+00:00,0.8091799999999989,0.8091899999999989,0.808459999999999,0.808459999999999,130.84546299163827
2026-07-26T21:00:00+00:00,0.808459999999999,0.8095499999999989,0.8082699999999989,0.808419999999999,63.40210328167754
2026-07-26T21:15:00+00:00,0.808419999999999,0.808929999999999,0.8083099999999991,0.808699999999999,330.0430902985836
2026-07-26T21:30:00+00:00,0.808699999999999,0.809049999999999,0.808539999999999,0.808919999999999,693.7344625220824
2026-07-26T21:45:00+00:00,0.808919999999999,0.809769999999999,0.808879999999999,0.809359999999999,261
2026-07-26T22:00:00+00:00,0.809359999999999,0.809899999999999,0.809059999999999,0.809879999999999,1189
2026-07-26T22:15:00+00:00,0.809879999999999,0.810229999999999,0.809799999999999,0.810159999999999,689
2026-07-26T22:30:00+00:00,0.810159999999999,0.810289999999999,0.810109999999999,0.810179999999999,438
2026-07-26T22:45:00+00:00,0.810179999999999,0.810519999999999,0.8101699999999991,0.810409999999999,326
2026-07-26T23:00:00+00:00,0.810409999999999,0.810449999999999,0.810219999999999,0.810319999999999,453
2026-07-26T23:15:00+00:00,0.810319999999999,0.810409999999999,0.810199999999999,0.8103399999999991,367
2026-07-26T23:30:00+00:00,0.8103399999999991,0.810349999999999,0.810039999999999,0.810139999999999,374
2026-07-26T23:45:00+00:00,0.810139999999999,0.810249999999999,0.809809999999999,0.809889999999999,841
2026-07-27T00:00:00+00:00,0.809889999999999,0.809889999999999,0.8084599999999991,0.808469999999999,2366
2026-07-27T00:15:00+00:00,0.808469999999999,0.808579999999999,0.807769999999999,0.807829999999999,2117
2026-07-27T00:30:00+00:00,0.807829999999999,0.808399999999999,0.8076299999999991,0.808379999999999,2014
2026-07-27T00:45:00+00:00,0.808379999999999,0.808689999999999,0.808329999999999,0.808619999999999,1502
2026-07-27T01:00:00+00:00,0.808619999999999,0.808619999999999,0.8080699999999991,0.808279999999999,1910
2026-07-27T01:15:00+00:00,0.808279999999999,0.808399999999999,0.8081199999999991,0.808259999999999,1421
2026-07-27T01:30:00+00:00,0.808259999999999,0.808529999999999,0.808039999999999,0.808129999999999,1737
2026-07-27T01:45:00+00:00,0.808129999999999,0.808129999999999,0.807489999999999,0.807489999999999,1859
2026-07-27T02:00:00+00:00,0.807489999999999,0.8080199999999991,0.807449999999999,0.807989999999999,1519
2026-07-27T02:15:00+00:00,0.807989999999999,0.8081699999999991,0.807929999999999,0.8080199999999991,922
2026-07-27T02:30:00+00:00,0.8080199999999991,0.808249999999999,0.807999999999999,0.808199999999999,980
2026-07-27T02:45:00+00:00,0.808199999999999,0.808419999999999,0.8081699999999991,0.808399999999999,1073
2026-07-27T03:00:00+00:00,0.808399999999999,0.808609999999999,0.808279999999999,0.808589999999999,993
2026-07-27T03:15:00+00:00,0.808589999999999,0.808669999999999,0.808489999999999,0.8085599999999991,724
2026-07-27T03:30:00+00:00,0.8085599999999991,0.808819999999999,0.808489999999999,0.808609999999999,975
2026-07-27T03:45:00+00:00,0.808609999999999,0.808609999999999,0.808489999999999,0.808539999999999,672
2026-07-27T04:00:00+00:00,0.808539999999999,0.808579999999999,0.808419999999999,0.8084599999999991,570
2026-07-27T04:15:00+00:00,0.8084599999999991,0.808749999999999,0.808379999999999,0.8086799999999991,805
2026-07-27T04:30:00+00:00,0.8086799999999991,0.808709999999999,0.808499999999999,0.808619999999999,647.4406578501187
2026-07-27T04:45:00+00:00,0.808619999999999,0.808769999999999,0.808579999999999,0.8086299999999991,521
2026-07-27T05:00:00+00:00,0.8086299999999991,0.808749999999999,0.808389999999999,0.8084099999999991,823
2026-07-27T05:15:00+00:00,0.8084099999999991,0.8087299999999991,0.808389999999999,0.808639999999999,785
2026-07-27T05:30:00+00:00,0.808639999999999,0.8088499999999991,0.808539999999999,0.808799999999999,969
2026-07-27T05:45:00+00:00,0.808799999999999,0.808869999999999,0.808589999999999,0.808779999999999,815
2026-07-27T06:00:00+00:00,0.808779999999999,0.808799999999999,0.8079499999999991,0.8080699999999991,1648
2026-07-27T06:15:00+00:00,0.8080699999999991,0.808199999999999,0.807569999999999,0.807589999999999,1672
2026-07-27T06:30:00+00:00,0.807589999999999,0.808109999999999,0.807479999999999,0.807709999999999,2005
2026-07-27T06:45:00+00:00,0.807709999999999,0.808379999999999,0.807699999999999,0.808199999999999,1846
2026-07-27T07:00:00+00:00,0.808199999999999,0.808489999999999,0.8078999999999991,0.807989999999999,2368
2026-07-27T07:15:00+00:00,0.807989999999999,0.808219999999999,0.807599999999999,0.807879999999999,2638
2026-07-27T07:30:00+00:00,0.807879999999999,0.808769999999999,0.807879999999999,0.808669999999999,2123
2026-07-27T07:45:00+00:00,0.808669999999999,0.808859999999999,0.808369999999999,0.808839999999999,2028
2026-07-27T08:00:00+00:00,0.808839999999999,0.809029999999999,0.808639999999999,0.808879999999999,2185
2026-07-27T08:15:00+00:00,0.808879999999999,0.809009999999999,0.808759999999999,0.808909999999999,1613
2026-07-27T08:30:00+00:00,0.808909999999999,0.809099999999999,0.808529999999999,0.808769999999999,1638
2026-07-27T08:45:00+00:00,0.808769999999999,0.808839999999999,0.808369999999999,0.8085099999999991,1343
2026-07-27T09:00:00+00:00,0.8085099999999991,0.808749999999999,0.808249999999999,0.8086799999999991,1865
2026-07-27T09:15:00+00:00,0.8086799999999991,0.808819999999999,0.808399999999999,0.808689999999999,1572
2026-07-27T09:30:00+00:00,0.808689999999999,0.808749999999999,0.808369999999999,0.808369999999999,1755
2026-07-27T09:45:00+00:00,0.808369999999999,0.808539999999999,0.808199999999999,0.8085099999999991,1556
2026-07-27T10:00:00+00:00,0.8085099999999991,0.808709999999999,0.808079999999999,0.808399999999999,1636
2026-07-27T10:15:00+00:00,0.808399999999999,0.808419999999999,0.808029999999999,0.808299999999999,1211
2026-07-27T10:30:00+00:00,0.808299999999999,0.808389999999999,0.807969999999999,0.808129999999999,1290
2026-07-27T10:45:00+00:00,0.808129999999999,0.808659999999999,0.808049999999999,0.808609999999999,1311
2026-07-27T11:00:00+00:00,0.808609999999999,0.808989999999999,0.8085099999999991,0.808929999999999,1335
2026-07-27T11:15:00+00:00,0.808929999999999,0.808929999999999,0.808529999999999,0.808789999999999,1190
2026-07-27T11:30:00+00:00,0.808789999999999,0.808809999999999,0.808299999999999,0.808659999999999,1958
2026-07-27T11:45:00+00:00,0.808659999999999,0.808959999999999,0.808569999999999,0.808919999999999,1480
2026-07-27T12:00:00+00:00,0.808919999999999,0.809099999999999,0.8085099999999991,0.809049999999999,1568
2026-07-27T12:15:00+00:00,0.809049999999999,0.809129999999999,0.808779999999999,0.808919999999999,1373
2026-07-27T12:30:00+00:00,0.808919999999999,0.809549999999999,0.808829999999999,0.809269999999999,1621
2026-07-27T12:45:00+00:00,0.809269999999999,0.810059999999999,0.809049999999999,0.809919999999999,2427
2026-07-27T13:00:00+00:00,0.809919999999999,0.811359999999999,0.809919999999999,0.810879999999999,6305
2026-07-27T13:15:00+00:00,0.810879999999999,0.812309999999999,0.810859999999999,0.8119999999999991,3104
2026-07-27T13:30:00+00:00,0.8119999999999991,0.8121199999999991,0.8110699999999991,0.811259999999999,3757
2026-07-27T13:45:00+00:00,0.811259999999999,0.8120699999999991,0.8109499999999991,0.811959999999999,2491
2026-07-27T14:00:00+00:00,0.811959999999999,0.812189999999999,0.811419999999999,0.811429999999999,2816
2026-07-27T14:15:00+00:00,0.811429999999999,0.812439999999999,0.811359999999999,0.812429999999999,2187
2026-07-27T14:30:00+00:00,0.812429999999999,0.812539999999999,0.811939999999999,0.812469999999999,2541
2026-07-27T14:45:00+00:00,0.812469999999999,0.8125599999999991,0.812039999999999,0.812199999999999,2489
2026-07-27T15:00:00+00:00,0.812199999999999,0.812579999999999,0.812139999999999,0.8122899999999991,2217
2026-07-27T15:15:00+00:00,0.8122899999999991,0.812359999999999,0.811789999999999,0.8118999999999991,2223
2026-07-27T15:30:00+00:00,0.8118999999999991,0.812249999999999,0.811879999999999,0.812129999999999,1954
2026-07-27T15:45:00+00:00,0.812129999999999,0.8122899999999991,0.8119499999999991,0.812229999999999,1456
2026-07-27T16:00:00+00:00,0.812229999999999,0.812469999999999,0.8120699999999991,0.812209999999999,1740
2026-07-27T16:15:00+00:00,0.812209999999999,0.812229999999999,0.811269999999999,0.8114599999999991,2637
2026-07-27T16:30:00+00:00,0.8114599999999991,0.811619999999999,0.811219999999999,0.811609999999999,1705
2026-07-27T16:45:00+00:00,0.811609999999999,0.811769999999999,0.8115599999999991,0.811589999999999,1364
2026-07-27T17:00:00+00:00,0.811589999999999,0.812309999999999,0.811589999999999,0.8122399999999991,2403
2026-07-27T17:15:00+00:00,0.8122399999999991,0.812579999999999,0.812199999999999,0.8125599999999991,1462
2026-07-27T17:30:00+00:00,0.8125599999999991,0.812739999999999,0.812299999999999,0.812709999999999,1124
2026-07-27T17:45:00+00:00,0.812709999999999,0.812749999999999,0.812489999999999,0.8125599999999991,953
2026-07-27T18:00:00+00:00,0.8125599999999991,0.812619999999999,0.8123399999999991,0.8123899999999991,1088
2026-07-27T18:15:00+00:00,0.8123899999999991,0.812709999999999,0.8123899999999991,0.812599999999999,1001
2026-07-27T18:30:00+00:00,0.812599999999999,0.812749999999999,0.8123399999999991,0.812629999999999,1640
2026-07-27T18:45:00+00:00,0.812629999999999,0.812739999999999,0.812479999999999,0.812569999999999,1509
2026-07-27T19:00:00+00:00,0.812569999999999,0.812769999999999,0.812449999999999,0.812699999999999,898
2026-07-27T19:15:00+00:00,0.812699999999999,0.812909999999999,0.812639999999999,0.812819999999999,934
2026-07-27T19:30:00+00:00,0.812819999999999,0.812839999999999,0.8123899999999991,0.812479999999999,1136
2026-07-27T19:45:00+00:00,0.812479999999999,0.8127299999999991,0.8124599999999991,0.812689999999999,1148
2026-07-27T20:00:00+00:00,0.812689999999999,0.8127299999999991,0.812609999999999,0.8126799999999991,612
2026-07-27T20:15:00+00:00,0.8126799999999991,0.812799999999999,0.812599999999999,0.812799999999999,335
2026-07-27T20:30:00+00:00,0.812799999999999,0.812959999999999,0.812749999999999,0.812929999999999,400
2026-07-27T20:45:00+00:00,0.812929999999999,0.8129499999999991,0.812009999999999,0.812009999999999,475
2026-07-27T21:00:00+00:00,0.812009999999999,0.813259999999999,0.812009999999999,0.812639999999999,413.16737883086387
2026-07-27T21:15:00+00:00,0.812639999999999,0.812909999999999,0.812349999999999,0.812659999999999,351
2026-07-27T21:30:00+00:00,0.812659999999999,0.813209999999999,0.812659999999999,0.812909999999999,418
2026-07-27T21:45:00+00:00,0.812909999999999,0.813289999999999,0.812599999999999,0.812619999999999,425
2026-07-27T22:00:00+00:00,0.812619999999999,0.813499999999999,0.812619999999999,0.813439999999999,526
2026-07-27T22:15:00+00:00,0.813439999999999,0.813629999999999,0.813409999999999,0.8136099999999991,221
2026-07-27T22:30:00+00:00,0.8136099999999991,0.813629999999999,0.813549999999999,0.813629999999999,206
2026-07-27T22:45:00+00:00,0.813629999999999,0.813719999999999,0.813629999999999,0.813679999999999,197
2026-07-27T23:00:00+00:00,0.813679999999999,0.813709999999999,0.813529999999999,0.813559999999999,337
2026-07-27T23:15:00+00:00,0.813559999999999,0.813569999999999,0.813439999999999,0.813439999999999,139.6390243902439
2026-07-27T23:30:00+00:00,0.813439999999999,0.813559999999999,0.813429999999999,0.813519999999999,144.71806167400882
2026-07-27T23:45:00+00:00,0.813519999999999,0.813809999999999,0.813489999999999,0.813749999999999,377
2026-07-28T00:00:00+00:00,0.813749999999999,0.814039999999999,0.813719999999999,0.813829999999999,992
2026-07-28T00:15:00+00:00,0.813829999999999,0.813879999999999,0.813299999999999,0.813429999999999,1114
2026-07-28T00:30:00+00:00,0.813429999999999,0.813429999999999,0.813059999999999,0.813259999999999,629
2026-07-28T00:45:00+00:00,0.813259999999999,0.813409999999999,0.813069999999999,0.813089999999999,789
2026-07-28T01:00:00+00:00,0.813089999999999,0.813119999999999,0.812729999999999,0.812959999999999,1151
2026-07-28T01:15:00+00:00,0.812959999999999,0.813059999999999,0.812929999999999,0.812959999999999,844
2026-07-28T01:30:00+00:00,0.812959999999999,0.813299999999999,0.812919999999999,0.813259999999999,583
2026-07-28T01:45:00+00:00,0.813259999999999,0.813589999999999,0.813209999999999,0.813319999999999,717
2026-07-28T02:00:00+00:00,0.813319999999999,0.813439999999999,0.813199999999999,0.813269999999999,550
2026-07-28T02:15:00+00:00,0.813269999999999,0.813479999999999,0.813119999999999,0.813479999999999,802
2026-07-28T02:30:00+00:00,0.813479999999999,0.813499999999999,0.813299999999999,0.813299999999999,423
2026-07-28T02:45:00+00:00,0.813299999999999,0.813369999999999,0.812769999999999,0.813009999999999,1026
2026-07-28T03:00:00+00:00,0.813009999999999,0.813139999999999,0.812899999999999,0.813049999999999,921
2026-07-28T03:15:00+00:00,0.813049999999999,0.813059999999999,0.812869999999999,0.812919999999999,686
2026-07-28T03:30:00+00:00,0.812919999999999,0.813049999999999,0.812699999999999,0.812969999999999,935
2026-07-28T03:45:00+00:00,0.812969999999999,0.813159999999999,0.812969999999999,0.813119999999999,561
2026-07-28T04:00:00+00:00,0.813119999999999,0.813409999999999,0.813119999999999,0.813399999999999,806
2026-07-28T04:15:00+00:00,0.813399999999999,0.813509999999999,0.813229999999999,0.813359999999999,866
2026-07-28T04:30:00+00:00,0.813359999999999,0.813459999999999,0.813319999999999,0.813349999999999,731
2026-07-28T04:45:00+00:00,0.813349999999999,0.813619999999999,0.813299999999999,0.813529999999999,817
2026-07-28T05:00:00+00:00,0.813529999999999,0.813909999999999,0.813499999999999,0.813889999999999,1127
2026-07-28T05:15:00+00:00,0.813889999999999,0.813939999999999,0.813519999999999,0.813519999999999,879
2026-07-28T05:30:00+00:00,0.813519999999999,0.813819999999999,0.813469999999999,0.813639999999999,941
2026-07-28T05:45:00+00:00,0.813639999999999,0.813839999999999,0.813599999999999,0.813729999999999,681
2026-07-28T06:00:00+00:00,0.813729999999999,0.813739999999999,0.813409999999999,0.813419999999999,1203
2026-07-28T06:15:00+00:00,0.813419999999999,0.813469999999999,0.813049999999999,0.813049999999999,1445
2026-07-28T06:30:00+00:00,0.813049999999999,0.813569999999999,0.812989999999999,0.813439999999999,1506
2026-07-28T06:45:00+00:00,0.813439999999999,0.813759999999999,0.813339999999999,0.813749999999999,1132
2026-07-28T07:00:00+00:00,0.813749999999999,0.813979999999999,0.813329999999999,0.813389999999999,1690
2026-07-28T07:15:00+00:00,0.813389999999999,0.813709999999999,0.813389999999999,0.813639999999999,1533
2026-07-28T07:30:00+00:00,0.813639999999999,0.813929999999999,0.813539999999999,0.813899999999999,1339
2026-07-28T07:45:00+00:00,0.813899999999999,0.814299999999999,0.813839999999999,0.814299999999999,1539
2026-07-28T08:00:00+00:00,0.814299999999999,0.814329999999999,0.814069999999999,0.814209999999999,1199
2026-07-28T08:15:00+00:00,0.814209999999999,0.814209999999999,0.813759999999999,0.813809999999999,1391
2026-07-28T08:30:00+00:00,0.813809999999999,0.814079999999999,0.813759999999999,0.813819999999999,1201
2026-07-28T08:45:00+00:00,0.813819999999999,0.813899999999999,0.813499999999999,0.813639999999999,1114
2026-07-28T09:00:00+00:00,0.813639999999999,0.814089999999999,0.813549999999999,0.813989999999999,1126
2026-07-28T09:15:00+00:00,0.813989999999999,0.814089999999999,0.813669999999999,0.8139999999999991,1097
2026-07-28T09:30:00+00:00,0.8139999999999991,0.814329999999999,0.8139999999999991,0.814299999999999,927
2026-07-28T09:45:00+00:00,0.814299999999999,0.8146099999999991,0.814259999999999,0.814579999999999,1298
2026-07-28T10:00:00+00:00,0.814579999999999,0.814739999999999,0.814489999999999,0.814529999999999,1230
2026-07-28T10:15:00+00:00,0.814529999999999,0.814849999999999,0.814519999999999,0.814689999999999,962
2026-07-28T10:30:00+00:00,0.814689999999999,0.814709999999999,0.814339999999999,0.814589999999999,1082
2026-07-28T10:45:00+00:00,0.814589999999999,0.8146099999999991,0.814149999999999,0.814469999999999,1194
2026-07-28T11:00:00+00:00,0.814469999999999,0.814769999999999,0.814439999999999,0.814499999999999,1076
2026-07-28T11:15:00+00:00,0.814499999999999,0.814519999999999,0.813909999999999,0.8139999999999991,1850
2026-07-28T11:30:00+00:00,0.8139999999999991,0.814109999999999,0.813699999999999,0.813849999999999,1544
2026-07-28T11:45:00+00:00,0.813849999999999,0.814199999999999,0.813789999999999,0.813939999999999,1358
2026-07-28T12:00:00+00:00,0.813939999999999,0.814469999999999,0.813889999999999,0.814279999999999,1285
2026-07-28T12:15:00+00:00,0.814279999999999,0.814639999999999,0.814199999999999,0.814559999999999,1148
2026-07-28T12:30:00+00:00,0.814559999999999,0.814699999999999,0.814189999999999,0.814229999999999,1477
2026-07-28T12:45:00+00:00,0.814229999999999,0.814229999999999,0.813789999999999,0.813939999999999,1499
2026-07-28T13:00:00+00:00,0.813939999999999,0.813959999999999,0.813459999999999,0.813679999999999,1556
2026-07-28T13:15:00+00:00,0.813679999999999,0.813839999999999,0.813499999999999,0.813669999999999,1661
2026-07-28T13:30:00+00:00,0.813669999999999,0.813679999999999,0.813179999999999,0.813289999999999,1909
2026-07-28T13:45:00+00:00,0.813289999999999,0.813429999999999,0.812829999999999,0.813009999999999,2208
2026-07-28T14:00:00+00:00,0.813009999999999,0.813219999999999,0.812819999999999,0.812949999999999,1809
2026-07-28T14:15:00+00:00,0.812949999999999,0.813279999999999,0.812799999999999,0.812939999999999,1824
2026-07-28T14:30:00+00:00,0.812939999999999,0.813199999999999,0.812849999999999,0.812979999999999,1598
2026-07-28T14:45:00+00:00,0.812979999999999,0.813179999999999,0.812579999999999,0.812729999999999,2783
2026-07-28T15:00:00+00:00,0.812729999999999,0.813039999999999,0.811799999999999,0.811889999999999,3267
2026-07-28T15:15:00+00:00,0.811889999999999,0.811949999999999,0.811249999999999,0.811529999999999,3455
2026-07-28T15:30:00+00:00,0.811529999999999,0.811649999999999,0.811109999999999,0.811179999999999,2804
2026-07-28T15:45:00+00:00,0.811179999999999,0.811619999999999,0.811149999999999,0.811339999999999,2627
2026-07-28T16:00:00+00:00,0.811339999999999,0.811519999999999,0.811159999999999,0.811239999999999,2057
2026-07-28T16:15:00+00:00,0.811239999999999,0.811419999999999,0.811099999999999,0.811349999999999,1525
2026-07-28T16:30:00+00:00,0.811349999999999,0.811819999999999,0.811349999999999,0.811799999999999,1428
2026-07-28T16:45:00+00:00,0.811799999999999,0.812189999999999,0.811729999999999,0.812139999999999,1615
2026-07-28T17:00:00+00:00,0.812139999999999,0.812419999999999,0.811959999999999,0.8123899999999991,1583
2026-07-28T17:15:00+00:00,0.8123899999999991,0.812429999999999,0.812039999999999,0.812399999999999,1312
2026-07-28T17:30:00+00:00,0.812399999999999,0.812739999999999,0.812379999999999,0.812699999999999,823
2026-07-28T17:45:00+00:00,0.812699999999999,0.8129999999999991,0.812649999999999,0.812879999999999,964
2026-07-28T18:00:00+00:00,0.812879999999999,0.812919999999999,0.812719999999999,0.812849999999999,993
2026-07-28T18:15:00+00:00,0.812849999999999,0.813199999999999,0.812679999999999,0.813139999999999,981
2026-07-28T18:30:00+00:00,0.813139999999999,0.813299999999999,0.813089999999999,0.813289999999999,874
2026-07-28T18:45:00+00:00,0.813289999999999,0.813409999999999,0.813259999999999,0.813369999999999,886
2026-07-28T19:00:00+00:00,0.813369999999999,0.813399999999999,0.813179999999999,0.813379999999999,807
2026-07-28T19:15:00+00:00,0.813379999999999,0.813399999999999,0.813019999999999,0.813299999999999,845
2026-07-28T19:30:00+00:00,0.813299999999999,0.813379999999999,0.813209999999999,0.813339999999999,794
2026-07-28T19:45:00+00:00,0.813339999999999,0.813689999999999,0.813219999999999,0.813669999999999,1088
2026-07-28T20:00:00+00:00,0.813669999999999,0.813759999999999,0.813569999999999,0.813599999999999,808
2026-07-28T20:15:00+00:00,0.813599999999999,0.813739999999999,0.813489999999999,0.813529999999999,471
2026-07-28T20:30:00+00:00,0.813529999999999,0.813719999999999,0.813529999999999,0.813579999999999,309
2026-07-28T20:45:00+00:00,0.813579999999999,0.813739999999999,0.812969999999999,0.812969999999999,997
2026-07-28T21:00:00+00:00,0.812969999999999,0.8132699999999988,0.8112899999999988,0.8116499999999989,179.76195892269345
2026-07-28T21:15:00+00:00,0.8116499999999989,0.8122199999999988,0.8112799999999989,0.8120199999999989,347
2026-07-28T21:30:00+00:00,0.8120199999999989,0.8122499999999988,0.8119299999999988,0.8122199999999988,195
2026-07-28T21:45:00+00:00,0.8122199999999988,0.8122399999999989,0.8117499999999989,0.8119399999999988,641.0858407079646
2026-07-28T22:00:00+00:00,0.8119399999999988,0.8129399999999988,0.8119399999999988,0.8129399999999988,718
2026-07-28T22:15:00+00:00,0.8129399999999988,0.8133299999999988,0.8129099999999988,0.8132299999999988,629
2026-07-28T22:30:00+00:00,0.8132299999999988,0.8132899999999988,0.8131099999999988,0.8132399999999989,741
2026-07-28T22:45:00+00:00,0.8132399999999989,0.8133099999999988,0.8131899999999989,0.8131999999999988,351
2026-07-28T23:00:00+00:00,0.8131999999999988,0.8133999999999988,0.8131299999999988,0.8131499999999988,539
2026-07-28T23:15:00+00:00,0.8131499999999988,0.8132499999999988,0.8131199999999988,0.8131399999999988,386
2026-07-28T23:30:00+00:00,0.8131399999999988,0.8133099999999988,0.8131299999999988,0.8131699999999988,315
2026-07-28T23:45:00+00:00,0.8131699999999988,0.8133999999999988,0.8131599999999988,0.8131899999999989,866
2026-07-29T00:00:00+00:00,0.8131899999999989,0.8135199999999988,0.8131399999999988,0.8134299999999988,1544
2026-07-29T00:15:00+00:00,0.8134299999999988,0.8134599999999989,0.8129399999999988,0.8129999999999988,1635
2026-07-29T00:30:00+00:00,0.8129999999999988,0.8131499999999988,0.8129299999999988,0.8129999999999988,1317
2026-07-29T00:45:00+00:00,0.8129999999999988,0.8130999999999988,0.8126899999999988,0.8127099999999988,1575
2026-07-29T01:00:00+00:00,0.8127099999999988,0.8128499999999989,0.8125599999999988,0.8128299999999988,1561
2026-07-29T01:15:00+00:00,0.8128299999999988,0.8128699999999988,0.8125099999999988,0.8128199999999988,1311
2026-07-29T01:30:00+00:00,0.8128199999999988,0.8130499999999988,0.8125899999999988,0.8129199999999988,2361
2026-07-29T01:45:00+00:00,0.8129199999999988,0.8129199999999988,0.8120599999999988,0.8122299999999988,1134
2026-07-29T02:00:00+00:00,0.8122299999999988,0.8123699999999988,0.8119199999999988,0.8120299999999988,1302
2026-07-29T02:15:00+00:00,0.8120299999999988,0.8123699999999988,0.8119099999999988,0.8121099999999988,1151
2026-07-29T02:30:00+00:00,0.8121099999999988,0.8121299999999988,0.8118199999999988,0.8119699999999989,1114
2026-07-29T02:45:00+00:00,0.8119699999999989,0.8120999999999988,0.8118599999999988,0.8119199999999988,827
2026-07-29T03:00:00+00:00,0.8119199999999988,0.8119699999999989,0.8118299999999988,0.8118999999999988,1034
2026-07-29T03:15:00+00:00,0.8118999999999988,0.8118999999999988,0.8115199999999988,0.8115399999999988,857
2026-07-29T03:30:00+00:00,0.8115399999999988,0.8115999999999988,0.8114199999999988,0.8114899999999988,971
2026-07-29T03:45:00+00:00,0.8114899999999988,0.8117599999999988,0.8113099999999988,0.8116399999999988,1115
2026-07-29T04:00:00+00:00,0.8116399999999988,0.8116499999999988,0.8112999999999988,0.8113799999999988,1190
2026-07-29T04:15:00+00:00,0.8113799999999988,0.8113799999999988,0.8110599999999988,0.8112199999999988,965
2026-07-29T04:30:00+00:00,0.8112199999999988,0.8112499999999988,0.8106599999999988,0.8107099999999988,1565
2026-07-29T04:45:00+00:00,0.8107099999999988,0.8111199999999988,0.8106299999999989,0.8109899999999988,1715
2026-07-29T05:00:00+00:00,0.8109899999999988,0.8110399999999988,0.8107699999999988,0.8107999999999989,1016
2026-07-29T05:15:00+00:00,0.8107999999999989,0.8110499999999988,0.8106899999999988,0.8110399999999988,805
2026-07-29T05:30:00+00:00,0.8110399999999988,0.8112399999999989,0.8110299999999988,0.8110799999999988,1250
2026-07-29T05:45:00+00:00,0.8110799999999988,0.8114599999999988,0.8110699999999988,0.8114399999999988,948
2026-07-29T06:00:00+00:00,0.8114399999999988,0.8117099999999988,0.8112199999999988,0.8114799999999988,1205
2026-07-29T06:15:00+00:00,0.8114799999999988,0.8120599999999988,0.8113399999999988,0.8120199999999989,1644
2026-07-29T06:30:00+00:00,0.8120199999999989,0.8121199999999988,0.8117199999999988,0.8117999999999989,1345
2026-07-29T06:45:00+00:00,0.8117999999999989,0.8121599999999988,0.8117499999999989,0.8120699999999988,1497
2026-07-29T07:00:00+00:00,0.8120699999999988,0.8122199999999988,0.8115899999999988,0.8118699999999988,1654
2026-07-29T07:15:00+00:00,0.8118699999999988,0.8119899999999988,0.8115699999999988,0.8119499999999988,1680
2026-07-29T07:30:00+00:00,0.8119499999999988,0.8122199999999988,0.8115799999999989,0.8120599999999988,1769
2026-07-29T07:45:00+00:00,0.8120599999999988,0.8125799999999989,0.8119799999999988,0.8124399999999988,1588
2026-07-29T08:00:00+00:00,0.8124399999999988,0.8128799999999988,0.8123899999999988,0.8128099999999988,1538
2026-07-29T08:15:00+00:00,0.8128099999999988,0.8130999999999988,0.8126099999999988,0.8129199999999988,1372
2026-07-29T08:30:00+00:00,0.8129199999999988,0.8131699999999988,0.8128399999999988,0.8128599999999988,1162
2026-07-29T08:45:00+00:00,0.8128599999999988,0.8128899999999988,0.8124399999999988,0.8127299999999988,1578
2026-07-29T09:00:00+00:00,0.8127299999999988,0.8128999999999988,0.8126099999999988,0.8127999999999989,1674
2026-07-29T09:15:00+00:00,0.8127999999999989,0.8131099999999988,0.8127599999999988,0.8129199999999988,1282
2026-07-29T09:30:00+00:00,0.8129199999999988,0.8133899999999988,0.8128799999999988,0.8131599999999988,1045
2026-07-29T09:45:00+00:00,0.8131599999999988,0.8135299999999988,0.8130399999999988,0.8135099999999988,1240
2026-07-29T10:00:00+00:00,0.8135099999999988,0.8137399999999988,0.8134099999999989,0.8136899999999988,1691
2026-07-29T10:15:00+00:00,0.8136899999999988,0.8139599999999988,0.8135999999999988,0.8137599999999988,1458
2026-07-29T10:30:00+00:00,0.8137599999999988,0.8141199999999988,0.8136299999999989,0.8138199999999988,1255
2026-07-29T10:45:00+00:00,0.8138199999999988,0.8138699999999988,0.8135799999999989,0.8136299999999989,1153
2026-07-29T11:00:00+00:00,0.8136299999999989,0.8137299999999988,0.8132799999999988,0.8133599999999989,1073
2026-07-29T11:15:00+00:00,0.8133599999999989,0.8136499999999988,0.8132199999999988,0.8132299999999988,863
2026-07-29T11:30:00+00:00,0.8132299999999988,0.8137399999999988,0.8131999999999988,0.8137299999999988,1273
2026-07-29T11:45:00+00:00,0.8137299999999988,0.8137799999999988,0.8132799999999988,0.8133399999999988,1573
2026-07-29T12:00:00+00:00,0.8133399999999988,0.8137699999999988,0.8132799999999988,0.8136499999999988,1514
2026-07-29T12:15:00+00:00,0.8136499999999988,0.8141899999999989,0.8136399999999988,0.8137899999999988,2750
2026-07-29T12:30:00+00:00,0.8137899999999988,0.8139299999999988,0.8133599999999989,0.8136099999999988,1749
2026-07-29T12:45:00+00:00,0.8136099999999988,0.8137699999999988,0.8134099999999989,0.8134099999999989,1670
2026-07-29T13:00:00+00:00,0.8134099999999989,0.8136399999999988,0.8132899999999988,0.8133799999999988,1633
2026-07-29T13:15:00+00:00,0.8133799999999988,0.8134299999999988,0.8126199999999988,0.8126899999999988,1844
2026-07-29T13:30:00+00:00,0.8126899999999988,0.8128299999999988,0.8121799999999988,0.8121999999999988,1707
2026-07-29T13:45:00+00:00,0.8121999999999988,0.8122799999999988,0.8119499999999988,0.8120799999999988,2013
2026-07-29T14:00:00+00:00,0.8120799999999988,0.8126199999999988,0.8119599999999988,0.8125299999999988,1746
2026-07-29T14:15:00+00:00,0.8125299999999988,0.8127499999999988,0.8119499999999988,0.8120199999999989,1819
2026-07-29T14:30:00+00:00,0.8120199999999989,0.8128399999999988,0.8118999999999988,0.8125399999999988,1934
2026-07-29T14:45:00+00:00,0.8125399999999988,0.8140899999999988,0.8125399999999988,0.8140799999999988,3919
2026-07-29T15:00:00+00:00,0.8140799999999988,0.8141599999999988,0.8133699999999988,0.8135499999999988,2606
2026-07-29T15:15:00+00:00,0.8135499999999988,0.8140499999999988,0.8134499999999988,0.8138999999999988,1595
2026-07-29T15:30:00+00:00,0.8138999999999988,0.8141599999999988,0.8136599999999988,0.8138799999999988,1651
2026-07-29T15:45:00+00:00,0.8138799999999988,0.8139099999999988,0.8135799999999989,0.8136299999999989,1383
2026-07-29T16:00:00+00:00,0.8136299999999989,0.8141699999999988,0.8135899999999988,0.8141399999999988,1393
2026-07-29T16:15:00+00:00,0.8141399999999988,0.8142799999999988,0.8139699999999989,0.8140799999999988,1134
2026-07-29T16:30:00+00:00,0.8140799999999988,0.8143899999999988,0.8140799999999988,0.8142299999999988,1004
2026-07-29T16:45:00+00:00,0.8142299999999988,0.8143199999999988,0.8140099999999988,0.8140699999999989,1181
2026-07-29T17:00:00+00:00,0.8140699999999989,0.8141899999999989,0.8137099999999988,0.8137499999999988,1419
2026-07-29T17:15:00+00:00,0.8137499999999988,0.8139599999999988,0.8135599999999988,0.8138499999999989,1509
2026-07-29T17:30:00+00:00,0.8138499999999989,0.8139999999999988,0.8134799999999988,0.8136499999999988,1671
2026-07-29T17:45:00+00:00,0.8136499999999988,0.8136699999999988,0.8131399999999988,0.8131399999999988,1623
2026-07-29T18:00:00+00:00,0.8131399999999988,0.8131399999999988,0.8101499999999988,0.8104099999999989,11469
2026-07-29T18:15:00+00:00,0.8104099999999989,0.8118699999999988,0.8102899999999988,0.8112099999999988,5357
2026-07-29T18:30:00+00:00,0.8112099999999988,0.8124699999999988,0.8098499999999988,0.8099599999999988,9398
2026-07-29T18:45:00+00:00,0.8099599999999988,0.8101099999999988,0.8085799999999989,0.8086199999999988,9107
2026-07-29T19:00:00+00:00,0.8086199999999988,0.8091799999999988,0.8078399999999988,0.8083299999999988,8085
2026-07-29T19:15:00+00:00,0.8083299999999988,0.8091199999999988,0.8070899999999988,0.8087899999999988,8530
2026-07-29T19:30:00+00:00,0.8087899999999988,0.8092499999999988,0.8081399999999989,0.8081699999999988,8153
2026-07-29T19:45:00+00:00,0.8081699999999988,0.8090399999999988,0.8081099999999988,0.8089899999999988,4863
2026-07-29T20:00:00+00:00,0.8089899999999988,0.8089999999999988,0.8083199999999988,0.8083699999999988,2158
2026-07-29T20:15:00+00:00,0.8083699999999988,0.8086399999999988,0.8078399999999988,0.8080399999999988,1444
2026-07-29T20:30:00+00:00,0.8080399999999988,0.8080399999999988,0.8072499999999988,0.8073299999999988,1772
2026-07-29T20:45:00+00:00,0.8073299999999988,0.8074099999999989,0.8069199999999989,0.8069199999999989,2173
2026-07-29T21:00:00+00:00,0.8069199999999989,0.8075499999999988,0.8063799999999987,0.8065499999999988,128.33293018973035
2026-07-29T21:15:00+00:00,0.8065499999999988,0.8074699999999988,0.8064999999999988,0.8066399999999988,244.01000477415053
2026-07-29T21:30:00+00:00,0.8066399999999988,0.8068699999999988,0.8065899999999987,0.8067799999999987,1990
2026-07-29T21:45:00+00:00,0.8067799999999987,0.8072599999999988,0.8066699999999988,0.8070399999999988,2717
2026-07-29T22:00:00+00:00,0.8070399999999988,0.8076599999999987,0.8069099999999988,0.8073599999999987,2164
2026-07-29T22:15:00+00:00,0.8073599999999987,0.8074999999999988,0.8072899999999987,0.8074199999999988,365
2026-07-29T22:30:00+00:00,0.8074199999999988,0.8075499999999988,0.8073799999999988,0.8074799999999988,501
2026-07-29T22:45:00+00:00,0.8074799999999988,0.8075499999999988,0.8073999999999988,0.8074199999999988,306
2026-07-29T23:00:00+00:00,0.8074199999999988,0.8074499999999988,0.8068199999999988,0.8073399999999987,1039
2026-07-29T23:15:00+00:00,0.8073399999999987,0.8074499999999988,0.8071899999999987,0.8073899999999987,799
2026-07-29T23:30:00+00:00,0.8073899999999987,0.8074999999999988,0.8072699999999987,0.8074299999999988,838
2026-07-29T23:45:00+00:00,0.8074299999999988,0.8074499999999988,0.8067499999999987,0.8070299999999988,930
2026-07-30T00:00:00+00:00,0.8070299999999988,0.8074599999999987,0.8069199999999987,0.8073599999999987,1917
2026-07-30T00:15:00+00:00,0.8073599999999987,0.8084699999999988,0.8072199999999987,0.8084399999999987,2520
2026-07-30T00:30:00+00:00,0.8084399999999987,0.8086299999999987,0.8082099999999988,0.8084199999999988,1976
2026-07-30T00:45:00+00:00,0.8084199999999988,0.8084799999999988,0.8082099999999988,0.8082299999999988,1579
2026-07-30T01:00:00+00:00,0.8082299999999988,0.8082299999999988,0.8078599999999988,0.8080799999999988,2068
2026-07-30T01:15:00+00:00,0.8080799999999988,0.8086499999999988,0.8080799999999988,0.8084799999999988,1525
2026-07-30T01:30:00+00:00,0.8084799999999988,0.8085699999999988,0.8081499999999987,0.8084899999999987,1373
2026-07-30T01:45:00+00:00,0.8084899999999987,0.8087799999999987,0.8083599999999987,0.8086799999999987,989
2026-07-30T02:00:00+00:00,0.8086799999999987,0.8088199999999988,0.8084699999999988,0.8087599999999987,1105
2026-07-30T02:15:00+00:00,0.8087599999999987,0.8087999999999987,0.8086799999999987,0.8087299999999987,1077
2026-07-30T02:30:00+00:00,0.8087299999999987,0.8087999999999987,0.8086199999999988,0.8087599999999987,908
2026-07-30T02:45:00+00:00,0.8087599999999987,0.8087699999999988,0.8084699999999988,0.8087499999999987,1062
2026-07-30T03:00:00+00:00,0.8087499999999987,0.8089299999999987,0.8086699999999988,0.8088999999999987,1192
2026-07-30T03:15:00+00:00,0.8088999999999987,0.8091299999999988,0.8088599999999988,0.8090099999999988,1234
2026-07-30T03:30:00+00:00,0.8090099999999988,0.8090299999999988,0.8087899999999988,0.8089399999999988,1518
2026-07-30T03:45:00+00:00,0.8089399999999988,0.8091499999999987,0.8088799999999987,0.8091199999999987,879
2026-07-30T04:00:00+00:00,0.8091199999999987,0.8091999999999987,0.8089299999999987,0.8089399999999988,595
2026-07-30T04:15:00+00:00,0.8089399999999988,0.8089899999999988,0.8088399999999988,0.8089599999999988,684
2026-07-30T04:30:00+00:00,0.8089599999999988,0.8090599999999988,0.8088999999999987,0.8090199999999987,676
2026-07-30T04:45:00+00:00,0.8090199999999987,0.8093099999999988,0.8089799999999987,0.8091299999999988,1055
2026-07-30T05:00:00+00:00,0.8091299999999988,0.8092299999999988,0.8087999999999987,0.8088199999999988,997
2026-07-30T05:15:00+00:00,0.8088199999999988,0.8088299999999987,0.8085699999999988,0.8086399999999988,1044
2026-07-30T05:30:00+00:00,0.8086399999999988,0.8090999999999987,0.8085999999999988,0.8089699999999987,1250
2026-07-30T05:45:00+00:00,0.8089699999999987,0.8092799999999988,0.8086999999999988,0.8092399999999987,1438
2026-07-30T06:00:00+00:00,0.8092399999999987,0.8096899999999988,0.8091199999999987,0.8095899999999987,2039
2026-07-30T06:15:00+00:00,0.8095899999999987,0.8098299999999987,0.8094299999999988,0.8095099999999987,2157
2026-07-30T06:30:00+00:00,0.8095099999999987,0.8097899999999988,0.8091799999999988,0.8094999999999988,2034
2026-07-30T06:45:00+00:00,0.8094999999999988,0.8095099999999987,0.8090999999999987,0.8093999999999988,1270
2026-07-30T07:00:00+00:00,0.8093999999999988,0.8095299999999988,0.8086999999999988,0.8094799999999988,4056
2026-07-30T07:15:00+00:00,0.8094799999999988,0.8102499999999988,0.8093599999999987,0.8102399999999987,2690
2026-07-30T07:30:00+00:00,0.8102399999999987,0.8107399999999988,0.8102399999999987,0.8106699999999988,2012
2026-07-30T07:45:00+00:00,0.8106699999999988,0.8110499999999987,0.8106399999999988,0.8108299999999987,1948
2026-07-30T08:00:00+00:00,0.8108299999999987,0.8108699999999988,0.8096799999999987,0.8099099999999988,2661
2026-07-30T08:15:00+00:00,0.8099099999999988,0.8099399999999988,0.8089799999999987,0.8089799999999987,2148
2026-07-30T08:30:00+00:00,0.8089799999999987,0.8098199999999988,0.8086699999999988,0.8093499999999988,2486
2026-07-30T08:45:00+00:00,0.8093499999999988,0.8098599999999988,0.8091299999999988,0.8097999999999987,1949
2026-07-30T09:00:00+00:00,0.8097999999999987,0.8098299999999987,0.8088499999999987,0.8089599999999988,2151
2026-07-30T09:15:00+00:00,0.8089599999999988,0.8090799999999988,0.8081499999999987,0.8082499999999988,1977
2026-07-30T09:30:00+00:00,0.8082499999999988,0.8084799999999988,0.8078499999999987,0.8079599999999988,1865
2026-07-30T09:45:00+00:00,0.8079599999999988,0.8081199999999987,0.8072799999999988,0.8077099999999987,2252
2026-07-30T10:00:00+00:00,0.8077099999999987,0.8079499999999987,0.8067099999999987,0.8068299999999987,2806
2026-07-30T10:15:00+00:00,0.8068299999999987,0.8071399999999987,0.8055999999999988,0.8067699999999988,4077
2026-07-30T10:30:00+00:00,0.8067699999999988,0.8067899999999988,0.8056799999999987,0.8059699999999987,3028
2026-07-30T10:45:00+00:00,0.8059699999999987,0.8064299999999988,0.8055499999999988,0.8064099999999987,2891
2026-07-30T11:00:00+00:00,0.8064099999999987,0.8067399999999988,0.8059699999999987,0.8066499999999988,2532
2026-07-30T11:15:00+00:00,0.8066499999999988,0.8072399999999987,0.8064699999999988,0.8070199999999987,2378
2026-07-30T11:30:00+00:00,0.8070199999999987,0.8072899999999987,0.8068699999999988,0.8072499999999988,1882
2026-07-30T11:45:00+00:00,0.8072499999999988,0.8072599999999988,0.8061499999999987,0.8061599999999988,1808
2026-07-30T12:00:00+00:00,0.8061599999999988,0.8061699999999987,0.8051799999999988,0.8052499999999988,2699
2026-07-30T12:15:00+00:00,0.8052499999999988,0.8058599999999988,0.8052499999999988,0.8054699999999988,2116
2026-07-30T12:30:00+00:00,0.8054699999999988,0.8062299999999988,0.8050199999999987,0.8055499999999988,4297
2026-07-30T12:45:00+00:00,0.8055499999999988,0.8066699999999988,0.8053799999999988,0.8065099999999987,4287
2026-07-30T13:00:00+00:00,0.8065099999999987,0.8065299999999987,0.8055899999999988,0.8059199999999987,3745
2026-07-30T13:15:00+00:00,0.8059199999999987,0.8060199999999987,0.8051199999999987,0.8052599999999988,3028
2026-07-30T13:30:00+00:00,0.8052599999999988,0.8057199999999988,0.8018899999999988,0.8024299999999988,10416
2026-07-30T13:45:00+00:00,0.8024299999999988,0.8029899999999988,0.7997599999999988,0.8000299999999988,9650
2026-07-30T14:00:00+00:00,0.8000299999999988,0.8001899999999987,0.7974799999999987,0.7992099999999988,12547
2026-07-30T14:15:00+00:00,0.7992099999999988,0.8006699999999988,0.7985399999999988,0.8002499999999988,10139
2026-07-30T14:30:00+00:00,0.8002499999999988,0.8013399999999987,0.7998999999999987,0.8008399999999988,5828
2026-07-30T14:45:00+00:00,0.8008399999999988,0.8016499999999988,0.8005799999999987,0.8012599999999988,4506
2026-07-30T15:00:00+00:00,0.8012599999999988,0.8014099999999987,0.8002099999999988,0.8006799999999987,4466
2026-07-30T15:15:00+00:00,0.8006799999999987,0.8007499999999987,0.8000999999999987,0.8001599999999988,3494
2026-07-30T15:30:00+00:00,0.8001599999999988,0.8004399999999987,0.7992399999999987,0.7993699999999988,3048
2026-07-30T15:45:00+00:00,0.7993699999999988,0.7995499999999988,0.7989199999999987,0.7992799999999988,3026
2026-07-30T16:00:00+00:00,0.7992799999999988,0.7992999999999988,0.7985899999999988,0.7987499999999987,2969
2026-07-30T16:15:00+00:00,0.7987499999999987,0.7988699999999987,0.7981199999999987,0.7982399999999987,2547
2026-07-30T16:30:00+00:00,0.7982399999999987,0.7987799999999987,0.7980699999999987,0.7987499999999987,2163
2026-07-30T16:45:00+00:00,0.7987499999999987,0.7989199999999987,0.7983099999999987,0.7983099999999987,1815
2026-07-30T17:00:00+00:00,0.7983099999999987,0.7990799999999988,0.7981499999999988,0.7990699999999987,1963
2026-07-30T17:15:00+00:00,0.7990699999999987,0.7992699999999987,0.7990299999999988,0.7992099999999988,1280
2026-07-30T17:30:00+00:00,0.7992099999999988,0.7995899999999988,0.7979799999999988,0.7981299999999988,4152
2026-07-30T17:45:00+00:00,0.7981299999999988,0.7984599999999987,0.7977599999999988,0.7980499999999987,3242
2026-07-30T18:00:00+00:00,0.7980499999999987,0.7983399999999987,0.7976099999999987,0.7976299999999987,2494
2026-07-30T18:15:00+00:00,0.7976299999999987,0.7984399999999987,0.7976199999999988,0.7980899999999987,1834
2026-07-30T18:30:00+00:00,0.7980899999999987,0.7982999999999988,0.7978899999999988,0.7981799999999988,1750
2026-07-30T18:45:00+00:00,0.7981799999999988,0.7981999999999988,0.7975399999999988,0.7975399999999988,1914
2026-07-30T19:00:00+00:00,0.7975399999999988,0.7983599999999987,0.7975199999999988,0.7983499999999988,1658
2026-07-30T19:15:00+00:00,0.7983499999999988,0.7984799999999987,0.7980399999999988,0.7982799999999988,1148
2026-07-30T19:30:00+00:00,0.7982799999999988,0.7984199999999988,0.7982199999999987,0.7983199999999987,1330
2026-07-30T19:45:00+00:00,0.7983199999999987,0.7985199999999988,0.7981799999999988,0.7982499999999988,1374
2026-07-30T20:00:00+00:00,0.7982499999999988,0.7984999999999988,0.7982099999999988,0.7984599999999987,1055
2026-07-30T20:15:00+00:00,0.7984599999999987,0.7987299999999987,0.7984599999999987,0.7986399999999988,622
2026-07-30T20:30:00+00:00,0.7986399999999988,0.7989799999999988,0.7984599999999987,0.7989199999999987,627
2026-07-30T20:45:00+00:00,0.7989199999999987,0.7989999999999987,0.7985299999999987,0.7985299999999987,701
2026-07-30T21:00:00+00:00,0.7985299999999987,0.7985299999999987,0.7977699999999988,0.7981599999999988,83.7460538885961
2026-07-30T21:15:00+00:00,0.7981599999999988,0.7992899999999988,0.7980499999999987,0.7989999999999988,329.9883419380044
2026-07-30T21:30:00+00:00,0.7989999999999988,0.7989999999999988,0.7984999999999989,0.7989899999999989,196
2026-07-30T21:45:00+00:00,0.7989899999999989,0.7994999999999989,0.7986099999999988,0.7993599999999988,544
2026-07-30T22:00:00+00:00,0.7993599999999988,0.7996199999999989,0.7990899999999989,0.7994699999999988,1706
2026-07-30T22:15:00+00:00,0.7994699999999988,0.7996899999999988,0.7994499999999989,0.7995799999999988,430
2026-07-30T22:30:00+00:00,0.7995799999999988,0.7996499999999989,0.7991299999999988,0.7993399999999988,739
2026-07-30T22:45:00+00:00,0.7993399999999988,0.7995999999999989,0.7993199999999988,0.7995099999999988,377
2026-07-30T23:00:00+00:00,0.7995099999999988,0.7998299999999988,0.7993599999999988,0.7997799999999988,788
2026-07-30T23:15:00+00:00,0.7997799999999988,0.8000099999999989,0.7997399999999988,0.7999899999999989,889
2026-07-30T23:30:00+00:00,0.7999899999999989,0.8001799999999989,0.7998799999999988,0.7999699999999988,936
2026-07-30T23:45:00+00:00,0.7999699999999988,0.8000399999999989,0.7997399999999988,0.8000299999999988,984
2026-07-31T00:00:00+00:00,0.8000299999999988,0.8004899999999988,0.7999399999999989,0.8001699999999988,2653
2026-07-31T00:15:00+00:00,0.8001699999999988,0.8002099999999989,0.7996099999999988,0.7999999999999988,2108
2026-07-31T00:30:00+00:00,0.7999999999999988,0.8006399999999988,0.7997999999999988,0.8005599999999988,2242
2026-07-31T00:45:00+00:00,0.8005599999999988,0.8007399999999988,0.8002099999999989,0.8003899999999988,2361
2026-07-31T01:00:00+00:00,0.8003899999999988,0.8006599999999988,0.8000799999999988,0.8004899999999988,2466
2026-07-31T01:15:00+00:00,0.8004899999999988,0.8006399999999988,0.8001099999999989,0.8003299999999989,2143
2026-07-31T01:30:00+00:00,0.8003299999999989,0.8007599999999988,0.7999499999999988,0.8007299999999988,2136
2026-07-31T01:45:00+00:00,0.8007299999999988,0.8011899999999988,0.8006299999999988,0.8011599999999989,1753
2026-07-31T02:00:00+00:00,0.8011599999999989,0.8011599999999989,0.8005699999999988,0.8007099999999988,2236
2026-07-31T02:15:00+00:00,0.8007099999999988,0.8008899999999989,0.8005999999999989,0.8008399999999989,1415
2026-07-31T02:30:00+00:00,0.8008399999999989,0.8010499999999988,0.8007399999999988,0.8009999999999988,1353
2026-07-31T02:45:00+00:00,0.8009999999999988,0.8012399999999988,0.8009599999999988,0.8010799999999988,1299
2026-07-31T03:00:00+00:00,0.8010799999999988,0.8013599999999989,0.8008499999999988,0.8011699999999988,1889
2026-07-31T03:15:00+00:00,0.8011699999999988,0.8013499999999988,0.8010899999999989,0.8012799999999989,1341
2026-07-31T03:30:00+00:00,0.8012799999999989,0.8014499999999989,0.8010799999999988,0.8013399999999988,1559
2026-07-31T03:45:00+00:00,0.8013399999999988,0.8013499999999988,0.8010699999999988,0.8010999999999988,1474
2026-07-31T04:00:00+00:00,0.8010999999999988,0.8012199999999988,0.8009799999999988,0.8011599999999989,1362
2026-07-31T04:15:00+00:00,0.8011599999999989,0.8012999999999988,0.8010799999999988,0.8012999999999988,1054
2026-07-31T04:30:00+00:00,0.8012999999999988,0.8015599999999988,0.8012599999999989,0.8014699999999988,1730
2026-07-31T04:45:00+00:00,0.8014699999999988,0.8016999999999989,0.8013599999999989,0.8013599999999989,1884
2026-07-31T05:00:00+00:00,0.8013599999999989,0.8015699999999988,0.8012999999999988,0.8015399999999988,1487
2026-07-31T05:15:00+00:00,0.8015399999999988,0.8017699999999989,0.8014199999999988,0.8017699999999989,1458
2026-07-31T05:30:00+00:00,0.8017699999999989,0.8017699999999989,0.8013099999999989,0.8017199999999989,2222
2026-07-31T05:45:00+00:00,0.8017199999999989,0.8020899999999989,0.8017199999999989,0.8019699999999989,1598
2026-07-31T06:00:00+00:00,0.8019699999999989,0.8020399999999989,0.8007599999999988,0.8007799999999988,2131
2026-07-31T06:15:00+00:00,0.8007799999999988,0.8010599999999989,0.8002699999999988,0.8003899999999988,2029
2026-07-31T06:30:00+00:00,0.8003899999999988,0.8011899999999988,0.8003899999999988,0.8010899999999989,2804
2026-07-31T06:45:00+00:00,0.8010899999999989,0.8010899999999989,0.8002699999999988,0.8007299999999988,3592
2026-07-31T07:00:00+00:00,0.8007299999999988,0.8010599999999989,0.8006299999999988,0.8006699999999989,2748
2026-07-31T07:15:00+00:00,0.8006699999999989,0.8012999999999988,0.8006599999999988,0.8011699999999988,2515
2026-07-31T07:30:00+00:00,0.8011699999999988,0.8014899999999988,0.8011199999999988,0.8012599999999989,1864
2026-07-31T07:45:00+00:00,0.8012599999999989,0.8014799999999989,0.8006199999999989,0.8013099999999989,2666
2026-07-31T08:00:00+00:00,0.8013099999999989,0.8021899999999988,0.8013099999999989,0.8018799999999988,2235
2026-07-31T08:15:00+00:00,0.8018799999999988,0.8021599999999989,0.8015299999999989,0.8021599999999989,2453
2026-07-31T08:30:00+00:00,0.8021599999999989,0.8023899999999988,0.8016599999999988,0.8017599999999988,2371
2026-07-31T08:45:00+00:00,0.8017599999999988,0.8017799999999988,0.8001499999999989,0.8003999999999989,4743
2026-07-31T09:00:00+00:00,0.8003999999999989,0.8015099999999988,0.7997499999999989,0.8013499999999989,6472
2026-07-31T09:15:00+00:00,0.8013499999999989,0.8022099999999989,0.8011899999999988,0.8021499999999989,2917
2026-07-31T09:30:00+00:00,0.8021499999999989,0.8026899999999989,0.8017099999999989,0.8026699999999989,2399
2026-07-31T09:45:00+00:00,0.8026699999999989,0.8027699999999989,0.8022699999999989,0.8024999999999989,1599
2026-07-31T10:00:00+00:00,0.8024999999999989,0.8027699999999989,0.8024099999999988,0.8026399999999989,1845
2026-07-31T10:15:00+00:00,0.8026399999999989,0.8029799999999989,0.8026299999999988,0.8029599999999989,2015
2026-07-31T10:30:00+00:00,0.8029599999999989,0.8031999999999989,0.8027799999999988,0.8030799999999989,2022
2026-07-31T10:45:00+00:00,0.8030799999999989,0.8033399999999988,0.8029099999999989,0.8032999999999989,1692
2026-07-31T11:00:00+00:00,0.8032999999999989,0.8037699999999989,0.8032999999999989,0.8036199999999989,1618
2026-07-31T11:15:00+00:00,0.8036199999999989,0.8039399999999989,0.8035699999999989,0.8039399999999989,2183
2026-07-31T11:30:00+00:00,0.8039399999999989,0.8041999999999989,0.8037499999999989,0.8037499999999989,1782
2026-07-31T11:45:00+00:00,0.8037499999999989,0.8040799999999989,0.8035999999999989,0.8040399999999989,2173
2026-07-31T12:00:00+00:00,0.8040399999999989,0.8044699999999989,0.8040099999999989,0.8042399999999988,1866
2026-07-31T12:15:00+00:00,0.8042399999999988,0.8050099999999989,0.8041599999999989,0.8049699999999989,1823
2026-07-31T12:30:00+00:00,0.8049699999999989,0.8052699999999989,0.8047399999999989,0.8051399999999989,1714
2026-07-31T12:45:00+00:00,0.8051399999999989,0.8051399999999989,0.8046099999999988,0.8048699999999989,2309
2026-07-31T13:00:00+00:00,0.8048699999999989,0.8052499999999989,0.8046899999999989,0.8052399999999988,2583
2026-07-31T13:15:00+00:00,0.8052399999999988,0.8055199999999989,0.8030899999999989,0.8037699999999989,7020
2026-07-31T13:30:00+00:00,0.8037699999999989,0.8064099999999988,0.8036499999999989,0.8056699999999989,9918
2026-07-31T13:45:00+00:00,0.8056699999999989,0.8069399999999989,0.8056599999999988,0.8068799999999989,5026
2026-07-31T14:00:00+00:00,0.8068799999999989,0.8071299999999989,0.8060899999999989,0.8061099999999989,5529
2026-07-31T14:15:00+00:00,0.8061099999999989,0.8061899999999989,0.8055899999999989,0.8056199999999989,5066
2026-07-31T14:30:00+00:00,0.8056199999999989,0.8056999999999989,0.8042799999999989,0.8042999999999989,4451
2026-07-31T14:45:00+00:00,0.8042999999999989,0.8044499999999989,0.8031299999999989,0.8032299999999989,6556
2026-07-31T15:00:00+00:00,0.8032299999999989,0.8039099999999989,0.8028099999999989,0.8029499999999988,5031
2026-07-31T15:15:00+00:00,0.8029499999999988,0.8035199999999989,0.8025499999999989,0.8033699999999989,3739
2026-07-31T15:30:00+00:00,0.8033699999999989,0.8036499999999989,0.8027499999999989,0.8029799999999989,3003
2026-07-31T15:45:00+00:00,0.8029799999999989,0.8030199999999988,0.8022999999999989,0.8024099999999988,2772
2026-07-31T16:00:00+00:00,0.8024099999999988,0.8029399999999989,0.8023899999999988,0.8025999999999989,2123
2026-07-31T16:15:00+00:00,0.8025999999999989,0.8033299999999989,0.8025299999999989,0.8032399999999988,2254
2026-07-31T16:30:00+00:00,0.8032399999999988,0.8033099999999989,0.8028899999999989,0.8031799999999989,1397
2026-07-31T16:45:00+00:00,0.8031799999999989,0.8033299999999989,0.8027699999999989,0.8031199999999988,2034
2026-07-31T17:00:00+00:00,0.8031199999999988,0.8031799999999989,0.8026599999999989,0.8027599999999989,1927
2026-07-31T17:15:00+00:00,0.8027599999999989,0.8029999999999988,0.8019199999999989,0.8019499999999988,3729
2026-07-31T17:30:00+00:00,0.8019499999999988,0.8019499999999988,0.8014699999999989,0.8015799999999988,4981
2026-07-31T17:45:00+00:00,0.8015799999999988,0.8025999999999989,0.8015299999999989,0.8021699999999988,5741
2026-07-31T18:00:00+00:00,0.8021699999999988,0.8025199999999989,0.8016799999999988,0.8024799999999989,3261
2026-07-31T18:15:00+00:00,0.8024799999999989,0.8026199999999989,0.8022299999999989,0.8023799999999989,2029
2026-07-31T18:30:00+00:00,0.8023799999999989,0.8026899999999989,0.8023499999999989,0.8026899999999989,1860
2026-07-31T18:45:00+00:00,0.8026899999999989,0.8029599999999989,0.8024199999999989,0.8024599999999988,1842
2026-07-31T19:00:00+00:00,0.8024599999999988,0.8024699999999989,0.8021899999999988,0.8023499999999989,1408
2026-07-31T19:15:00+00:00,0.8023499999999989,0.8025399999999989,0.8023399999999988,0.8024599999999988,827
2026-07-31T19:30:00+00:00,0.8024599999999988,0.8027999999999988,0.8021899999999988,0.8021899999999988,1349
2026-07-31T19:45:00+00:00,0.8021899999999988,0.8026199999999989,0.8020299999999989,0.8025999999999989,2044
2026-07-31T20:00:00+00:00,0.8025999999999989,0.8029699999999989,0.8023699999999989,0.8023699999999989,1575
2026-07-31T20:15:00+00:00,0.8023699999999989,0.8024199999999989,0.8015599999999988,0.8015599999999988,2208
2026-07-31T20:30:00+00:00,0.8015599999999988,0.8027599999999989,0.8012599999999989,0.8020199999999988,2171
2026-07-31T20:45:00+00:00,0.8020199999999988,0.8021199999999988,0.8006999999999989,0.8009999999999989,2914.9889030015374
2026-08-02T21:00:00+00:00,0.8009999999999989,0.8019599999999991,0.800959999999999,0.8019599999999991,77.6277609116455
2026-08-02T21:15:00+00:00,0.8019599999999991,0.8022699999999992,0.8019599999999991,0.8021999999999991,267.8298201206819
2026-08-02T21:30:00+00:00,0.8021999999999991,0.8028499999999991,0.7994399999999992,0.7994399999999992,244.86620599730043
2026-08-02T21:45:00+00:00,0.7994399999999992,0.8008499999999992,0.7988499999999992,0.8000999999999991,256.6431491667014
2026-08-02T22:00:00+00:00,0.8000999999999991,0.8014399999999992,0.8000999999999991,0.8003199999999991,990
2026-08-02T22:15:00+00:00,0.8003199999999991,0.8014799999999991,0.8003099999999991,0.8012899999999992,1775
2026-08-02T22:30:00+00:00,0.8012899999999992,0.8016799999999992,0.8012799999999991,0.8015099999999992,1062
2026-08-02T22:45:00+00:00,0.8015099999999992,0.8016399999999991,0.8011399999999991,0.8015799999999991,1036
2026-08-02T23:00:00+00:00,0.8015799999999991,0.801839999999999,0.801169999999999,0.8016799999999991,1562
2026-08-02T23:15:00+00:00,0.8016799999999991,0.801889999999999,0.801479999999999,0.801739999999999,1032
2026-08-02T23:30:00+00:00,0.801739999999999,0.8019699999999991,0.801689999999999,0.8018499999999991,926
2026-08-02T23:45:00+00:00,0.8018499999999991,0.801929999999999,0.801559999999999,0.801569999999999,1292
2026-08-03T00:00:00+00:00,0.801569999999999,0.801999999999999,0.801559999999999,0.801889999999999,3162
2026-08-03T00:15:00+00:00,0.801889999999999,0.801939999999999,0.800259999999999,0.800349999999999,5234
2026-08-03T00:30:00+00:00,0.800349999999999,0.800829999999999,0.800169999999999,0.8003599999999991,6934
2026-08-03T00:45:00+00:00,0.8003599999999991,0.801479999999999,0.800199999999999,0.801429999999999,7945
2026-08-03T01:00:00+00:00,0.801429999999999,0.802439999999999,0.801149999999999,0.802429999999999,5239
2026-08-03T01:15:00+00:00,0.802429999999999,0.803059999999999,0.802319999999999,0.8029699999999991,2663
2026-08-03T01:30:00+00:00,0.8029699999999991,0.803299999999999,0.802869999999999,0.803159999999999,2399
2026-08-03T01:45:00+00:00,0.803159999999999,0.803569999999999,0.803039999999999,0.803419999999999,1928
2026-08-03T02:00:00+00:00,0.803419999999999,0.8040199999999991,0.8032899999999991,0.803959999999999,1765
2026-08-03T02:15:00+00:00,0.803959999999999,0.804049999999999,0.803599999999999,0.803659999999999,1405
2026-08-03T02:30:00+00:00,0.803659999999999,0.803699999999999,0.8032899999999991,0.803639999999999,1712
2026-08-03T02:45:00+00:00,0.803639999999999,0.8036799999999991,0.803389999999999,0.803479999999999,1308
2026-08-03T03:00:00+00:00,0.803479999999999,0.8038499999999991,0.803429999999999,0.803709999999999,1706
2026-08-03T03:15:00+00:00,0.803709999999999,0.803789999999999,0.803549999999999,0.803609999999999,1222
2026-08-03T03:30:00+00:00,0.803609999999999,0.803979999999999,0.803479999999999,0.803889999999999,1446
2026-08-03T03:45:00+00:00,0.803889999999999,0.803949999999999,0.803699999999999,0.803699999999999,1141
2026-08-03T04:00:00+00:00,0.803699999999999,0.8037299999999991,0.803439999999999,0.8034599999999991,1097
2026-08-03T04:15:00+00:00,0.8034599999999991,0.803559999999999,0.803349999999999,0.8034099999999991,1024
2026-08-03T04:30:00+00:00,0.8034099999999991,0.803539999999999,0.803099999999999,0.803109999999999,1414
2026-08-03T04:45:00+00:00,0.803109999999999,0.803419999999999,0.803089999999999,0.803249999999999,1239
2026-08-03T05:00:00+00:00,0.803249999999999,0.803429999999999,0.803109999999999,0.8031899999999991,1220
2026-08-03T05:15:00+00:00,0.8031899999999991,0.803309999999999,0.8030699999999991,0.8030699999999991,736
2026-08-03T05:30:00+00:00,0.8030699999999991,0.803109999999999,0.802819999999999,0.802919999999999,796
2026-08-03T05:45:00+00:00,0.802919999999999,0.802989999999999,0.802739999999999,0.802829999999999,1030
2026-08-03T06:00:00+00:00,0.802829999999999,0.802829999999999,0.802469999999999,0.802709999999999,1492
2026-08-03T06:15:00+00:00,0.802709999999999,0.802949999999999,0.802539999999999,0.802779999999999,1874
2026-08-03T06:30:00+00:00,0.802779999999999,0.803639999999999,0.802719999999999,0.8035799999999991,2333
2026-08-03T06:45:00+00:00,0.8035799999999991,0.804039999999999,0.803559999999999,0.803829999999999,2011
2026-08-03T07:00:00+00:00,0.803829999999999,0.803949999999999,0.803159999999999,0.803179999999999,2634
2026-08-03T07:15:00+00:00,0.803179999999999,0.803829999999999,0.802979999999999,0.803199999999999,3100
2026-08-03T07:30:00+00:00,0.803199999999999,0.803199999999999,0.802429999999999,0.803059999999999,2192
2026-08-03T07:45:00+00:00,0.803059999999999,0.803169999999999,0.802809999999999,0.802979999999999,2115
2026-08-03T08:00:00+00:00,0.802979999999999,0.803159999999999,0.802639999999999,0.802769999999999,2602
2026-08-03T08:15:00+00:00,0.802769999999999,0.803349999999999,0.802759999999999,0.803319999999999,1793
2026-08-03T08:30:00+00:00,0.803319999999999,0.803559999999999,0.802929999999999,0.803539999999999,2071
2026-08-03T08:45:00+00:00,0.803539999999999,0.803869999999999,0.803439999999999,0.8035099999999991,1919
2026-08-03T09:00:00+00:00,0.8035099999999991,0.803559999999999,0.8028499999999991,0.802929999999999,1854
2026-08-03T09:15:00+00:00,0.802929999999999,0.803159999999999,0.802809999999999,0.802839999999999,1373
2026-08-03T09:30:00+00:00,0.802839999999999,0.803029999999999,0.802549999999999,0.8025799999999991,1616
2026-08-03T09:45:00+00:00,0.8025799999999991,0.803349999999999,0.8023599999999991,0.803339999999999,2115
2026-08-03T10:00:00+00:00,0.803339999999999,0.803399999999999,0.802959999999999,0.803109999999999,2233
2026-08-03T10:15:00+00:00,0.803109999999999,0.8035099999999991,0.803109999999999,0.803229999999999,2268
2026-08-03T10:30:00+00:00,0.803229999999999,0.803739999999999,0.803219999999999,0.803739999999999,1791
2026-08-03T10:45:00+00:00,0.803739999999999,0.803869999999999,0.803299999999999,0.803689999999999,1818
2026-08-03T11:00:00+00:00,0.803689999999999,0.803689999999999,0.803369999999999,0.803469999999999,1327
2026-08-03T11:15:00+00:00,0.803469999999999,0.803949999999999,0.8034099999999991,0.803859999999999,1416
2026-08-03T11:30:00+00:00,0.803859999999999,0.8038999999999991,0.803379999999999,0.8034599999999991,1074
2026-08-03T11:45:00+00:00,0.8034599999999991,0.803519999999999,0.802549999999999,0.802549999999999,2736
2026-08-03T12:00:00+00:00,0.802549999999999,0.8028499999999991,0.802449999999999,0.802739999999999,2588
2026-08-03T12:15:00+00:00,0.802739999999999,0.8032899999999991,0.802699999999999,0.8032399999999991,1830
2026-08-03T12:30:00+00:00,0.8032399999999991,0.803749999999999,0.8028499999999991,0.803689999999999,1987
2026-08-03T12:45:00+00:00,0.803689999999999,0.803959999999999,0.8034599999999991,0.803599999999999,1855
2026-08-03T13:00:00+00:00,0.803599999999999,0.8037299999999991,0.803209999999999,0.803699999999999,2614
2026-08-03T13:15:00+00:00,0.803699999999999,0.8040199999999991,0.803389999999999,0.803389999999999,3051
2026-08-03T13:30:00+00:00,0.803389999999999,0.804089999999999,0.803219999999999,0.803889999999999,3782
2026-08-03T13:45:00+00:00,0.803889999999999,0.804179999999999,0.803339999999999,0.803339999999999,2994
2026-08-03T14:00:00+00:00,0.803339999999999,0.804299999999999,0.803299999999999,0.8042399999999991,3759
2026-08-03T14:15:00+00:00,0.8042399999999991,0.804369999999999,0.803599999999999,0.804109999999999,4148
2026-08-03T14:30:00+00:00,0.804109999999999,0.804709999999999,0.804009999999999,0.804479999999999,3000
2026-08-03T14:45:00+00:00,0.804479999999999,0.8048999999999991,0.804299999999999,0.804869999999999,2938
2026-08-03T15:00:00+00:00,0.804869999999999,0.805879999999999,0.804869999999999,0.8057999999999991,3215
2026-08-03T15:15:00+00:00,0.8057999999999991,0.806039999999999,0.805329999999999,0.805939999999999,2743
2026-08-03T15:30:00+00:00,0.805939999999999,0.806099999999999,0.8055099999999991,0.805599999999999,3311
2026-08-03T15:45:00+00:00,0.805599999999999,0.805599999999999,0.804989999999999,0.805159999999999,2879
2026-08-03T16:00:00+00:00,0.805159999999999,0.805369999999999,0.804989999999999,0.805179999999999,1905
2026-08-03T16:15:00+00:00,0.805179999999999,0.805559999999999,0.805129999999999,0.805349999999999,2233
2026-08-03T16:30:00+00:00,0.805349999999999,0.805429999999999,0.805049999999999,0.805279999999999,1809
2026-08-03T16:45:00+00:00,0.805279999999999,0.805609999999999,0.805219999999999,0.805539999999999,1461
2026-08-03T17:00:00+00:00,0.805539999999999,0.8060199999999991,0.805539999999999,0.8058999999999991,1330
2026-08-03T17:15:00+00:00,0.8058999999999991,0.806039999999999,0.805789999999999,0.805829999999999,1163
2026-08-03T17:30:00+00:00,0.805829999999999,0.8058999999999991,0.805709999999999,0.805749999999999,1252
2026-08-03T17:45:00+00:00,0.805749999999999,0.805999999999999,0.805559999999999,0.8059499999999991,1416
2026-08-03T18:00:00+00:00,0.8059499999999991,0.806059999999999,0.8054099999999991,0.805499999999999,1762
2026-08-03T18:15:00+00:00,0.805499999999999,0.805499999999999,0.805049999999999,0.8051199999999991,1714
2026-08-03T18:30:00+00:00,0.8051199999999991,0.805159999999999,0.804779999999999,0.8048499999999991,1894
2026-08-03T18:45:00+00:00,0.8048499999999991,0.8048999999999991,0.8044599999999991,0.804649999999999,1926
2026-08-03T19:00:00+00:00,0.804649999999999,0.804709999999999,0.8045099999999991,0.804539999999999,1330
2026-08-03T19:15:00+00:00,0.804539999999999,0.804619999999999,0.804399999999999,0.804589999999999,841
2026-08-03T19:30:00+00:00,0.804589999999999,0.804759999999999,0.804519999999999,0.8045799999999991,1010
2026-08-03T19:45:00+00:00,0.8045799999999991,0.804829999999999,0.804569999999999,0.804759999999999,1056
2026-08-03T20:00:00+00:00,0.804759999999999,0.8049699999999991,0.804719999999999,0.804949999999999,725
2026-08-03T20:15:00+00:00,0.804949999999999,0.805059999999999,0.804719999999999,0.804939999999999,836
2026-08-03T20:30:00+00:00,0.804939999999999,0.8049699999999991,0.804709999999999,0.804839999999999,689
2026-08-03T20:45:00+00:00,0.804839999999999,0.8050199999999991,0.804439999999999,0.804439999999999,949
2026-08-03T21:00:00+00:00,0.804439999999999,0.8047999999999991,0.8036199999999991,0.8044299999999991,324.0705660281377
2026-08-03T21:15:00+00:00,0.8044299999999991,0.8050399999999991,0.8041199999999991,0.804169999999999,560
2026-08-03T21:30:00+00:00,0.804169999999999,0.804709999999999,0.804149999999999,0.8046799999999991,533
2026-08-03T21:45:00+00:00,0.8046799999999991,0.8048399999999991,0.8043099999999991,0.804349999999999,568
2026-08-03T22:00:00+00:00,0.804349999999999,0.805249999999999,0.804349999999999,0.805199999999999,413
2026-08-03T22:15:00+00:00,0.805199999999999,0.805219999999999,0.8050399999999991,0.805199999999999,256
2026-08-03T22:30:00+00:00,0.805199999999999,0.8052599999999991,0.8048699999999991,0.804959999999999,377
2026-08-03T22:45:00+00:00,0.804959999999999,0.8049699999999991,0.8047299999999991,0.8048399999999991,263
2026-08-03T23:00:00+00:00,0.8048399999999991,0.8049699999999991,0.804739999999999,0.8047699999999991,436
2026-08-03T23:15:00+00:00,0.8047699999999991,0.8048499999999991,0.8047199999999991,0.8048499999999991,406
2026-08-03T23:30:00+00:00,0.8048499999999991,0.8051199999999991,0.8048199999999991,0.8050599999999991,656
2026-08-03T23:45:00+00:00,0.8050599999999991,0.805219999999999,0.8050399999999991,0.8051799999999991,775
2026-08-04T00:00:00+00:00,0.8051799999999991,0.8051799999999991,0.804489999999999,0.8047999999999991,3859
2026-08-04T00:15:00+00:00,0.8047999999999991,0.8048499999999991,0.8045299999999991,0.804659999999999,2095
2026-08-04T00:30:00+00:00,0.804659999999999,0.8046799999999991,0.804219999999999,0.8043999999999991,1778
2026-08-04T00:45:00+00:00,0.8043999999999991,0.805049999999999,0.8043999999999991,0.804959999999999,2882
2026-08-04T01:00:00+00:00,0.804959999999999,0.8053099999999991,0.804959999999999,0.8050099999999991,2427
2026-08-04T01:15:00+00:00,0.8050099999999991,0.8051199999999991,0.8046799999999991,0.804809999999999,1267
2026-08-04T01:30:00+00:00,0.804809999999999,0.804809999999999,0.8044599999999991,0.8044599999999991,1767
2026-08-04T01:45:00+00:00,0.8044599999999991,0.8047299999999991,0.8044299999999991,0.8047299999999991,2386
2026-08-04T02:00:00+00:00,0.8047299999999991,0.8050099999999991,0.8045999999999991,0.8047499999999991,2216
2026-08-04T02:15:00+00:00,0.8047499999999991,0.8051799999999991,0.804639999999999,0.805049999999999,1503
2026-08-04T02:30:00+00:00,0.805049999999999,0.8050599999999991,0.8046199999999991,0.8046199999999991,1448
2026-08-04T02:45:00+00:00,0.8046199999999991,0.805079999999999,0.804539999999999,0.8050699999999991,1858
2026-08-04T03:00:00+00:00,0.8050699999999991,0.805169999999999,0.8047999999999991,0.805029999999999,1431
2026-08-04T03:15:00+00:00,0.805029999999999,0.8050399999999991,0.804639999999999,0.804709999999999,2115
2026-08-04T03:30:00+00:00,0.804709999999999,0.8051799999999991,0.804419999999999,0.804999999999999,3092
2026-08-04T03:45:00+00:00,0.804999999999999,0.805169999999999,0.804909999999999,0.805129999999999,1551
2026-08-04T04:00:00+00:00,0.805129999999999,0.8052399999999991,0.805049999999999,0.8051199999999991,1458
2026-08-04T04:15:00+00:00,0.8051199999999991,0.805149999999999,0.804949999999999,0.805049999999999,1534
2026-08-04T04:30:00+00:00,0.805049999999999,0.805049999999999,0.804859999999999,0.804959999999999,1710
2026-08-04T04:45:00+00:00,0.804959999999999,0.8050899999999991,0.804859999999999,0.8049399999999991,1070
2026-08-04T05:00:00+00:00,0.8049399999999991,0.8052399999999991,0.8048499999999991,0.805219999999999,1190
2026-08-04T05:15:00+00:00,0.805219999999999,0.805249999999999,0.804909999999999,0.8049399999999991,1139
2026-08-04T05:30:00+00:00,0.8049399999999991,0.8053599999999991,0.804859999999999,0.805319999999999,1673
2026-08-04T05:45:00+00:00,0.805319999999999,0.8054099999999991,0.8050399999999991,0.8051599999999991,1717
2026-08-04T06:00:00+00:00,0.8051599999999991,0.805319999999999,0.8049399999999991,0.804949999999999,2114
2026-08-04T06:15:00+00:00,0.804949999999999,0.8050599999999991,0.8044799999999991,0.804959999999999,2072
2026-08-04T06:30:00+00:00,0.804959999999999,0.8051899999999991,0.8047499999999991,0.805129999999999,1858
2026-08-04T06:45:00+00:00,0.805129999999999,0.805249999999999,0.804929999999999,0.8050099999999991,2151
2026-08-04T07:00:00+00:00,0.8050099999999991,0.8050699999999991,0.804689999999999,0.804949999999999,1979
2026-08-04T07:15:00+00:00,0.804949999999999,0.805029999999999,0.804389999999999,0.8046499999999991,1789
2026-08-04T07:30:00+00:00,0.8046499999999991,0.805149999999999,0.8046299999999991,0.8050599999999991,1998
2026-08-04T07:45:00+00:00,0.8050599999999991,0.8051599999999991,0.8047199999999991,0.8049899999999991,1751
2026-08-04T08:00:00+00:00,0.8049899999999991,0.8050099999999991,0.8045499999999991,0.8047899999999991,1785
2026-08-04T08:15:00+00:00,0.8047899999999991,0.804859999999999,0.8044099999999991,0.8044099999999991,1505
2026-08-04T08:30:00+00:00,0.8044099999999991,0.8050199999999991,0.8044099999999991,0.804909999999999,1757
2026-08-04T08:45:00+00:00,0.804909999999999,0.8051899999999991,0.8048999999999991,0.8049199999999991,1929
2026-08-04T09:00:00+00:00,0.8049199999999991,0.805199999999999,0.804809999999999,0.8048499999999991,1946
2026-08-04T09:15:00+00:00,0.8048499999999991,0.804879999999999,0.804519999999999,0.8045299999999991,1626
2026-08-04T09:30:00+00:00,0.8045299999999991,0.8049399999999991,0.8045299999999991,0.8049199999999991,1497
2026-08-04T09:45:00+00:00,0.8049199999999991,0.805129999999999,0.804879999999999,0.8049199999999991,1178
2026-08-04T10:00:00+00:00,0.8049199999999991,0.8049699999999991,0.804689999999999,0.8048199999999991,1360
2026-08-04T10:15:00+00:00,0.8048199999999991,0.8049899999999991,0.8046999999999991,0.8047999999999991,1045
2026-08-04T10:30:00+00:00,0.8047999999999991,0.8050699999999991,0.8043999999999991,0.804639999999999,1690
2026-08-04T10:45:00+00:00,0.804639999999999,0.804809999999999,0.8041799999999991,0.8047199999999991,3125
2026-08-04T11:00:00+00:00,0.8047199999999991,0.8048899999999991,0.8044599999999991,0.8044799999999991,1600
2026-08-04T11:15:00+00:00,0.8044799999999991,0.8044999999999991,0.803959999999999,0.803959999999999,1808
2026-08-04T11:30:00+00:00,0.803959999999999,0.8041099999999991,0.803269999999999,0.803369999999999,3031
2026-08-04T11:45:00+00:00,0.803369999999999,0.803829999999999,0.8032599999999991,0.8036699999999991,3616
2026-08-04T12:00:00+00:00,0.8036699999999991,0.804129999999999,0.8034999999999991,0.803929999999999,2566
2026-08-04T12:15:00+00:00,0.803929999999999,0.803999999999999,0.8035099999999991,0.803949999999999,1861
2026-08-04T12:30:00+00:00,0.803949999999999,0.803979999999999,0.802879999999999,0.803079999999999,2116
2026-08-04T12:45:00+00:00,0.803079999999999,0.803659999999999,0.803029999999999,0.8036299999999991,2073
2026-08-04T13:00:00+00:00,0.8036299999999991,0.8043999999999991,0.8036299999999991,0.804389999999999,1898
2026-08-04T13:15:00+00:00,0.804389999999999,0.804589999999999,0.803349999999999,0.8038499999999991,4771
2026-08-04T13:30:00+00:00,0.8038499999999991,0.803929999999999,0.8030399999999991,0.8032399999999991,3919
2026-08-04T13:45:00+00:00,0.8032399999999991,0.803439999999999,0.802999999999999,0.8031399999999991,2759
2026-08-04T14:00:00+00:00,0.8031399999999991,0.8033299999999991,0.802779999999999,0.802929999999999,2697
2026-08-04T14:15:00+00:00,0.802929999999999,0.8032899999999991,0.802829999999999,0.8032599999999991,2806
2026-08-04T14:30:00+00:00,0.8032599999999991,0.8036299999999991,0.8030699999999991,0.8034799999999991,2899
2026-08-04T14:45:00+00:00,0.8034799999999991,0.8038699999999991,0.8033999999999991,0.803589999999999,2920
2026-08-04T15:00:00+00:00,0.803589999999999,0.804029999999999,0.8035299999999991,0.804029999999999,2317
2026-08-04T15:15:00+00:00,0.804029999999999,0.8045799999999991,0.8040199999999991,0.804349999999999,2413
2026-08-04T15:30:00+00:00,0.804349999999999,0.804779999999999,0.804029999999999,0.804169999999999,2781
2026-08-04T15:45:00+00:00,0.804169999999999,0.8043099999999991,0.8038399999999991,0.8039399999999991,1963
2026-08-04T16:00:00+00:00,0.8039399999999991,0.8045299999999991,0.8039199999999991,0.8044599999999991,1636
2026-08-04T16:15:00+00:00,0.8044599999999991,0.8046299999999991,0.8043799999999991,0.8046199999999991,1455
2026-08-04T16:30:00+00:00,0.8046199999999991,0.805129999999999,0.8046199999999991,0.8048899999999991,1098
2026-08-04T16:45:00+00:00,0.8048899999999991,0.8050399999999991,0.8047499999999991,0.804959999999999,1392
2026-08-04T17:00:00+00:00,0.804959999999999,0.804959999999999,0.8046199999999991,0.8046699999999991,1662
2026-08-04T17:15:00+00:00,0.8046699999999991,0.805029999999999,0.804659999999999,0.8049399999999991,1447
2026-08-04T17:30:00+00:00,0.8049399999999991,0.8049899999999991,0.804439999999999,0.8044599999999991,1190
2026-08-04T17:45:00+00:00,0.8044599999999991,0.8047899999999991,0.8044499999999991,0.8047899999999991,1091
2026-08-04T18:00:00+00:00,0.8047899999999991,0.8049199999999991,0.804639999999999,0.8047999999999991,1301
2026-08-04T18:15:00+00:00,0.8047999999999991,0.8049199999999991,0.8046699999999991,0.804779999999999,1005
2026-08-04T18:30:00+00:00,0.804779999999999,0.8048199999999991,0.804349999999999,0.804349999999999,4052
2026-08-04T18:45:00+00:00,0.804349999999999,0.8044099999999991,0.803809999999999,0.803999999999999,1689
2026-08-04T19:00:00+00:00,0.803999999999999,0.804099999999999,0.8038499999999991,0.8040599999999991,1263
2026-08-04T19:15:00+00:00,0.8040599999999991,0.804079999999999,0.8038899999999991,0.8038999999999991,1161
2026-08-04T19:30:00+00:00,0.8038999999999991,0.804099999999999,0.803879999999999,0.8040099999999991,828
2026-08-04T19:45:00+00:00,0.8040099999999991,0.8042099999999991,0.8039899999999991,0.8040899999999991,2503
2026-08-04T20:00:00+00:00,0.8040899999999991,0.8040899999999991,0.8038699999999991,0.8038899999999991,1108
2026-08-04T20:15:00+00:00,0.8038899999999991,0.8038899999999991,0.8036799999999991,0.803779999999999,571
2026-08-04T20:30:00+00:00,0.803779999999999,0.8038699999999991,0.8037299999999991,0.8038399999999991,403
2026-08-04T20:45:00+00:00,0.8038399999999991,0.8038499999999991,0.8036499999999991,0.8037199999999991,607
2026-08-04T21:00:00+00:00,0.8037199999999991,0.8042599999999991,0.8030399999999992,0.8041099999999991,235.33048890896217
2026-08-04T21:15:00+00:00,0.8041099999999991,0.804249999999999,0.803829999999999,0.803979999999999,267.19406575781875
2026-08-04T21:30:00+00:00,0.803979999999999,0.8041399999999991,0.8037999999999991,0.8041399999999991,183
2026-08-04T21:45:00+00:00,0.8041399999999991,0.804389999999999,0.8038899999999991,0.8039899999999991,644.4201311903157
2026-08-04T22:00:00+00:00,0.8039899999999991,0.804389999999999,0.8039899999999991,0.804319999999999,296
2026-08-04T22:15:00+00:00,0.804319999999999,0.804369999999999,0.8042599999999991,0.8043299999999991,283
2026-08-04T22:30:00+00:00,0.8043299999999991,0.8043499999999991,0.804269999999999,0.804319999999999,228
2026-08-04T22:45:00+00:00,0.804319999999999,0.8045199999999991,0.8042799999999991,0.804389999999999,403
2026-08-04T23:00:00+00:00,0.804389999999999,0.8046399999999991,0.8043799999999991,0.804559999999999,674
2026-08-04T23:15:00+00:00,0.804559999999999,0.8047299999999991,0.8045499999999991,0.8047299999999991,386
2026-08-04T23:30:00+00:00,0.8047299999999991,0.8047499999999991,0.804589999999999,0.8045999999999991,431
2026-08-04T23:45:00+00:00,0.8045999999999991,0.804609999999999,0.804319999999999,0.8043599999999991,599
2026-08-05T00:00:00+00:00,0.8043599999999991,0.8044499999999991,0.804099999999999,0.8043799999999991,1670
2026-08-05T00:15:00+00:00,0.8043799999999991,0.804419999999999,0.803999999999999,0.8040699999999991,1313
2026-08-05T00:30:00+00:00,0.8040699999999991,0.8042099999999991,0.803949999999999,0.8041899999999991,1278
2026-08-05T00:45:00+00:00,0.8041899999999991,0.8043299999999991,0.8038999999999991,0.804149999999999,1959
2026-08-05T01:00:00+00:00,0.804149999999999,0.8043799999999991,0.8040799999999991,0.8041899999999991,1513
2026-08-05T01:15:00+00:00,0.8041899999999991,0.8044799999999991,0.8039399999999991,0.8043499999999991,1642
2026-08-05T01:30:00+00:00,0.8043499999999991,0.8044699999999991,0.8042599999999991,0.804319999999999,1103
2026-08-05T01:45:00+00:00,0.804319999999999,0.804319999999999,0.8040699999999991,0.8042099999999991,982
2026-08-05T02:00:00+00:00,0.8042099999999991,0.8042999999999991,0.8038199999999991,0.8039899999999991,2429
2026-08-05T02:15:00+00:00,0.8039899999999991,0.8040699999999991,0.8034599999999991,0.8036699999999991,1769
2026-08-05T02:30:00+00:00,0.8036699999999991,0.8036799999999991,0.802949999999999,0.8029599999999991,2240
2026-08-05T02:45:00+00:00,0.8029599999999991,0.8033499999999991,0.8029599999999991,0.803339999999999,1516
2026-08-05T03:00:00+00:00,0.803339999999999,0.8033499999999991,0.8026699999999991,0.8027699999999991,1261
2026-08-05T03:15:00+00:00,0.8027699999999991,0.802879999999999,0.8026499999999991,0.8028399999999991,691
2026-08-05T03:30:00+00:00,0.8028399999999991,0.8032299999999991,0.8028399999999991,0.803169999999999,718
2026-08-05T03:45:00+00:00,0.803169999999999,0.803169999999999,0.802979999999999,0.8030299999999991,874
2026-08-05T04:00:00+00:00,0.8030299999999991,0.803049999999999,0.8028599999999991,0.802929999999999,956
2026-08-05T04:15:00+00:00,0.802929999999999,0.8030099999999991,0.802779999999999,0.8028899999999991,1052
2026-08-05T04:30:00+00:00,0.8028899999999991,0.8032999999999991,0.802879999999999,0.8032799999999991,1044
2026-08-05T04:45:00+00:00,0.8032799999999991,0.803559999999999,0.8031899999999991,0.803439999999999,1166
2026-08-05T05:00:00+00:00,0.803439999999999,0.803709999999999,0.803439999999999,0.803589999999999,787
2026-08-05T05:15:00+00:00,0.803589999999999,0.8036399999999991,0.8034599999999991,0.803589999999999,929
2026-08-05T05:30:00+00:00,0.803589999999999,0.803589999999999,0.8033099999999991,0.8034099999999991,1142
2026-08-05T05:45:00+00:00,0.8034099999999991,0.803439999999999,0.8031599999999991,0.803339999999999,1374
2026-08-05T06:00:00+00:00,0.803339999999999,0.8034599999999991,0.8032099999999991,0.8034199999999991,1518
2026-08-05T06:15:00+00:00,0.8034199999999991,0.803879999999999,0.8034199999999991,0.8037699999999991,2296
2026-08-05T06:30:00+00:00,0.8037699999999991,0.8039899999999991,0.803169999999999,0.8031899999999991,2999
2026-08-05T06:45:00+00:00,0.8031899999999991,0.8033299999999991,0.8029099999999991,0.802949999999999,1570
2026-08-05T07:00:00+00:00,0.802949999999999,0.803659999999999,0.802729999999999,0.803659999999999,4556
2026-08-05T07:15:00+00:00,0.803659999999999,0.8041199999999991,0.8034499999999991,0.8041099999999991,3694
2026-08-05T07:30:00+00:00,0.8041099999999991,0.8042799999999991,0.8037699999999991,0.8042499999999991,1726
2026-08-05T07:45:00+00:00,0.8042499999999991,0.804589999999999,0.8042099999999991,0.804389999999999,1855
2026-08-05T08:00:00+00:00,0.804389999999999,0.8047899999999991,0.804219999999999,0.804709999999999,2153
2026-08-05T08:15:00+00:00,0.804709999999999,0.8047299999999991,0.8041199999999991,0.8041199999999991,2939
2026-08-05T08:30:00+00:00,0.8041199999999991,0.8050899999999991,0.803979999999999,0.8050099999999991,2663
2026-08-05T08:45:00+00:00,0.8050099999999991,0.805389999999999,0.8048499999999991,0.8050699999999991,2324
2026-08-05T09:00:00+00:00,0.8050699999999991,0.805169999999999,0.804759999999999,0.8048999999999991,1769
2026-08-05T09:15:00+00:00,0.8048999999999991,0.8049399999999991,0.804539999999999,0.804709999999999,1734
2026-08-05T09:30:00+00:00,0.804709999999999,0.804809999999999,0.8042999999999991,0.8043499999999991,1621
2026-08-05T09:45:00+00:00,0.8043499999999991,0.804559999999999,0.8043499999999991,0.804489999999999,1326
2026-08-05T10:00:00+00:00,0.804489999999999,0.804979999999999,0.8044699999999991,0.8047699999999991,1237
2026-08-05T10:15:00+00:00,0.8047699999999991,0.8050399999999991,0.8045099999999991,0.804949999999999,1552
2026-08-05T10:30:00+00:00,0.804949999999999,0.8050899999999991,0.8047899999999991,0.804999999999999,2367
2026-08-05T10:45:00+00:00,0.804999999999999,0.8050899999999991,0.8047499999999991,0.804809999999999,2078
2026-08-05T11:00:00+00:00,0.804809999999999,0.804809999999999,0.8040299999999991,0.8040699999999991,2754
2026-08-05T11:15:00+00:00,0.8040699999999991,0.8042399999999991,0.803759999999999,0.8040399999999991,2218
2026-08-05T11:30:00+00:00,0.8040399999999991,0.8040799999999991,0.8035099999999991,0.8037499999999991,2841
2026-08-05T11:45:00+00:00,0.8037499999999991,0.8040199999999991,0.8036299999999991,0.803829999999999,1381
2026-08-05T12:00:00+00:00,0.803829999999999,0.8041899999999991,0.8036999999999991,0.8040599999999991,1940
2026-08-05T12:15:00+00:00,0.8040599999999991,0.8041099999999991,0.8035699999999991,0.8040299999999991,2211
2026-08-05T12:30:00+00:00,0.8040299999999991,0.8044299999999991,0.8039199999999991,0.8043799999999991,2172
2026-08-05T12:45:00+00:00,0.8043799999999991,0.8047199999999991,0.8042499999999991,0.8046499999999991,1851
2026-08-05T13:00:00+00:00,0.8046499999999991,0.8046499999999991,0.804149999999999,0.804169999999999,4043
2026-08-05T13:15:00+00:00,0.804169999999999,0.8042799999999991,0.8035299999999991,0.8036199999999991,2721
2026-08-05T13:30:00+00:00,0.8036199999999991,0.803809999999999,0.8030099999999991,0.803539999999999,4051
2026-08-05T13:45:00+00:00,0.803539999999999,0.8038399999999991,0.803219999999999,0.8033299999999991,2811
2026-08-05T14:00:00+00:00,0.8033299999999991,0.8034499999999991,0.801879999999999,0.802219999999999,4395
2026-08-05T14:15:00+00:00,0.802219999999999,0.8022899999999991,0.8016199999999991,0.8019899999999991,3998
2026-08-05T14:30:00+00:00,0.8019899999999991,0.802589999999999,0.8019599999999991,0.8023499999999991,2824
2026-08-05T14:45:00+00:00,0.8023499999999991,0.8027199999999991,0.8019899999999991,0.8021099999999991,3706
2026-08-05T15:00:00+00:00,0.8021099999999991,0.8024099999999991,0.801709999999999,0.8023799999999991,3245
2026-08-05T15:15:00+00:00,0.8023799999999991,0.8026999999999991,0.8023799999999991,0.8025999999999991,2310
2026-08-05T15:30:00+00:00,0.8025999999999991,0.802809999999999,0.802319999999999,0.8023799999999991,2573
2026-08-05T15:45:00+00:00,0.8023799999999991,0.8031399999999991,0.802369999999999,0.8029899999999991,3424
2026-08-05T16:00:00+00:00,0.8029899999999991,0.8032499999999991,0.802829999999999,0.802949999999999,2137
2026-08-05T16:15:00+00:00,0.802949999999999,0.803049999999999,0.8026799999999991,0.8028199999999991,1168
2026-08-05T16:30:00+00:00,0.8028199999999991,0.8031399999999991,0.802779999999999,0.802999999999999,873
2026-08-05T16:45:00+00:00,0.802999999999999,0.8031099999999991,0.8026999999999991,0.803049999999999,1225
2026-08-05T17:00:00+00:00,0.803049999999999,0.803319999999999,0.8029199999999991,0.8031899999999991,1525
2026-08-05T17:15:00+00:00,0.8031899999999991,0.8032099999999991,0.8025999999999991,0.802659999999999,1322
2026-08-05T17:30:00+00:00,0.802659999999999,0.802829999999999,0.8022599999999991,0.802319999999999,1221
2026-08-05T17:45:00+00:00,0.802319999999999,0.802319999999999,0.8020099999999991,0.8021199999999991,1336
2026-08-05T18:00:00+00:00,0.8021199999999991,0.802199999999999,0.8018899999999991,0.8021299999999991,1367
2026-08-05T18:15:00+00:00,0.8021299999999991,0.8022599999999991,0.801829999999999,0.8018599999999991,1395
2026-08-05T18:30:00+00:00,0.8018599999999991,0.8023799999999991,0.8018399999999991,0.8023299999999991,1528
2026-08-05T18:45:00+00:00,0.8023299999999991,0.802369999999999,0.8018999999999991,0.8021799999999991,1730
2026-08-05T19:00:00+00:00,0.8021799999999991,0.802489999999999,0.8021299999999991,0.8024299999999991,1262
2026-08-05T19:15:00+00:00,0.8024299999999991,0.8028199999999991,0.8024299999999991,0.802779999999999,1081
2026-08-05T19:30:00+00:00,0.802779999999999,0.8028399999999991,0.802589999999999,0.802659999999999,1127
2026-08-05T19:45:00+00:00,0.802659999999999,0.802809999999999,0.8024699999999991,0.8025299999999991,1198
2026-08-05T20:00:00+00:00,0.8025299999999991,0.8025999999999991,0.8022299999999991,0.8025999999999991,856
2026-08-05T20:15:00+00:00,0.8025999999999991,0.8026999999999991,0.8024699999999991,0.8025699999999991,503
2026-08-05T20:30:00+00:00,0.8025699999999991,0.8025799999999991,0.8022999999999991,0.8025299999999991,497
2026-08-05T20:45:00+00:00,0.8025299999999991,0.802539999999999,0.8022899999999991,0.802339999999999,1143
2026-08-05T21:00:00+00:00,0.802339999999999,0.802339999999999,0.8012799999999991,0.8014599999999991,190.88139365867298
2026-08-05T21:15:00+00:00,0.8014599999999991,0.801559999999999,0.8012899999999991,0.8013999999999991,182
2026-08-05T21:30:00+00:00,0.8013999999999991,0.8017499999999991,0.8013199999999991,0.8015699999999991,1157
2026-08-05T21:45:00+00:00,0.8015699999999991,0.8020199999999991,0.8011499999999991,0.8019199999999991,1291
2026-08-05T22:00:00+00:00,0.8019199999999991,0.8022699999999992,0.8018199999999991,0.8022599999999991,572
2026-08-05T22:15:00+00:00,0.8022599999999991,0.8022599999999991,0.8020599999999991,0.8020899999999991,260
2026-08-05T22:30:00+00:00,0.8020899999999991,0.802169999999999,0.8020399999999991,0.8021099999999991,413.2195248829547
2026-08-05T22:45:00+00:00,0.8021099999999991,0.8021299999999991,0.8020299999999991,0.8020299999999991,179
2026-08-05T23:00:00+00:00,0.8020299999999991,0.8020599999999991,0.8018799999999991,0.8018999999999991,338
2026-08-05T23:15:00+00:00,0.8018999999999991,0.8019799999999991,0.8018899999999991,0.8019699999999991,170
2026-08-05T23:30:00+00:00,0.8019699999999991,0.8019699999999991,0.8017699999999991,0.8018399999999991,318
2026-08-05T23:45:00+00:00,0.8018399999999991,0.8018999999999991,0.8017199999999991,0.801779999999999,440
2026-08-06T00:00:00+00:00,0.801779999999999,0.8019399999999991,0.8017199999999991,0.8017999999999991,1612
2026-08-06T00:15:00+00:00,0.8017999999999991,0.8017999999999991,0.8014799999999991,0.8017499999999991,1289
2026-08-06T00:30:00+00:00,0.8017499999999991,0.8017999999999991,0.8015299999999991,0.8016899999999991,980
2026-08-06T00:45:00+00:00,0.8016899999999991,0.8017099999999991,0.8013599999999991,0.8016199999999991,1561
2026-08-06T01:00:00+00:00,0.8016199999999991,0.8017599999999991,0.8014499999999991,0.8015899999999991,2068
2026-08-06T01:15:00+00:00,0.8015899999999991,0.8016799999999991,0.8013199999999991,0.8015299999999991,1680
2026-08-06T01:30:00+00:00,0.8015299999999991,0.8015399999999991,0.8012699999999991,0.8012999999999991,989
2026-08-06T01:45:00+00:00,0.8012999999999991,0.801439999999999,0.8012599999999991,0.8013599999999991,1097
2026-08-06T02:00:00+00:00,0.8013599999999991,0.8015299999999991,0.8012099999999991,0.8014999999999991,1572
2026-08-06T02:15:00+00:00,0.8014999999999991,0.8015299999999991,0.8011799999999991,0.8013199999999991,943
2026-08-06T02:30:00+00:00,0.8013199999999991,0.8014199999999991,0.8011099999999991,0.8011099999999991,667
2026-08-06T02:45:00+00:00,0.8011099999999991,0.8014499999999991,0.8011099999999991,0.8014499999999991,1078
2026-08-06T03:00:00+00:00,0.8014499999999991,0.8016399999999991,0.801439999999999,0.8016199999999991,1226
2026-08-06T03:15:00+00:00,0.8016199999999991,0.8020899999999991,0.8016199999999991,0.8020199999999991,1380
2026-08-06T03:30:00+00:00,0.8020199999999991,0.802339999999999,0.8018999999999991,0.8023299999999991,1070
2026-08-06T03:45:00+00:00,0.8023299999999991,0.8024199999999991,0.8021899999999991,0.8022999999999991,1009
2026-08-06T04:00:00+00:00,0.8022999999999991,0.8022999999999991,0.802169999999999,0.8022399999999991,903
2026-08-06T04:15:00+00:00,0.8022399999999991,0.8023799999999991,0.8022099999999991,0.802339999999999,1167
2026-08-06T04:30:00+00:00,0.802339999999999,0.8024599999999991,0.8022599999999991,0.8024499999999991,1045
2026-08-06T04:45:00+00:00,0.8024499999999991,0.8025899999999991,0.8024099999999991,0.8024499999999991,1015
2026-08-06T05:00:00+00:00,0.8024499999999991,0.802829999999999,0.8024499999999991,0.8027599999999991,917
2026-08-06T05:15:00+00:00,0.8027599999999991,0.8027999999999991,0.802659999999999,0.8027699999999991,510
2026-08-06T05:30:00+00:00,0.8027699999999991,0.802779999999999,0.8024299999999991,0.8024799999999991,803
2026-08-06T05:45:00+00:00,0.8024799999999991,0.8024999999999991,0.8022499999999991,0.8024099999999991,739
2026-08-06T06:00:00+00:00,0.8024099999999991,0.8027899999999991,0.8022499999999991,0.802729999999999,975
2026-08-06T06:15:00+00:00,0.802729999999999,0.8030899999999991,0.8027199999999991,0.8030299999999991,1236
2026-08-06T06:30:00+00:00,0.8030299999999991,0.8034999999999991,0.8030199999999991,0.8033199999999991,1434
2026-08-06T06:45:00+00:00,0.8033199999999991,0.8035199999999991,0.8031399999999991,0.8034099999999991,1307
2026-08-06T07:00:00+00:00,0.8034099999999991,0.8034599999999991,0.8031499999999991,0.8032899999999991,1748
2026-08-06T07:15:00+00:00,0.8032899999999991,0.8034699999999991,0.8031099999999991,0.8033799999999991,1702
2026-08-06T07:30:00+00:00,0.8033799999999991,0.8037099999999991,0.8033699999999991,0.8035799999999991,1601
2026-08-06T07:45:00+00:00,0.8035799999999991,0.8038399999999991,0.8035799999999991,0.8037199999999991,1584
2026-08-06T08:00:00+00:00,0.8037199999999991,0.8038499999999991,0.8032599999999991,0.8036699999999991,1486
2026-08-06T08:15:00+00:00,0.8036699999999991,0.8037899999999991,0.8035199999999991,0.8036899999999991,1165
2026-08-06T08:30:00+00:00,0.8036899999999991,0.8038499999999991,0.8034999999999991,0.8036799999999991,1340
2026-08-06T08:45:00+00:00,0.8036799999999991,0.8038399999999991,0.8034899999999991,0.8036799999999991,1430
2026-08-06T09:00:00+00:00,0.8036799999999991,0.8038699999999991,0.8035399999999991,0.8036499999999991,1454
2026-08-06T09:15:00+00:00,0.8036499999999991,0.8040599999999991,0.8036499999999991,0.8040199999999991,1192
2026-08-06T09:30:00+00:00,0.8040199999999991,0.8046999999999991,0.803949999999999,0.8046899999999991,1090
2026-08-06T09:45:00+00:00,0.8046899999999991,0.8048099999999991,0.8044099999999991,0.8045899999999991,1124
2026-08-06T10:00:00+00:00,0.8045899999999991,0.8048799999999992,0.8044499999999991,0.8048799999999992,1094
2026-08-06T10:15:00+00:00,0.8048799999999992,0.805049999999999,0.804439999999999,0.8045199999999991,1025
2026-08-06T10:30:00+00:00,0.8045199999999991,0.8045999999999991,0.804269999999999,0.804439999999999,1158
2026-08-06T10:45:00+00:00,0.804439999999999,0.8047499999999991,0.8043799999999991,0.8045799999999991,1098
2026-08-06T11:00:00+00:00,0.8045799999999991,0.8047399999999991,0.8042999999999991,0.8047299999999991,1344
2026-08-06T11:15:00+00:00,0.8047299999999991,0.8049199999999991,0.8045299999999991,0.8047199999999991,1170
2026-08-06T11:30:00+00:00,0.8047199999999991,0.8051399999999991,0.8046399999999991,0.8051299999999991,1529
2026-08-06T11:45:00+00:00,0.8051299999999991,0.805219999999999,0.8047699999999991,0.804779999999999,2314
2026-08-06T12:00:00+00:00,0.804779999999999,0.805049999999999,0.804439999999999,0.8049899999999991,1681
2026-08-06T12:15:00+00:00,0.8049899999999991,0.8049899999999991,0.8045999999999991,0.8046199999999991,1335
2026-08-06T12:30:00+00:00,0.8046199999999991,0.8049399999999991,0.8044999999999991,0.8047099999999991,1717
2026-08-06T12:45:00+00:00,0.8047099999999991,0.8052299999999991,0.8046799999999991,0.8049199999999991,1780
2026-08-06T13:00:00+00:00,0.8049199999999991,0.8053699999999991,0.804559999999999,0.805169999999999,2188
2026-08-06T13:15:00+00:00,0.805169999999999,0.805169999999999,0.8045399999999991,0.8046799999999991,1613
2026-08-06T13:30:00+00:00,0.8046799999999991,0.8048199999999991,0.8043799999999991,0.8044899999999992,2552
2026-08-06T13:45:00+00:00,0.8044899999999992,0.8047099999999991,0.804049999999999,0.8041099999999991,2111
2026-08-06T14:00:00+00:00,0.8041099999999991,0.8052899999999991,0.8039399999999991,0.8050399999999991,3027
2026-08-06T14:15:00+00:00,0.8050399999999991,0.8050699999999991,0.8046299999999991,0.8048599999999991,1917
2026-08-06T14:30:00+00:00,0.8048599999999991,0.8048599999999991,0.804389999999999,0.8046499999999991,2228
2026-08-06T14:45:00+00:00,0.8046499999999991,0.8053699999999991,0.8046499999999991,0.8052899999999991,2488
2026-08-06T15:00:00+00:00,0.8052899999999991,0.8063099999999991,0.8052799999999991,0.8062799999999991,2404
2026-08-06T15:15:00+00:00,0.8062799999999991,0.8076699999999991,0.8062499999999991,0.8076499999999991,3776
2026-08-06T15:30:00+00:00,0.8076499999999991,0.8081699999999991,0.8075899999999991,0.8080899999999991,2670
2026-08-06T15:45:00+00:00,0.8080899999999991,0.808659999999999,0.8079099999999991,0.8080299999999991,3755
2026-08-06T16:00:00+00:00,0.8080299999999991,0.8080899999999991,0.8075699999999991,0.807829999999999,1921
2026-08-06T16:15:00+00:00,0.807829999999999,0.808219999999999,0.8076199999999991,0.8076399999999991,2136
2026-08-06T16:30:00+00:00,0.8076399999999991,0.8079599999999991,0.8075899999999991,0.807879999999999,1308
2026-08-06T16:45:00+00:00,0.807879999999999,0.8078899999999991,0.8072399999999991,0.8074699999999991,1051
2026-08-06T17:00:00+00:00,0.8074699999999991,0.8077199999999991,0.8072899999999991,0.807659999999999,1521
2026-08-06T17:15:00+00:00,0.807659999999999,0.8079299999999991,0.8075999999999991,0.807659999999999,1187
2026-08-06T17:30:00+00:00,0.807659999999999,0.8079899999999991,0.8076399999999991,0.8079399999999991,1282
2026-08-06T17:45:00+00:00,0.8079399999999991,0.8080699999999991,0.8074299999999991,0.807489999999999,1266
2026-08-06T18:00:00+00:00,0.807489999999999,0.8075999999999991,0.8072299999999991,0.8073799999999991,1016
2026-08-06T18:15:00+00:00,0.8073799999999991,0.8075899999999991,0.8073399999999991,0.8074699999999991,852
2026-08-06T18:30:00+00:00,0.8074699999999991,0.8075099999999991,0.8073199999999991,0.8074299999999991,903
2026-08-06T18:45:00+00:00,0.8074299999999991,0.8074799999999991,0.8072399999999991,0.807269999999999,1170
2026-08-06T19:00:00+00:00,0.807269999999999,0.8072999999999991,0.8070399999999991,0.8072399999999991,835
2026-08-06T19:15:00+00:00,0.8072399999999991,0.8077699999999991,0.8071099999999991,0.8076299999999991,1991
2026-08-06T19:30:00+00:00,0.8076299999999991,0.8079499999999991,0.8075299999999991,0.8078899999999991,1456
2026-08-06T19:45:00+00:00,0.8078899999999991,0.8078899999999991,0.8071899999999991,0.8073699999999991,1753
2026-08-06T20:00:00+00:00,0.8073699999999991,0.8075399999999991,0.8072599999999991,0.8075099999999991,695
2026-08-06T20:15:00+00:00,0.8075099999999991,0.8078399999999991,0.8074999999999991,0.8077399999999991,648
2026-08-06T20:30:00+00:00,0.8077399999999991,0.8077399999999991,0.8075299999999991,0.8075799999999991,562
2026-08-06T20:45:00+00:00,0.8075799999999991,0.8076899999999991,0.8066499999999991,0.8066499999999991,719
2026-08-06T21:00:00+00:00,0.8066499999999991,0.8072599999999991,0.806169999999999,0.8072599999999991,58.97104962775958
2026-08-06T21:15:00+00:00,0.8072599999999991,0.8077999999999991,0.8068899999999991,0.8071499999999991,294
2026-08-06T21:30:00+00:00,0.8071499999999991,0.8073799999999991,0.8070699999999991,0.807169999999999,476
2026-08-06T21:45:00+00:00,0.807169999999999,0.8076799999999991,0.8070599999999991,0.8072799999999991,540
2026-08-06T22:00:00+00:00,0.8072799999999991,0.8080799999999991,0.8072799999999991,0.8080099999999991,581
2026-08-06T22:15:00+00:00,0.8080099999999991,0.808049999999999,0.8078899999999991,0.8079799999999991,485
2026-08-06T22:30:00+00:00,0.8079799999999991,0.8080099999999991,0.8078599999999991,0.8079099999999991,357
2026-08-06T22:45:00+00:00,0.8079099999999991,0.8079399999999991,0.8078699999999991,0.8079199999999991,200
2026-08-06T23:00:00+00:00,0.8079199999999991,0.8079599999999991,0.8077499999999991,0.8077499999999991,306
2026-08-06T23:15:00+00:00,0.8077499999999991,0.8077999999999991,0.8077199999999991,0.8077899999999991,359
2026-08-06T23:30:00+00:00,0.8077899999999991,0.8078999999999991,0.807709999999999,0.8077699999999991,432
2026-08-06T23:45:00+00:00,0.8077699999999991,0.8078099999999991,0.8076799999999991,0.807709999999999,465
2026-08-07T00:00:00+00:00,0.807709999999999,0.8081599999999991,0.807709999999999,0.8080799999999991,1305
2026-08-07T00:15:00+00:00,0.8080799999999991,0.8081999999999991,0.8079599999999991,0.807999999999999,900
2026-08-07T00:30:00+00:00,0.807999999999999,0.8081499999999991,0.8079199999999991,0.808099999999999,903
2026-08-07T00:45:00+00:00,0.808099999999999,0.8082399999999991,0.8080099999999991,0.8081099999999991,1437
2026-08-07T01:00:00+00:00,0.8081099999999991,0.8081199999999991,0.807709999999999,0.8078099999999991,1833
2026-08-07T01:15:00+00:00,0.8078099999999991,0.8080299999999991,0.8077899999999991,0.8079699999999991,741
2026-08-07T01:30:00+00:00,0.8079699999999991,0.8080699999999991,0.8075299999999991,0.807609999999999,1665
2026-08-07T01:45:00+00:00,0.807609999999999,0.8078599999999991,0.8075799999999991,0.807829999999999,1228
2026-08-07T02:00:00+00:00,0.807829999999999,0.8079199999999991,0.8077199999999991,0.8078999999999991,947
2026-08-07T02:15:00+00:00,0.8078999999999991,0.8079899999999991,0.8077699999999991,0.8078599999999991,764
2026-08-07T02:30:00+00:00,0.8078599999999991,0.8080299999999991,0.8077999999999991,0.8079599999999991,985
2026-08-07T02:45:00+00:00,0.8079599999999991,0.807999999999999,0.807709999999999,0.8079499999999991,869
2026-08-07T03:00:00+00:00,0.8079499999999991,0.8081199999999991,0.8078499999999991,0.8080199999999991,930
2026-08-07T03:15:00+00:00,0.8080199999999991,0.8080699999999991,0.8079099999999991,0.8079899999999991,1254
2026-08-07T03:30:00+00:00,0.8079899999999991,0.8081499999999991,0.8079299999999991,0.8081199999999991,720
2026-08-07T03:45:00+00:00,0.8081199999999991,0.8081699999999991,0.8078999999999991,0.8078999999999991,858
2026-08-07T04:00:00+00:00,0.8078999999999991,0.8080599999999991,0.807879999999999,0.8079599999999991,1046
2026-08-07T04:15:00+00:00,0.8079599999999991,0.8080699999999991,0.8079299999999991,0.808049999999999,1072
2026-08-07T04:30:00+00:00,0.808049999999999,0.8081499999999991,0.8078999999999991,0.8079399999999991,1477
2026-08-07T04:45:00+00:00,0.8079399999999991,0.8080599999999991,0.807879999999999,0.8079499999999991,1161
2026-08-07T05:00:00+00:00,0.8079499999999991,0.8079599999999991,0.8077499999999991,0.8078399999999991,675
2026-08-07T05:15:00+00:00,0.8078399999999991,0.8080799999999991,0.8078099999999991,0.8080599999999991,495
2026-08-07T05:30:00+00:00,0.8080599999999991,0.8080799999999991,0.8077699999999991,0.807879999999999,1115
2026-08-07T05:45:00+00:00,0.807879999999999,0.8079799999999991,0.8077299999999991,0.8079199999999991,1168
2026-08-07T06:00:00+00:00,0.8079199999999991,0.8079199999999991,0.8074199999999991,0.8074199999999991,1008
2026-08-07T06:15:00+00:00,0.8074199999999991,0.8075199999999991,0.8070899999999991,0.8072099999999991,928
2026-08-07T06:30:00+00:00,0.8072099999999991,0.807389999999999,0.8071399999999991,0.8073299999999991,1183
2026-08-07T06:45:00+00:00,0.8073299999999991,0.8073999999999991,0.8070599999999991,0.8072799999999991,994
2026-08-07T07:00:00+00:00,0.8072799999999991,0.8074699999999991,0.8069899999999991,0.8070299999999991,1326
2026-08-07T07:15:00+00:00,0.8070299999999991,0.8071799999999991,0.806829999999999,0.8071499999999991,1479
2026-08-07T07:30:00+00:00,0.8071499999999991,0.8073199999999991,0.8069799999999991,0.8072299999999991,1331
2026-08-07T07:45:00+00:00,0.8072299999999991,0.8072799999999991,0.8067999999999991,0.806879999999999,1476
2026-08-07T08:00:00+00:00,0.806879999999999,0.8070399999999991,0.806709999999999,0.8069199999999991,1689
2026-08-07T08:15:00+00:00,0.8069199999999991,0.8069299999999991,0.8066999999999991,0.8069199999999991,1345
2026-08-07T08:30:00+00:00,0.8069199999999991,0.8069299999999991,0.8063199999999991,0.8063199999999991,1521
2026-08-07T08:45:00+00:00,0.8063199999999991,0.8065999999999991,0.806219999999999,0.8065799999999991,1573
2026-08-07T09:00:00+00:00,0.8065799999999991,0.8066299999999991,0.8058199999999991,0.8059399999999991,1496
2026-08-07T09:15:00+00:00,0.8059399999999991,0.805999999999999,0.8056199999999991,0.8058399999999991,1287
2026-08-07T09:30:00+00:00,0.8058399999999991,0.8059599999999991,0.8056899999999991,0.8057499999999991,1206
2026-08-07T09:45:00+00:00,0.8057499999999991,0.8058199999999991,0.8054999999999991,0.8057099999999991,1407
2026-08-07T10:00:00+00:00,0.8057099999999991,0.8058399999999991,0.8054799999999991,0.8057899999999991,1260
2026-08-07T10:15:00+00:00,0.8057899999999991,0.805829999999999,0.8055399999999991,0.8057299999999991,1223
2026-08-07T10:30:00+00:00,0.8057299999999991,0.8057599999999991,0.8054999999999991,0.8056399999999991,1168
2026-08-07T10:45:00+00:00,0.8056399999999991,0.8056499999999991,0.805389999999999,0.805609999999999,1369
2026-08-07T11:00:00+00:00,0.805609999999999,0.805609999999999,0.8053099999999991,0.8055899999999991,1360
2026-08-07T11:15:00+00:00,0.8055899999999991,0.8059799999999991,0.8055899999999991,0.8059499999999991,1175
2026-08-07T11:30:00+00:00,0.8059499999999991,0.8059599999999991,0.8053499999999991,0.8054199999999991,1119
2026-08-07T11:45:00+00:00,0.8054199999999991,0.8057199999999991,0.8053799999999991,0.805559999999999,1064
2026-08-07T12:00:00+00:00,0.805559999999999,0.8057099999999991,0.8052799999999991,0.8057099999999991,1852
2026-08-07T12:15:00+00:00,0.8057099999999991,0.8061999999999991,0.8056799999999991,0.8059099999999991,2307
2026-08-07T12:30:00+00:00,0.8059099999999991,0.8059199999999991,0.8013699999999991,0.801779999999999,14932
2026-08-07T12:45:00+00:00,0.801779999999999,0.8025499999999991,0.8009699999999991,0.802389999999999,7894
2026-08-07T13:00:00+00:00,0.802389999999999,0.8025799999999991,0.8019299999999991,0.8019599999999991,4576
2026-08-07T13:15:00+00:00,0.8019599999999991,0.8028399999999991,0.801949999999999,0.8026199999999991,3324
2026-08-07T13:30:00+00:00,0.8026199999999991,0.8033199999999991,0.8023299999999991,0.8024199999999991,4340
2026-08-07T13:45:00+00:00,0.8024199999999991,0.8035799999999991,0.802389999999999,0.8034599999999991,3525
2026-08-07T14:00:00+00:00,0.8034599999999991,0.8038199999999991,0.8029799999999991,0.8032399999999991,4818
2026-08-07T14:15:00+00:00,0.8032399999999991,0.8034899999999991,0.8024199999999991,0.8030099999999991,3085
2026-08-07T14:30:00+00:00,0.8030099999999991,0.8034299999999991,0.802609999999999,0.803339999999999,2600
2026-08-07T14:45:00+00:00,0.803339999999999,0.8037199999999991,0.8032599999999991,0.8036899999999991,3336
2026-08-07T15:00:00+00:00,0.8036899999999991,0.8039399999999991,0.802829999999999,0.8028899999999991,3116
2026-08-07T15:15:00+00:00,0.8028899999999991,0.8031399999999991,0.8025799999999991,0.8031099999999991,2731
2026-08-07T15:30:00+00:00,0.8031099999999991,0.8032799999999991,0.802659999999999,0.802879999999999,2436
2026-08-07T15:45:00+00:00,0.802879999999999,0.8031299999999991,0.8026999999999991,0.8031299999999991,2081
2026-08-07T16:00:00+00:00,0.8031299999999991,0.8031499999999991,0.8024999999999991,0.8025099999999991,1945
2026-08-07T16:15:00+00:00,0.8025099999999991,0.8029199999999991,0.8024099999999991,0.802829999999999,2282
2026-08-07T16:30:00+00:00,0.802829999999999,0.8030199999999991,0.8026499999999991,0.8027199999999991,1462
2026-08-07T16:45:00+00:00,0.8027199999999991,0.803049999999999,0.8024099999999991,0.8030099999999991,1622
2026-08-07T17:00:00+00:00,0.8030099999999991,0.8031199999999991,0.8028699999999991,0.8029199999999991,1425
2026-08-07T17:15:00+00:00,0.8029199999999991,0.8030599999999991,0.8026999999999991,0.8028899999999991,1100
2026-08-07T17:30:00+00:00,0.8028899999999991,0.8030899999999991,0.8027599999999991,0.8028399999999991,1403
2026-08-07T17:45:00+00:00,0.8028399999999991,0.8030299999999991,0.8028199999999991,0.8030299999999991,1180
2026-08-07T18:00:00+00:00,0.8030299999999991,0.8032499999999991,0.8028699999999991,0.8030299999999991,1185
2026-08-07T18:15:00+00:00,0.8030299999999991,0.8031999999999991,0.8029399999999991,0.8029899999999991,940
2026-08-07T18:30:00+00:00,0.8029899999999991,0.802999999999999,0.8028399999999991,0.8028699999999992,941
2026-08-07T18:45:00+00:00,0.8028699999999992,0.8029799999999991,0.8026399999999991,0.8028399999999991,933
2026-08-07T19:00:00+00:00,0.8028399999999991,0.8029199999999992,0.8025499999999992,0.8028599999999991,1487
2026-08-07T19:15:00+00:00,0.8028599999999991,0.8029199999999992,0.8022099999999992,0.8022899999999992,1641
2026-08-07T19:30:00+00:00,0.8022899999999992,0.8025799999999992,0.8021799999999991,0.8025399999999991,1224
2026-08-07T19:45:00+00:00,0.8025399999999991,0.8029599999999991,0.8024399999999992,0.8028899999999991,1421
2026-08-07T20:00:00+00:00,0.8028899999999991,0.8032399999999992,0.8028099999999991,0.8032199999999992,640
2026-08-07T20:15:00+00:00,0.8032199999999992,0.8035299999999992,0.8032199999999992,0.8034599999999992,403
2026-08-07T20:30:00+00:00,0.8034599999999992,0.8035099999999992,0.8032499999999991,0.8033299999999992,375
2026-08-07T20:45:00+00:00,0.8033299999999992,0.8033999999999991,0.8027499999999992,0.8028699999999992,745
2026-08-09T21:00:00+00:00,0.8028699999999992,0.8028699999999992,0.7997899999999991,0.7998199999999991,149.9564315688683
2026-08-09T21:15:00+00:00,0.7998199999999991,0.8000399999999991,0.7996299999999991,0.7998799999999991,222
2026-08-09T21:30:00+00:00,0.7998799999999991,0.8000799999999991,0.7998599999999991,0.8000199999999991,155
2026-08-09T21:45:00+00:00,0.8000199999999991,0.800729999999999,0.799949999999999,0.800379999999999,999.2533982231735
2026-08-09T22:00:00+00:00,0.800379999999999,0.8019299999999989,0.800379999999999,0.8018599999999989,671
2026-08-09T22:15:00+00:00,0.8018599999999989,0.8019399999999989,0.8017399999999989,0.8019299999999989,717
2026-08-09T22:30:00+00:00,0.8019299999999989,0.8019299999999989,0.801679999999999,0.801799999999999,516
2026-08-09T22:45:00+00:00,0.801799999999999,0.801919999999999,0.8017299999999989,0.801819999999999,329
2026-08-09T23:00:00+00:00,0.801819999999999,0.8018299999999989,0.801599999999999,0.801629999999999,533
2026-08-09T23:15:00+00:00,0.801629999999999,0.8017299999999989,0.801529999999999,0.8016199999999989,345
2026-08-09T23:30:00+00:00,0.8016199999999989,0.8018299999999989,0.8015699999999989,0.801579999999999,522
2026-08-09T23:45:00+00:00,0.801579999999999,0.8018099999999989,0.8014899999999989,0.8018099999999989,625
2026-08-10T00:00:00+00:00,0.8018099999999989,0.801819999999999,0.8015199999999989,0.801599999999999,1801
2026-08-10T00:15:00+00:00,0.801599999999999,0.8020599999999989,0.8015499999999989,0.801989999999999,1420
2026-08-10T00:30:00+00:00,0.801989999999999,0.8020999999999989,0.8018799999999989,0.802089999999999,1626
2026-08-10T00:45:00+00:00,0.802089999999999,0.802119999999999,0.8017199999999989,0.801819999999999,2290
2026-08-10T01:00:00+00:00,0.801819999999999,0.802239999999999,0.8016899999999989,0.801969999999999,2856
2026-08-10T01:15:00+00:00,0.801969999999999,0.802209999999999,0.801919999999999,0.8021299999999989,1492
2026-08-10T01:30:00+00:00,0.8021299999999989,0.8023999999999989,0.802119999999999,0.8022999999999989,1499
2026-08-10T01:45:00+00:00,0.8022999999999989,0.8023999999999989,0.8021699999999989,0.8022699999999989,1674
2026-08-10T02:00:00+00:00,0.8022699999999989,0.8023399999999989,0.8021299999999989,0.8022999999999989,1641
2026-08-10T02:15:00+00:00,0.8022999999999989,0.8024899999999989,0.802289999999999,0.8023299999999989,837
2026-08-10T02:30:00+00:00,0.8023299999999989,0.802509999999999,0.802209999999999,0.8024999999999989,1041
2026-08-10T02:45:00+00:00,0.8024999999999989,0.8025599999999989,0.802429999999999,0.8024499999999989,642
2026-08-10T03:00:00+00:00,0.8024499999999989,0.8026199999999989,0.8023999999999989,0.802509999999999,1220
2026-08-10T03:15:00+00:00,0.802509999999999,0.802579999999999,0.802259999999999,0.8024899999999989,1292
2026-08-10T03:30:00+00:00,0.8024899999999989,0.8027599999999989,0.802479999999999,0.8026899999999989,1023
2026-08-10T03:45:00+00:00,0.8026899999999989,0.8027799999999989,0.802599999999999,0.8027699999999989,841
2026-08-10T04:00:00+00:00,0.8027699999999989,0.8028799999999989,0.8027099999999989,0.8027699999999989,1115
2026-08-10T04:15:00+00:00,0.8027699999999989,0.8028599999999989,0.8027399999999989,0.802819999999999,1436
2026-08-10T04:30:00+00:00,0.802819999999999,0.8029099999999989,0.802749999999999,0.802799999999999,1338
2026-08-10T04:45:00+00:00,0.802799999999999,0.802799999999999,0.802579999999999,0.8026599999999989,1342
2026-08-10T05:00:00+00:00,0.8026599999999989,0.802849999999999,0.802579999999999,0.8027799999999989,896
2026-08-10T05:15:00+00:00,0.8027799999999989,0.802919999999999,0.8027099999999989,0.8028299999999989,578
2026-08-10T05:30:00+00:00,0.8028299999999989,0.8029299999999989,0.802649999999999,0.802849999999999,1450
2026-08-10T05:45:00+00:00,0.802849999999999,0.8028599999999989,0.8023699999999989,0.8023899999999989,1281
2026-08-10T06:00:00+00:00,0.8023899999999989,0.8026099999999989,0.802289999999999,0.8024699999999989,1442
2026-08-10T06:15:00+00:00,0.8024699999999989,0.8025699999999989,0.8019599999999989,0.801969999999999,1781
2026-08-10T06:30:00+00:00,0.801969999999999,0.802119999999999,0.8019399999999989,0.8019799999999989,1346
2026-08-10T06:45:00+00:00,0.8019799999999989,0.8021799999999989,0.8018599999999989,0.8019299999999989,1129
2026-08-10T07:00:00+00:00,0.8019299999999989,0.8022299999999989,0.8018599999999989,0.802189999999999,1605
2026-08-10T07:15:00+00:00,0.802189999999999,0.8022199999999989,0.801649999999999,0.8016899999999989,1697
2026-08-10T07:30:00+00:00,0.8016899999999989,0.8017099999999989,0.8007299999999989,0.8007299999999989,1798
2026-08-10T07:45:00+00:00,0.8007299999999989,0.8010599999999989,0.8003699999999989,0.800679999999999,1999
2026-08-10T08:00:00+00:00,0.800679999999999,0.8008799999999989,0.8005699999999989,0.8006599999999989,1533
2026-08-10T08:15:00+00:00,0.8006599999999989,0.801139999999999,0.8006099999999989,0.8010299999999989,1532
2026-08-10T08:30:00+00:00,0.8010299999999989,0.8015399999999989,0.8009999999999989,0.801509999999999,1493
2026-08-10T08:45:00+00:00,0.801509999999999,0.8017399999999989,0.801379999999999,0.8016399999999989,1159
2026-08-10T09:00:00+00:00,0.8016399999999989,0.8017799999999989,0.8013399999999989,0.8013399999999989,1192
2026-08-10T09:15:00+00:00,0.8013399999999989,0.8014899999999989,0.801239999999999,0.8014199999999989,899
2026-08-10T09:30:00+00:00,0.8014199999999989,0.8017599999999989,0.8014199999999989,0.801459999999999,1108
2026-08-10T09:45:00+00:00,0.801459999999999,0.801819999999999,0.8013999999999989,0.8018099999999989,1355
2026-08-10T10:00:00+00:00,0.8018099999999989,0.8020099999999989,0.8017099999999989,0.801769999999999,1619
2026-08-10T10:15:00+00:00,0.801769999999999,0.801869999999999,0.8015399999999989,0.801699999999999,1131
2026-08-10T10:30:00+00:00,0.801699999999999,0.802039999999999,0.8016699999999989,0.801849999999999,1439
2026-08-10T10:45:00+00:00,0.801849999999999,0.802139999999999,0.8017399999999989,0.802069999999999,1256
2026-08-10T11:00:00+00:00,0.802069999999999,0.8021799999999989,0.8017099999999989,0.8020799999999989,1252
2026-08-10T11:15:00+00:00,0.8020799999999989,0.8023899999999989,0.8020599999999989,0.802139999999999,1545
2026-08-10T11:30:00+00:00,0.802139999999999,0.8022199999999989,0.8019399999999989,0.8021499999999989,1193
2026-08-10T11:45:00+00:00,0.8021499999999989,0.802379999999999,0.8020799999999989,0.802089999999999,1041
2026-08-10T12:00:00+00:00,0.802089999999999,0.802259999999999,0.8015699999999989,0.802139999999999,2845
2026-08-10T12:15:00+00:00,0.802139999999999,0.8025399999999989,0.8020099999999989,0.802259999999999,2125
2026-08-10T12:30:00+00:00,0.802259999999999,0.8027899999999989,0.8021099999999989,0.8027799999999989,1712
2026-08-10T12:45:00+00:00,0.8027799999999989,0.802989999999999,0.8026899999999989,0.802919999999999,1528
2026-08-10T13:00:00+00:00,0.802919999999999,0.8031699999999989,0.8024999999999989,0.802509999999999,2163
2026-08-10T13:15:00+00:00,0.802509999999999,0.8030299999999989,0.8024999999999989,0.8027799999999989,2247
2026-08-10T13:30:00+00:00,0.8027799999999989,0.8032999999999989,0.8026899999999989,0.8032799999999989,2639
2026-08-10T13:45:00+00:00,0.8032799999999989,0.8037899999999989,0.803019999999999,0.803479999999999,3094
2026-08-10T14:00:00+00:00,0.803479999999999,0.8035499999999989,0.8027399999999989,0.8028599999999989,2377
2026-08-10T14:15:00+00:00,0.8028599999999989,0.8029499999999989,0.8020099999999989,0.802209999999999,2387
2026-08-10T14:30:00+00:00,0.802209999999999,0.802599999999999,0.8019999999999989,0.8024999999999989,1803
2026-08-10T14:45:00+00:00,0.8024999999999989,0.802649999999999,0.8020999999999989,0.802239999999999,3098
2026-08-10T15:00:00+00:00,0.802239999999999,0.802749999999999,0.802139999999999,0.8023899999999989,2452
2026-08-10T15:15:00+00:00,0.8023899999999989,0.8028299999999989,0.8022199999999989,0.802649999999999,1730
2026-08-10T15:30:00+00:00,0.802649999999999,0.8030799999999989,0.802479999999999,0.8029999999999989,1517
2026-08-10T15:45:00+00:00,0.8029999999999989,0.8030599999999989,0.8024399999999989,0.8024399999999989,1533
2026-08-10T16:00:00+00:00,0.8024399999999989,0.802649999999999,0.8023699999999989,0.8025899999999989,1242
2026-08-10T16:15:00+00:00,0.8025899999999989,0.8027399999999989,0.802479999999999,0.802479999999999,1040
2026-08-10T16:30:00+00:00,0.802479999999999,0.8029999999999989,0.802379999999999,0.802969999999999,2001
2026-08-10T16:45:00+00:00,0.802969999999999,0.8031799999999989,0.8029099999999989,0.8031099999999989,1732
2026-08-10T17:00:00+00:00,0.8031099999999989,0.8035599999999989,0.803089999999999,0.8033999999999989,1257
2026-08-10T17:15:00+00:00,0.8033999999999989,0.8036699999999989,0.8033699999999989,0.803429999999999,1181
2026-08-10T17:30:00+00:00,0.803429999999999,0.8034899999999989,0.8031999999999989,0.803479999999999,810
2026-08-10T17:45:00+00:00,0.803479999999999,0.8037099999999989,0.803479999999999,0.8035899999999989,751
2026-08-10T18:00:00+00:00,0.8035899999999989,0.8036199999999989,0.8034399999999989,0.803529999999999,816
2026-08-10T18:15:00+00:00,0.803529999999999,0.8039399999999989,0.803529999999999,0.8037599999999989,1016
2026-08-10T18:30:00+00:00,0.8037599999999989,0.8038799999999989,0.803459999999999,0.8035699999999989,1401
2026-08-10T18:45:00+00:00,0.8035699999999989,0.803899999999999,0.8035599999999989,0.803679999999999,1565
2026-08-10T19:00:00+00:00,0.803679999999999,0.803899999999999,0.803649999999999,0.8037799999999989,994
2026-08-10T19:15:00+00:00,0.8037799999999989,0.8038399999999989,0.8036199999999989,0.8037399999999989,914
2026-08-10T19:30:00+00:00,0.8037399999999989,0.8039399999999989,0.803629999999999,0.803649999999999,894
2026-08-10T19:45:00+00:00,0.803649999999999,0.803699999999999,0.8035199999999989,0.8036599999999989,812
2026-08-10T20:00:00+00:00,0.8036599999999989,0.8036899999999989,0.8035399999999989,0.8036099999999989,695
2026-08-10T20:15:00+00:00,0.8036099999999989,0.8038099999999989,0.803599999999999,0.8038099999999989,264
2026-08-10T20:30:00+00:00,0.8038099999999989,0.803849999999999,0.8037199999999989,0.8038399999999989,353
2026-08-10T20:45:00+00:00,0.8038399999999989,0.803919999999999,0.8036899999999989,0.8036899999999989,340
2026-08-10T21:00:00+00:00,0.8036899999999989,0.8036899999999989,0.802529999999999,0.8032999999999989,95.71112896817812
2026-08-10T21:15:00+00:00,0.8032999999999989,0.8034899999999989,0.8030999999999989,0.8033199999999989,175
2026-08-10T21:30:00+00:00,0.8033199999999989,0.8033699999999989,0.8030599999999989,0.8033199999999989,243
2026-08-10T21:45:00+00:00,0.8033199999999989,0.8034399999999989,0.8029799999999989,0.8031799999999989,327
2026-08-10T22:00:00+00:00,0.8031799999999989,0.8037899999999989,0.8031699999999989,0.8037199999999989,608
2026-08-10T22:15:00+00:00,0.8037199999999989,0.803749999999999,0.8036699999999989,0.8037399999999989,284
2026-08-10T22:30:00+00:00,0.8037399999999989,0.8037699999999989,0.8035599999999989,0.8035699999999989,336
2026-08-10T22:45:00+00:00,0.8035699999999989,0.8036599999999989,0.8034999999999989,0.8035899999999989,297
2026-08-10T23:00:00+00:00,0.8035899999999989,0.8036699999999989,0.8035499999999989,0.803579999999999,287
2026-08-10T23:15:00+00:00,0.803579999999999,0.803679999999999,0.803579999999999,0.803629999999999,265
2026-08-10T23:30:00+00:00,0.803629999999999,0.8037199999999989,0.8035499999999989,0.8035899999999989,437
2026-08-10T23:45:00+00:00,0.8035899999999989,0.8035899999999989,0.803289999999999,0.803359999999999,727
2026-08-11T00:00:00+00:00,0.803359999999999,0.8033999999999989,0.803189999999999,0.8032799999999989,977
2026-08-11T00:15:00+00:00,0.8032799999999989,0.803429999999999,0.8032499999999989,0.8032999999999989,852
2026-08-11T00:30:00+00:00,0.8032999999999989,0.803379999999999,0.802969999999999,0.803089999999999,1038
2026-08-11T00:45:00+00:00,0.803089999999999,0.803359999999999,0.803069999999999,0.803239999999999,1252
2026-08-11T01:00:00+00:00,0.803239999999999,0.803529999999999,0.8031299999999989,0.8031299999999989,1318
2026-08-11T01:15:00+00:00,0.8031299999999989,0.8031699999999989,0.8030099999999989,0.8030499999999989,1030
2026-08-11T01:30:00+00:00,0.8030499999999989,0.803309999999999,0.802899999999999,0.8032999999999989,819
2026-08-11T01:45:00+00:00,0.8032999999999989,0.8033199999999989,0.8030299999999989,0.803289999999999,697
2026-08-11T02:00:00+00:00,0.803289999999999,0.8035599999999989,0.803239999999999,0.803409999999999,1034
2026-08-11T02:15:00+00:00,0.803409999999999,0.803849999999999,0.8033899999999989,0.8037599999999989,1135
2026-08-11T02:30:00+00:00,0.8037599999999989,0.8038299999999989,0.8037199999999989,0.803819999999999,1123
2026-08-11T02:45:00+00:00,0.803819999999999,0.8040299999999989,0.803799999999999,0.8039299999999989,1043
2026-08-11T03:00:00+00:00,0.8039299999999989,0.8039499999999989,0.8037699999999989,0.803799999999999,784
2026-08-11T03:15:00+00:00,0.803799999999999,0.803819999999999,0.803479999999999,0.8034999999999989,1028
2026-08-11T03:30:00+00:00,0.8034999999999989,0.803699999999999,0.8034699999999989,0.803699999999999,668
2026-08-11T03:45:00+00:00,0.803699999999999,0.8037599999999989,0.8036099999999989,0.803729999999999,832
2026-08-11T04:00:00+00:00,0.803729999999999,0.8037599999999989,0.8036699999999989,0.803699999999999,428
2026-08-11T04:15:00+00:00,0.803699999999999,0.8037199999999989,0.8035499999999989,0.803579999999999,608
2026-08-11T04:30:00+00:00,0.803579999999999,0.803919999999999,0.8034699999999989,0.803799999999999,1332
2026-08-11T04:45:00+00:00,0.803799999999999,0.8039599999999989,0.803629999999999,0.8036599999999989,1208
2026-08-11T05:00:00+00:00,0.8036599999999989,0.803819999999999,0.8036399999999989,0.8037699999999989,749
2026-08-11T05:15:00+00:00,0.8037699999999989,0.8038299999999989,0.8036699999999989,0.8037199999999989,778
2026-08-11T05:30:00+00:00,0.8037199999999989,0.803799999999999,0.8036099999999989,0.8036199999999989,1231
2026-08-11T05:45:00+00:00,0.8036199999999989,0.8040599999999989,0.8036099999999989,0.803849999999999,1075
2026-08-11T06:00:00+00:00,0.803849999999999,0.8040499999999989,0.803629999999999,0.804019999999999,1329
2026-08-11T06:15:00+00:00,0.804019999999999,0.8044899999999989,0.803969999999999,0.8044199999999989,1936
2026-08-11T06:30:00+00:00,0.8044199999999989,0.804699999999999,0.8042199999999989,0.804459999999999,1513
2026-08-11T06:45:00+00:00,0.804459999999999,0.8045699999999989,0.8042499999999989,0.8042499999999989,1167
2026-08-11T07:00:00+00:00,0.8042499999999989,0.804259999999999,0.8037599999999989,0.8038299999999989,1551
2026-08-11T07:15:00+00:00,0.8038299999999989,0.8041599999999989,0.8038299999999989,0.8040499999999989,1247
2026-08-11T07:30:00+00:00,0.8040499999999989,0.8045399999999989,0.803969999999999,0.804529999999999,1218
2026-08-11T07:45:00+00:00,0.804529999999999,0.804699999999999,0.8043799999999989,0.8046599999999989,1283
2026-08-11T08:00:00+00:00,0.8046599999999989,0.8047699999999989,0.8044999999999989,0.8046399999999989,1441
2026-08-11T08:15:00+00:00,0.8046399999999989,0.804749999999999,0.804509999999999,0.804529999999999,1297
2026-08-11T08:30:00+00:00,0.804529999999999,0.8046199999999989,0.8043499999999989,0.8044699999999989,1016
2026-08-11T08:45:00+00:00,0.8044699999999989,0.8046599999999989,0.804429999999999,0.8045499999999989,1019
2026-08-11T09:00:00+00:00,0.8045499999999989,0.804819999999999,0.8044899999999989,0.8048099999999989,859
2026-08-11T09:15:00+00:00,0.8048099999999989,0.8050299999999989,0.8046899999999989,0.8049799999999989,798
2026-08-11T09:30:00+00:00,0.8049799999999989,0.8049899999999989,0.8046399999999989,0.8048399999999989,930
2026-08-11T09:45:00+00:00,0.8048399999999989,0.8048599999999989,0.8044899999999989,0.8044899999999989,958
2026-08-11T10:00:00+00:00,0.8044899999999989,0.8046599999999989,0.804039999999999,0.804289999999999,1237
2026-08-11T10:15:00+00:00,0.804289999999999,0.8043799999999989,0.8039499999999989,0.8042799999999989,1753
2026-08-11T10:30:00+00:00,0.8042799999999989,0.8043799999999989,0.8040099999999989,0.8043299999999989,1118
2026-08-11T10:45:00+00:00,0.8043299999999989,0.8045399999999989,0.804209999999999,0.8044199999999989,887
2026-08-11T11:00:00+00:00,0.8044199999999989,0.8045899999999989,0.8035899999999989,0.8037199999999989,4589
2026-08-11T11:15:00+00:00,0.8037199999999989,0.8040299999999989,0.8036899999999989,0.8039799999999989,1215
2026-08-11T11:30:00+00:00,0.8039799999999989,0.804259999999999,0.8039399999999989,0.8042299999999989,1027
2026-08-11T11:45:00+00:00,0.8042299999999989,0.804509999999999,0.804209999999999,0.804479999999999,838
2026-08-11T12:00:00+00:00,0.804479999999999,0.8045899999999989,0.803699999999999,0.803869999999999,1683
2026-08-11T12:15:00+00:00,0.803869999999999,0.8046099999999989,0.803869999999999,0.804239999999999,2251
2026-08-11T12:30:00+00:00,0.804239999999999,0.804289999999999,0.8038799999999989,0.804019999999999,1582
2026-08-11T12:45:00+00:00,0.804019999999999,0.8042199999999989,0.803869999999999,0.8041999999999989,1396
2026-08-11T13:00:00+00:00,0.8041999999999989,0.8041999999999989,0.803629999999999,0.803849999999999,2257
2026-08-11T13:15:00+00:00,0.803849999999999,0.8040099999999989,0.8035599999999989,0.8040099999999989,1836
2026-08-11T13:30:00+00:00,0.8040099999999989,0.804209999999999,0.803819999999999,0.8038399999999989,2041
2026-08-11T13:45:00+00:00,0.8038399999999989,0.8038899999999989,0.8035499999999989,0.8038099999999989,2042
2026-08-11T14:00:00+00:00,0.8038099999999989,0.804189999999999,0.8038099999999989,0.8040499999999989,2009
2026-08-11T14:15:00+00:00,0.8040499999999989,0.804429999999999,0.8038299999999989,0.8042699999999989,1596
2026-08-11T14:30:00+00:00,0.8042699999999989,0.8044399999999989,0.8040799999999989,0.8041999999999989,1426
2026-08-11T14:45:00+00:00,0.8041999999999989,0.8044199999999989,0.8039399999999989,0.804189999999999,1925
2026-08-11T15:00:00+00:00,0.804189999999999,0.804799999999999,0.8041099999999989,0.804799999999999,1771
2026-08-11T15:15:00+00:00,0.804799999999999,0.804919999999999,0.8044899999999989,0.8047699999999989,1626
2026-08-11T15:30:00+00:00,0.8047699999999989,0.8051499999999989,0.8046599999999989,0.805069999999999,2197
2026-08-11T15:45:00+00:00,0.805069999999999,0.8050799999999989,0.804409999999999,0.804409999999999,1516
2026-08-11T16:00:00+00:00,0.804409999999999,0.804649999999999,0.8043699999999989,0.8044999999999989,1083
2026-08-11T16:15:00+00:00,0.8044999999999989,0.804629999999999,0.804429999999999,0.804429999999999,885
2026-08-11T16:30:00+00:00,0.804429999999999,0.8045399999999989,0.804309999999999,0.804479999999999,834
2026-08-11T16:45:00+00:00,0.804479999999999,0.8048099999999989,0.8044699999999989,0.804799999999999,1011
2026-08-11T17:00:00+00:00,0.804799999999999,0.805409999999999,0.8046899999999989,0.8053999999999989,1352
2026-08-11T17:15:00+00:00,0.8053999999999989,0.8055399999999989,0.8051699999999989,0.805429999999999,741
2026-08-11T17:30:00+00:00,0.805429999999999,0.8055399999999989,0.805259999999999,0.805339999999999,841
2026-08-11T17:45:00+00:00,0.805339999999999,0.8054499999999989,0.805209999999999,0.8052799999999989,670
2026-08-11T18:00:00+00:00,0.8052799999999989,0.805529999999999,0.8052799999999989,0.8054499999999989,1035
2026-08-11T18:15:00+00:00,0.8054499999999989,0.8055699999999989,0.8052699999999989,0.805289999999999,1529
2026-08-11T18:30:00+00:00,0.805289999999999,0.8053199999999989,0.804259999999999,0.8043699999999989,1680
2026-08-11T18:45:00+00:00,0.8043699999999989,0.8047899999999989,0.804339999999999,0.804679999999999,897
2026-08-11T19:00:00+00:00,0.804679999999999,0.804819999999999,0.8044699999999989,0.8045699999999989,863
2026-08-11T19:15:00+00:00,0.8045699999999989,0.8049499999999989,0.8045699999999989,0.804729999999999,823
2026-08-11T19:30:00+00:00,0.804729999999999,0.8047899999999989,0.8045599999999989,0.804649999999999,879
2026-08-11T19:45:00+00:00,0.804649999999999,0.8046699999999989,0.804189999999999,0.8042199999999989,1183
2026-08-11T20:00:00+00:00,0.8042199999999989,0.8044699999999989,0.8042199999999989,0.8044499999999989,526
2026-08-11T20:15:00+00:00,0.8044499999999989,0.804509999999999,0.8043999999999989,0.804459999999999,313
2026-08-11T20:30:00+00:00,0.804459999999999,0.8047699999999989,0.804459999999999,0.8047699999999989,475
2026-08-11T20:45:00+00:00,0.8047699999999989,0.8047699999999989,0.803629999999999,0.803629999999999,1040
2026-08-11T21:00:00+00:00,0.803629999999999,0.804409999999999,0.803549999999999,0.803979999999999,84.6750566965324
2026-08-11T21:15:00+00:00,0.803979999999999,0.8046499999999989,0.803829999999999,0.8046499999999989,111.60703166219548
2026-08-11T21:30:00+00:00,0.8046499999999989,0.8051099999999989,0.8045899999999988,0.8050299999999989,1681.659018633073
2026-08-11T21:45:00+00:00,0.8050299999999989,0.8052799999999989,0.8047999999999988,0.8050599999999989,1310
2026-08-11T22:00:00+00:00,0.8050599999999989,0.8054299999999989,0.8050599999999989,0.8054099999999988,697
2026-08-11T22:15:00+00:00,0.8054099999999988,0.8055199999999989,0.8054099999999988,0.8054699999999989,180
2026-08-11T22:30:00+00:00,0.8054699999999989,0.8055899999999988,0.8054399999999988,0.8054999999999989,260
2026-08-11T22:45:00+00:00,0.8054999999999989,0.8055099999999988,0.8054299999999989,0.8054499999999989,331
2026-08-11T23:00:00+00:00,0.8054499999999989,0.8055599999999988,0.8054199999999988,0.8055599999999988,333
2026-08-11T23:15:00+00:00,0.8055599999999988,0.8056499999999989,0.8055399999999988,0.8056499999999989,167.77317845828935
2026-08-11T23:30:00+00:00,0.8056499999999989,0.8056799999999988,0.8055499999999989,0.8055599999999988,246
2026-08-11T23:45:00+00:00,0.8055599999999988,0.8056499999999989,0.8055599999999988,0.8055799999999989,347
2026-08-12T00:00:00+00:00,0.8055799999999989,0.8057799999999988,0.8055399999999988,0.8056099999999988,923
2026-08-12T00:15:00+00:00,0.8056099999999988,0.8057499999999989,0.8055999999999989,0.8057099999999988,803
2026-08-12T00:30:00+00:00,0.8057099999999988,0.8058299999999988,0.8056099999999988,0.8057499999999989,684
2026-08-12T00:45:00+00:00,0.8057499999999989,0.8061599999999989,0.8057399999999989,0.8060199999999988,1109
2026-08-12T01:00:00+00:00,0.8060199999999988,0.8062599999999989,0.8059999999999988,0.8061099999999989,1196
2026-08-12T01:15:00+00:00,0.8061099999999989,0.8062499999999989,0.8060099999999989,0.8061299999999989,786
2026-08-12T01:30:00+00:00,0.8061299999999989,0.8062799999999989,0.8060299999999988,0.8060299999999988,584
2026-08-12T01:45:00+00:00,0.8060299999999988,0.8061399999999989,0.8059399999999989,0.8060799999999989,656
2026-08-12T02:00:00+00:00,0.8060799999999989,0.8061999999999988,0.8060599999999989,0.8061899999999989,917
2026-08-12T02:15:00+00:00,0.8061899999999989,0.8062999999999989,0.8061499999999988,0.8061499999999988,964
2026-08-12T02:30:00+00:00,0.8061499999999988,0.8061799999999989,0.8059599999999989,0.8060599999999989,852
2026-08-12T02:45:00+00:00,0.8060599999999989,0.8062699999999988,0.8059699999999989,0.8061899999999989,713
2026-08-12T03:00:00+00:00,0.8061899999999989,0.8063299999999989,0.8061699999999988,0.8062899999999988,895
2026-08-12T03:15:00+00:00,0.8062899999999988,0.8063899999999988,0.8062599999999989,0.8063799999999989,535
2026-08-12T03:30:00+00:00,0.8063799999999989,0.8065499999999989,0.8063099999999989,0.8065399999999988,461
2026-08-12T03:45:00+00:00,0.8065399999999988,0.8066899999999989,0.8064799999999989,0.8066299999999988,325
2026-08-12T04:00:00+00:00,0.8066299999999988,0.8068399999999989,0.8065999999999989,0.8068099999999988,471
2026-08-12T04:15:00+00:00,0.8068099999999988,0.8068999999999988,0.8067499999999989,0.8067899999999989,526
2026-08-12T04:30:00+00:00,0.8067899999999989,0.8067899999999989,0.8065699999999989,0.8066399999999989,498
2026-08-12T04:45:00+00:00,0.8066399999999989,0.8067499999999989,0.8066099999999988,0.8066599999999988,611
2026-08-12T05:00:00+00:00,0.8066599999999988,0.8068499999999988,0.8066599999999988,0.8068499999999988,601
2026-08-12T05:15:00+00:00,0.8068499999999988,0.8069199999999989,0.8067699999999989,0.8068099999999988,592
2026-08-12T05:30:00+00:00,0.8068099999999988,0.8068199999999989,0.8065799999999989,0.8067099999999988,840
2026-08-12T05:45:00+00:00,0.8067099999999988,0.8068499999999988,0.8066199999999989,0.8066699999999989,716
2026-08-12T06:00:00+00:00,0.8066699999999989,0.8067999999999989,0.8065599999999988,0.8065799999999989,930
2026-08-12T06:15:00+00:00,0.8065799999999989,0.8066599999999988,0.8064999999999989,0.8065999999999989,1019
2026-08-12T06:30:00+00:00,0.8065999999999989,0.8067099999999988,0.8061999999999988,0.8063699999999988,1275
2026-08-12T06:45:00+00:00,0.8063699999999988,0.8064199999999988,0.8059699999999989,0.8061699999999988,1515
2026-08-12T07:00:00+00:00,0.8061699999999988,0.8065999999999989,0.8061399999999989,0.8065199999999989,1252
2026-08-12T07:15:00+00:00,0.8065199999999989,0.8067699999999989,0.8064099999999988,0.8067599999999988,750
2026-08-12T07:30:00+00:00,0.8067599999999988,0.8069899999999989,0.8067399999999989,0.8068499999999988,870
2026-08-12T07:45:00+00:00,0.8068499999999988,0.8071399999999989,0.8067399999999989,0.8069499999999988,893
2026-08-12T08:00:00+00:00,0.8069499999999988,0.8071599999999989,0.8069299999999988,0.8070199999999988,797
2026-08-12T08:15:00+00:00,0.8070199999999988,0.8071099999999989,0.8067899999999989,0.8070199999999988,993
2026-08-12T08:30:00+00:00,0.8070199999999988,0.8073999999999989,0.8069899999999989,0.8073099999999989,1077
2026-08-12T08:45:00+00:00,0.8073099999999989,0.8073799999999989,0.8071499999999988,0.8072999999999989,1084
2026-08-12T09:00:00+00:00,0.8072999999999989,0.8073699999999988,0.8069099999999989,0.8069099999999989,1062
2026-08-12T09:15:00+00:00,0.8069099999999989,0.8069299999999988,0.8056599999999988,0.8063399999999988,3508
2026-08-12T09:30:00+00:00,0.8063399999999988,0.8067699999999989,0.8061299999999989,0.8067399999999989,2119
2026-08-12T09:45:00+00:00,0.8067399999999989,0.8071899999999989,0.8065699999999989,0.8070099999999989,2185
2026-08-12T10:00:00+00:00,0.8070099999999989,0.8071099999999989,0.8067499999999989,0.8069999999999988,1221
2026-08-12T10:15:00+00:00,0.8069999999999988,0.8070499999999988,0.8068299999999988,0.8069599999999989,1007
2026-08-12T10:30:00+00:00,0.8069599999999989,0.8071499999999988,0.8069599999999989,0.8070399999999989,881
2026-08-12T10:45:00+00:00,0.8070399999999989,0.8073799999999989,0.8069099999999989,0.8070599999999989,1852
2026-08-12T11:00:00+00:00,0.8070599999999989,0.8071099999999989,0.8067299999999988,0.8070299999999988,1030
2026-08-12T11:15:00+00:00,0.8070299999999988,0.8070299999999988,0.8063899999999988,0.8064199999999988,1199
2026-08-12T11:30:00+00:00,0.8064199999999988,0.8065399999999988,0.8062099999999989,0.8062299999999989,1060
2026-08-12T11:45:00+00:00,0.8062299999999989,0.8062499999999989,0.8056699999999989,0.8059299999999988,1309
2026-08-12T12:00:00+00:00,0.8059299999999988,0.8060699999999988,0.8056799999999988,0.8058199999999989,1830
2026-08-12T12:15:00+00:00,0.8058199999999989,0.8061499999999988,0.8053399999999988,0.8053899999999988,2097
2026-08-12T12:30:00+00:00,0.8053899999999988,0.8067199999999989,0.8036599999999988,0.8047299999999988,11942
2026-08-12T12:45:00+00:00,0.8047299999999988,0.8053399999999988,0.8042099999999989,0.8042499999999989,6672
2026-08-12T13:00:00+00:00,0.8042499999999989,0.8052799999999989,0.8040799999999989,0.8052699999999988,5743
2026-08-12T13:15:00+00:00,0.8052699999999988,0.8054999999999989,0.8047899999999989,0.8048699999999989,4266
2026-08-12T13:30:00+00:00,0.8048699999999989,0.8058599999999989,0.8046299999999988,0.8057899999999989,4823
2026-08-12T13:45:00+00:00,0.8057899999999989,0.8059399999999989,0.8053299999999989,0.8055699999999989,3755
2026-08-12T14:00:00+00:00,0.8055699999999989,0.8057099999999988,0.8051999999999988,0.8055899999999988,3662
2026-08-12T14:15:00+00:00,0.8055899999999988,0.8057299999999988,0.8049999999999988,0.8053899999999988,2889
2026-08-12T14:30:00+00:00,0.8053899999999988,0.8060399999999989,0.8051099999999989,0.8060299999999988,3527
2026-08-12T14:45:00+00:00,0.8060299999999988,0.8065699999999989,0.8057999999999989,0.8059299999999988,3163
2026-08-12T15:00:00+00:00,0.8059299999999988,0.8064099999999988,0.8058699999999989,0.8060499999999988,2902
2026-08-12T15:15:00+00:00,0.8060499999999988,0.8063599999999989,0.8060099999999989,0.8062899999999988,1730
2026-08-12T15:30:00+00:00,0.8062899999999988,0.8066699999999989,0.8061999999999988,0.8065799999999989,1917
2026-08-12T15:45:00+00:00,0.8065799999999989,0.8067899999999989,0.8062399999999988,0.8062599999999989,1720
2026-08-12T16:00:00+00:00,0.8062599999999989,0.8068499999999988,0.8061299999999989,0.8067499999999989,1673
2026-08-12T16:15:00+00:00,0.8067499999999989,0.8070199999999988,0.8067199999999989,0.8069699999999989,1169
2026-08-12T16:30:00+00:00,0.8069699999999989,0.8073999999999989,0.8068899999999989,0.8071799999999989,1557
2026-08-12T16:45:00+00:00,0.8071799999999989,0.8075799999999989,0.8071199999999988,0.8073599999999989,1518
2026-08-12T17:00:00+00:00,0.8073599999999989,0.8076699999999989,0.8071399999999989,0.8076699999999989,1418
2026-08-12T17:15:00+00:00,0.8076699999999989,0.8077899999999989,0.8075899999999988,0.8076699999999989,1059
2026-08-12T17:30:00+00:00,0.8076699999999989,0.8081099999999989,0.8076299999999988,0.8080299999999988,1401
2026-08-12T17:45:00+00:00,0.8080299999999988,0.8081999999999988,0.8079399999999989,0.8081799999999989,1212
2026-08-12T18:00:00+00:00,0.8081799999999989,0.8083999999999989,0.8078599999999989,0.8079899999999989,1410
2026-08-12T18:15:00+00:00,0.8079899999999989,0.8080299999999988,0.8076799999999988,0.8079499999999988,861
2026-08-12T18:30:00+00:00,0.8079499999999988,0.8081399999999989,0.8079199999999989,0.8080899999999989,595
2026-08-12T18:45:00+00:00,0.8080899999999989,0.8083599999999989,0.8080299999999988,0.8082899999999988,803
2026-08-12T19:00:00+00:00,0.8082899999999988,0.8083299999999989,0.8081299999999989,0.8082099999999989,852
2026-08-12T19:15:00+00:00,0.8082099999999989,0.8082399999999988,0.8080099999999989,0.8082399999999988,898
2026-08-12T19:30:00+00:00,0.8082399999999988,0.8084399999999988,0.8082299999999989,0.8083399999999988,1025
2026-08-12T19:45:00+00:00,0.8083399999999988,0.8084599999999988,0.8082199999999988,0.8082799999999989,1117
2026-08-12T20:00:00+00:00,0.8082799999999989,0.8084299999999989,0.8081799999999989,0.8084299999999989,691
2026-08-12T20:15:00+00:00,0.8084299999999989,0.8084899999999988,0.8082899999999988,0.8084099999999989,362
2026-08-12T20:30:00+00:00,0.8084099999999989,0.8084499999999989,0.8082399999999988,0.8082399999999988,390
2026-08-12T20:45:00+00:00,0.8082399999999988,0.8083099999999989,0.8074799999999989,0.8074799999999989,987
2026-08-12T21:00:00+00:00,0.8074799999999989,0.8080099999999989,0.8060899999999989,0.8075699999999989,166.1655497924669
2026-08-12T21:15:00+00:00,0.8075699999999989,0.8082699999999989,0.8075699999999989,0.8078499999999988,364.28199822642625
2026-08-12T21:30:00+00:00,0.8078499999999988,0.8079599999999989,0.8076699999999989,0.8078799999999989,329
2026-08-12T21:45:00+00:00,0.8078799999999989,0.8081899999999989,0.8074399999999989,0.8077699999999989,748
2026-08-12T22:00:00+00:00,0.8077699999999989,0.8083699999999989,0.8077499999999989,0.8082499999999989,329
2026-08-12T22:15:00+00:00,0.8082499999999989,0.8082799999999989,0.8081899999999989,0.8081999999999989,158
2026-08-12T22:30:00+00:00,0.8081999999999989,0.8082499999999989,0.8081499999999989,0.8081899999999989,487
2026-08-12T22:45:00+00:00,0.8081899999999989,0.8082299999999989,0.8080699999999988,0.8080899999999989,611.4133016121102
2026-08-12T23:00:00+00:00,0.8080899999999989,0.8081199999999988,0.8080099999999989,0.8080999999999988,571.0750977107762
2026-08-12T23:15:00+00:00,0.8080999999999988,0.8081099999999989,0.8080099999999989,0.8080599999999989,806.5373831775701
2026-08-12T23:30:00+00:00,0.8080599999999989,0.8081199999999988,0.8080299999999989,0.8080899999999989,761
2026-08-12T23:45:00+00:00,0.8080899999999989,0.8080899999999989,0.8078599999999989,0.8078599999999989,675
2026-08-13T00:00:00+00:00,0.8078599999999989,0.8078799999999988,0.8076099999999988,0.8077199999999989,957
2026-08-13T00:15:00+00:00,0.8077199999999989,0.8077199999999989,0.8074499999999989,0.8074999999999989,752
2026-08-13T00:30:00+00:00,0.8074999999999989,0.8074999999999989,0.8071999999999989,0.8073199999999988,976
2026-08-13T00:45:00+00:00,0.8073199999999988,0.8076499999999989,0.8073099999999989,0.8074799999999989,1247
2026-08-13T01:00:00+00:00,0.8074799999999989,0.8075899999999989,0.8073299999999989,0.8075299999999989,1304
2026-08-13T01:15:00+00:00,0.8075299999999989,0.8076299999999988,0.8073999999999989,0.8075699999999989,1493
2026-08-13T01:30:00+00:00,0.8075699999999989,0.8079099999999989,0.8074199999999989,0.8078999999999988,973
2026-08-13T01:45:00+00:00,0.8078999999999988,0.8083899999999988,0.8078999999999988,0.8082699999999988,916
2026-08-13T02:00:00+00:00,0.8082699999999988,0.8083099999999989,0.8081699999999988,0.8082899999999988,583
2026-08-13T02:15:00+00:00,0.8082899999999988,0.8084799999999989,0.8082699999999988,0.8084699999999989,573
2026-08-13T02:30:00+00:00,0.8084699999999989,0.8086299999999988,0.8084199999999989,0.8085499999999989,929
2026-08-13T02:45:00+00:00,0.8085499999999989,0.8086299999999988,0.8085099999999988,0.8086099999999988,699
2026-08-13T03:00:00+00:00,0.8086099999999988,0.8086799999999988,0.8083799999999989,0.8085999999999989,1711
2026-08-13T03:15:00+00:00,0.8085999999999989,0.8088999999999988,0.8085999999999989,0.8088199999999989,1218
2026-08-13T03:30:00+00:00,0.8088199999999989,0.8088499999999988,0.8087199999999989,0.8087299999999988,871
2026-08-13T03:45:00+00:00,0.8087299999999988,0.8089399999999989,0.8087199999999989,0.8088799999999988,1255
2026-08-13T04:00:00+00:00,0.8088799999999988,0.8090299999999989,0.8088799999999988,0.8089699999999989,769
2026-08-13T04:15:00+00:00,0.8089699999999989,0.8090099999999989,0.8087899999999989,0.8088099999999989,721
2026-08-13T04:30:00+00:00,0.8088099999999989,0.8089199999999989,0.8088099999999989,0.8088899999999989,731
2026-08-13T04:45:00+00:00,0.8088899999999989,0.8088899999999989,0.8082999999999989,0.8083899999999988,1950
2026-08-13T05:00:00+00:00,0.8083899999999988,0.8085999999999989,0.8083399999999988,0.8084699999999989,1127
2026-08-13T05:15:00+00:00,0.8084699999999989,0.8085299999999989,0.8082199999999988,0.8082699999999988,544
2026-08-13T05:30:00+00:00,0.8082699999999988,0.8084699999999989,0.8082399999999988,0.8083799999999989,711
2026-08-13T05:45:00+00:00,0.8083799999999989,0.8084799999999989,0.8082099999999989,0.8083499999999989,716
2026-08-13T06:00:00+00:00,0.8083499999999989,0.8086199999999989,0.8081099999999989,0.8085799999999989,1268
2026-08-13T06:15:00+00:00,0.8085799999999989,0.8088399999999989,0.8084499999999989,0.8088099999999989,1189
2026-08-13T06:30:00+00:00,0.8088099999999989,0.8092399999999988,0.8086699999999989,0.8087399999999989,1719
2026-08-13T06:45:00+00:00,0.8087399999999989,0.8088199999999989,0.8084399999999988,0.8085199999999989,1176
2026-08-13T07:00:00+00:00,0.8085199999999989,0.8087499999999989,0.8084399999999988,0.8086899999999989,1246
2026-08-13T07:15:00+00:00,0.8086899999999989,0.8086999999999989,0.8083899999999988,0.8083999999999989,1114
2026-08-13T07:30:00+00:00,0.8083999999999989,0.8084099999999989,0.8078299999999988,0.8078399999999989,1433
2026-08-13T07:45:00+00:00,0.8078399999999989,0.8079399999999989,0.8072999999999989,0.8076099999999988,1485
2026-08-13T08:00:00+00:00,0.8076099999999988,0.8078499999999988,0.8074199999999989,0.8075499999999989,1374
2026-08-13T08:15:00+00:00,0.8075499999999989,0.8078499999999988,0.8074599999999988,0.8076799999999988,1141
2026-08-13T08:30:00+00:00,0.8076799999999988,0.8076899999999989,0.8073599999999989,0.8073699999999989,1492
2026-08-13T08:45:00+00:00,0.8073699999999989,0.8075899999999989,0.8071599999999989,0.8075299999999989,1110
2026-08-13T09:00:00+00:00,0.8075299999999989,0.8076299999999988,0.8071399999999989,0.8071599999999989,1285
2026-08-13T09:15:00+00:00,0.8071599999999989,0.8071799999999989,0.8066899999999989,0.8067699999999989,1230
2026-08-13T09:30:00+00:00,0.8067699999999989,0.8068899999999989,0.8066199999999989,0.8068699999999989,963
2026-08-13T09:45:00+00:00,0.8068699999999989,0.8070799999999989,0.8067899999999989,0.8068099999999989,1003
2026-08-13T10:00:00+00:00,0.8068099999999989,0.8070899999999989,0.8067899999999989,0.8069399999999989,1303
2026-08-13T10:15:00+00:00,0.8069399999999989,0.8070699999999988,0.8066799999999988,0.8066899999999989,913
2026-08-13T10:30:00+00:00,0.8066899999999989,0.8066899999999989,0.8062399999999988,0.8062999999999989,1071
2026-08-13T10:45:00+00:00,0.8062999999999989,0.8067399999999989,0.8062999999999989,0.8067099999999988,1055
2026-08-13T11:00:00+00:00,0.8067099999999988,0.8068299999999988,0.8065699999999989,0.8066699999999989,1244
2026-08-13T11:15:00+00:00,0.8066699999999989,0.8069599999999989,0.8066399999999989,0.8068699999999989,985
2026-08-13T11:30:00+00:00,0.8068699999999989,0.8070299999999989,0.8067999999999989,0.8068999999999988,960
2026-08-13T11:45:00+00:00,0.8068999999999988,0.8072599999999989,0.8067999999999989,0.8071699999999988,908
2026-08-13T12:00:00+00:00,0.8071699999999988,0.8076299999999988,0.8071399999999989,0.8075699999999989,1739
2026-08-13T12:15:00+00:00,0.8075699999999989,0.8078399999999989,0.8075499999999989,0.8076699999999989,1021
2026-08-13T12:30:00+00:00,0.8076699999999989,0.8080799999999989,0.8067499999999989,0.8072999999999989,3720
2026-08-13T12:45:00+00:00,0.8072999999999989,0.8073399999999988,0.8061499999999988,0.8062299999999989,3203
2026-08-13T13:00:00+00:00,0.8062299999999989,0.8067699999999989,0.8060699999999988,0.8065599999999988,3591
2026-08-13T13:15:00+00:00,0.8065599999999988,0.8069999999999988,0.8063599999999989,0.8069099999999989,3071
2026-08-13T13:30:00+00:00,0.8069099999999989,0.8074199999999989,0.8067999999999989,0.8070299999999989,3241
2026-08-13T13:45:00+00:00,0.8070299999999989,0.8073599999999989,0.8068999999999988,0.8071599999999989,3520
2026-08-13T14:00:00+00:00,0.8071599999999989,0.8073899999999988,0.8061299999999989,0.8062799999999989,4405
2026-08-13T14:15:00+00:00,0.8062799999999989,0.8064999999999989,0.8058799999999988,0.8064899999999988,3481
2026-08-13T14:30:00+00:00,0.8064899999999988,0.8067999999999989,0.8062999999999989,0.8064999999999989,2736
2026-08-13T14:45:00+00:00,0.8064999999999989,0.8066899999999989,0.8062299999999989,0.8064199999999989,2717
2026-08-13T15:00:00+00:00,0.8064199999999989,0.8068799999999988,0.8062599999999989,0.8068199999999989,2589
2026-08-13T15:15:00+00:00,0.8068199999999989,0.8072699999999988,0.8066299999999988,0.8071999999999989,2839
2026-08-13T15:30:00+00:00,0.8071999999999989,0.8073599999999989,0.8069899999999989,0.8072699999999988,2378
2026-08-13T15:45:00+00:00,0.8072699999999988,0.8076699999999989,0.8071199999999988,0.8076199999999989,1621
2026-08-13T16:00:00+00:00,0.8076199999999989,0.8081199999999988,0.8075099999999988,0.8080199999999989,1513
2026-08-13T16:15:00+00:00,0.8080199999999989,0.8083199999999988,0.8079499999999988,0.8080199999999989,1582
2026-08-13T16:30:00+00:00,0.8080199999999989,0.8081299999999989,0.8077799999999988,0.8078899999999989,1470
2026-08-13T16:45:00+00:00,0.8078899999999989,0.8079099999999989,0.8077599999999988,0.8078099999999989,1135
2026-08-13T17:00:00+00:00,0.8078099999999989,0.8081299999999989,0.8075999999999989,0.8079599999999989,1419
2026-08-13T17:15:00+00:00,0.8079599999999989,0.8080799999999989,0.8077899999999989,0.8080499999999988,1091
2026-08-13T17:30:00+00:00,0.8080499999999988,0.8081899999999989,0.8079599999999989,0.8079799999999989,1070
2026-08-13T17:45:00+00:00,0.8079799999999989,0.8081699999999988,0.8079799999999989,0.8081399999999989,897
2026-08-13T18:00:00+00:00,0.8081399999999989,0.8083099999999989,0.8077499999999989,0.8078399999999989,1455
2026-08-13T18:15:00+00:00,0.8078399999999989,0.8081799999999989,0.8078399999999989,0.8080899999999989,1154
2026-08-13T18:30:00+00:00,0.8080899999999989,0.8082999999999989,0.8080099999999989,0.8081899999999989,1030
2026-08-13T18:45:00+00:00,0.8081899999999989,0.8085799999999989,0.8081899999999989,0.8085499999999989,1036
2026-08-13T19:00:00+00:00,0.8085499999999989,0.8087499999999989,0.8084999999999989,0.8085699999999989,1029
2026-08-13T19:15:00+00:00,0.8085699999999989,0.8086199999999989,0.8084899999999988,0.8086099999999988,748
2026-08-13T19:30:00+00:00,0.8086099999999988,0.8091899999999989,0.8086099999999988,0.8090899999999989,996
2026-08-13T19:45:00+00:00,0.8090899999999989,0.8092799999999989,0.8090199999999989,0.8092399999999988,1176
2026-08-13T20:00:00+00:00,0.8092399999999988,0.8093599999999989,0.8091699999999988,0.8092599999999989,598
2026-08-13T20:15:00+00:00,0.8092599999999989,0.8092899999999988,0.8090199999999989,0.8091199999999988,455
2026-08-13T20:30:00+00:00,0.8091199999999988,0.8092599999999989,0.8089999999999988,0.8090699999999988,695
2026-08-13T20:45:00+00:00,0.8090699999999988,0.8090699999999988,0.8086199999999989,0.8086199999999989,893
2026-08-13T21:00:00+00:00,0.8086199999999989,0.8086199999999989,0.8071099999999989,0.8082299999999988,113.93780893361298
2026-08-13T21:15:00+00:00,0.8082299999999988,0.8084999999999989,0.8074399999999988,0.8077399999999988,427
2026-08-13T21:30:00+00:00,0.8077399999999988,0.8080299999999988,0.8076799999999988,0.8080099999999988,432
2026-08-13T21:45:00+00:00,0.8080099999999988,0.8081799999999988,0.8077899999999988,0.8081499999999988,672
2026-08-13T22:00:00+00:00,0.8081499999999988,0.8083199999999988,0.8079899999999989,0.8083199999999988,548
2026-08-13T22:15:00+00:00,0.8083199999999988,0.8083499999999988,0.8081399999999989,0.8082699999999988,306
2026-08-13T22:30:00+00:00,0.8082699999999988,0.8082999999999988,0.8081899999999989,0.8082199999999988,255
2026-08-13T22:45:00+00:00,0.8082199999999988,0.8082399999999988,0.8081599999999989,0.8081999999999988,216
2026-08-13T23:00:00+00:00,0.8081999999999988,0.8082099999999989,0.8080699999999988,0.8081199999999988,291
2026-08-13T23:15:00+00:00,0.8081199999999988,0.8082499999999988,0.8081199999999988,0.8082299999999988,284
2026-08-13T23:30:00+00:00,0.8082299999999988,0.8082599999999989,0.8081599999999989,0.8082199999999989,232.67719737253674
2026-08-13T23:45:00+00:00,0.8082199999999989,0.8083499999999989,0.8081499999999989,0.8082999999999989,428
2026-08-14T00:00:00+00:00,0.8082999999999989,0.8083199999999989,0.8080799999999989,0.8081999999999989,1478
2026-08-14T00:15:00+00:00,0.8081999999999989,0.8082299999999989,0.8079999999999989,0.8080599999999989,1409
2026-08-14T00:30:00+00:00,0.8080599999999989,0.8081299999999989,0.807899999999999,0.8080399999999989,1224
2026-08-14T00:45:00+00:00,0.8080399999999989,0.8081499999999989,0.8078399999999989,0.8078699999999989,1477
2026-08-14T01:00:00+00:00,0.8078699999999989,0.8084099999999989,0.807849999999999,0.8083899999999989,1501
2026-08-14T01:15:00+00:00,0.8083899999999989,0.808559999999999,0.8082599999999989,0.8083999999999989,1293
2026-08-14T01:30:00+00:00,0.8083999999999989,0.8084399999999989,0.8079199999999989,0.8080599999999989,1143
2026-08-14T01:45:00+00:00,0.8080599999999989,0.8082999999999989,0.8079699999999989,0.808289999999999,1133
2026-08-14T02:00:00+00:00,0.808289999999999,0.8082999999999989,0.8080099999999989,0.808069999999999,1158
2026-08-14T02:15:00+00:00,0.808069999999999,0.8080899999999989,0.8078799999999989,0.8080299999999989,834
2026-08-14T02:30:00+00:00,0.8080299999999989,0.8080999999999989,0.8078699999999989,0.8079399999999989,983
2026-08-14T02:45:00+00:00,0.8079399999999989,0.8082799999999989,0.8079299999999989,0.8082099999999989,990
2026-08-14T03:00:00+00:00,0.8082099999999989,0.8082199999999989,0.8080099999999989,0.808069999999999,1242
2026-08-14T03:15:00+00:00,0.808069999999999,0.8081099999999989,0.8077699999999989,0.8078299999999989,933
2026-08-14T03:30:00+00:00,0.8078299999999989,0.807949999999999,0.8077699999999989,0.8079099999999989,575
2026-08-14T03:45:00+00:00,0.8079099999999989,0.8080099999999989,0.8078799999999989,0.8079199999999989,577
2026-08-14T04:00:00+00:00,0.8079199999999989,0.8079299999999989,0.8076399999999989,0.8077199999999989,924
2026-08-14T04:15:00+00:00,0.8077199999999989,0.8079099999999989,0.8076899999999989,0.8078799999999989,688
2026-08-14T04:30:00+00:00,0.8078799999999989,0.8079199999999989,0.8076699999999989,0.8078099999999989,969
2026-08-14T04:45:00+00:00,0.8078099999999989,0.8078399999999989,0.8076299999999988,0.8076999999999989,546
2026-08-14T05:00:00+00:00,0.8076999999999989,0.8077499999999989,0.8075199999999989,0.8075399999999989,664
2026-08-14T05:15:00+00:00,0.8075399999999989,0.8076199999999989,0.8073299999999989,0.8073699999999989,671
2026-08-14T05:30:00+00:00,0.8073699999999989,0.8076299999999988,0.8073199999999989,0.8076299999999988,1289
2026-08-14T05:45:00+00:00,0.8076299999999988,0.8076699999999989,0.8074799999999989,0.8074999999999989,935
2026-08-14T06:00:00+00:00,0.8074999999999989,0.8077699999999989,0.8073799999999989,0.8077099999999989,1290
2026-08-14T06:15:00+00:00,0.8077099999999989,0.8080899999999989,0.8076299999999988,0.8080399999999989,1076
2026-08-14T06:30:00+00:00,0.8080399999999989,0.8080499999999989,0.8076899999999989,0.8077399999999989,1094
2026-08-14T06:45:00+00:00,0.8077399999999989,0.8079399999999989,0.8076699999999989,0.807679999999999,1024
2026-08-14T07:00:00+00:00,0.807679999999999,0.8078199999999989,0.807459999999999,0.8077799999999989,1745
2026-08-14T07:15:00+00:00,0.8077799999999989,0.8081399999999989,0.8077599999999989,0.8079699999999989,1421
2026-08-14T07:30:00+00:00,0.8079699999999989,0.8080899999999989,0.807679999999999,0.8077499999999989,1361
2026-08-14T07:45:00+00:00,0.8077499999999989,0.8079099999999989,0.8075499999999989,0.8076499999999989,1445
2026-08-14T08:00:00+00:00,0.8076499999999989,0.8077899999999989,0.8073799999999989,0.8076599999999989,1770
2026-08-14T08:15:00+00:00,0.8076599999999989,0.8078699999999989,0.8075399999999989,0.8075999999999989,1550
2026-08-14T08:30:00+00:00,0.8075999999999989,0.808119999999999,0.8074899999999989,0.8080999999999989,1612
2026-08-14T08:45:00+00:00,0.8080999999999989,0.8082299999999989,0.8075999999999989,0.8076299999999988,1499
2026-08-14T09:00:00+00:00,0.8076299999999988,0.807679999999999,0.8071499999999989,0.8072499999999989,1775
2026-08-14T09:15:00+00:00,0.8072499999999989,0.8074199999999989,0.807119999999999,0.807289999999999,1217
2026-08-14T09:30:00+00:00,0.807289999999999,0.8075999999999989,0.8071499999999989,0.8073799999999989,1280
2026-08-14T09:45:00+00:00,0.8073799999999989,0.8074199999999989,0.8070799999999989,0.8071499999999989,1314
2026-08-14T10:00:00+00:00,0.8071499999999989,0.8073299999999989,0.8069599999999989,0.8072499999999989,1353
2026-08-14T10:15:00+00:00,0.8072499999999989,0.8076099999999989,0.8071699999999989,0.8075199999999989,1190
2026-08-14T10:30:00+00:00,0.8075199999999989,0.8076899999999989,0.8073799999999989,0.8073999999999989,1416
2026-08-14T10:45:00+00:00,0.8073999999999989,0.8074299999999989,0.8070999999999989,0.8071099999999989,933
2026-08-14T11:00:00+00:00,0.8071099999999989,0.8071599999999989,0.8067399999999989,0.8067399999999989,1483
2026-08-14T11:15:00+00:00,0.8067399999999989,0.8067799999999989,0.8063999999999989,0.8065299999999989,1783
2026-08-14T11:30:00+00:00,0.8065299999999989,0.8065499999999989,0.8057399999999989,0.8058699999999989,2112
2026-08-14T11:45:00+00:00,0.8058699999999989,0.8062199999999989,0.8057899999999989,0.8060499999999989,1828
2026-08-14T12:00:00+00:00,0.8060499999999989,0.8061599999999989,0.8053999999999989,0.8059799999999989,2706
2026-08-14T12:15:00+00:00,0.8059799999999989,0.8059999999999989,0.8051999999999989,0.8051999999999989,2327
2026-08-14T12:30:00+00:00,0.8051999999999989,0.8058399999999989,0.8044299999999989,0.8058299999999989,4910
2026-08-14T12:45:00+00:00,0.8058299999999989,0.8060899999999989,0.8054899999999989,0.8058599999999989,2878
2026-08-14T13:00:00+00:00,0.8058599999999989,0.8064099999999988,0.8057699999999989,0.8063999999999989,2666
2026-08-14T13:15:00+00:00,0.8063999999999989,0.8065899999999989,0.8058299999999989,0.8059999999999989,2375
2026-08-14T13:30:00+00:00,0.8059999999999989,0.8060599999999989,0.8049399999999989,0.8050199999999988,3660
2026-08-14T13:45:00+00:00,0.8050199999999988,0.8054799999999989,0.8046999999999989,0.8051099999999989,3299
2026-08-14T14:00:00+00:00,0.8051099999999989,0.8055599999999989,0.8048199999999989,0.8055599999999989,3118
2026-08-14T14:15:00+00:00,0.8055599999999989,0.8056099999999989,0.8049699999999989,0.8051499999999989,2514
2026-08-14T14:30:00+00:00,0.8051499999999989,0.8058799999999989,0.8050999999999989,0.8056299999999988,2590
2026-08-14T14:45:00+00:00,0.8056299999999988,0.8059299999999989,0.8054899999999989,0.8055599999999989,2492
2026-08-14T15:00:00+00:00,0.8055599999999989,0.8057599999999989,0.8051099999999989,0.8056899999999989,2793
2026-08-14T15:15:00+00:00,0.8056899999999989,0.806069999999999,0.8054699999999989,0.8057499999999989,3025
2026-08-14T15:30:00+00:00,0.8057499999999989,0.8057499999999989,0.8052499999999989,0.8055599999999989,2673
2026-08-14T15:45:00+00:00,0.8055599999999989,0.8057999999999989,0.8053499999999989,0.8057699999999989,2059
2026-08-14T16:00:00+00:00,0.8057699999999989,0.8061799999999989,0.8056499999999989,0.806119999999999,1943
2026-08-14T16:15:00+00:00,0.806119999999999,0.806339999999999,0.8058899999999989,0.8062999999999989,1338
2026-08-14T16:30:00+00:00,0.8062999999999989,0.8064999999999989,0.8059699999999989,0.8064399999999989,1439
2026-08-14T16:45:00+00:00,0.8064399999999989,0.8067899999999989,0.8063799999999989,0.8066999999999989,1363
2026-08-14T17:00:00+00:00,0.8066999999999989,0.8074299999999989,0.8066899999999989,0.807339999999999,1507
2026-08-14T17:15:00+00:00,0.807339999999999,0.8076299999999988,0.8071799999999989,0.8073299999999989,1443
2026-08-14T17:30:00+00:00,0.8073299999999989,0.8074999999999989,0.8071999999999989,0.8073999999999989,1068
2026-08-14T17:45:00+00:00,0.8073999999999989,0.8074199999999989,0.8073099999999989,0.807339999999999,644
2026-08-14T18:00:00+00:00,0.807339999999999,0.8074499999999989,0.8071299999999989,0.8074099999999989,1020
2026-08-14T18:15:00+00:00,0.8074099999999989,0.8074299999999989,0.807119999999999,0.8071499999999989,1054.3054869006426
2026-08-14T18:30:00+00:00,0.8071499999999989,0.8073199999999989,0.8071499999999989,0.8071799999999989,760
2026-08-14T18:45:00+00:00,0.8071799999999989,0.8072699999999989,0.807119999999999,0.8072499999999989,830
2026-08-14T19:00:00+00:00,0.8072499999999989,0.8074199999999989,0.807159999999999,0.8073499999999989,932
2026-08-14T19:15:00+00:00,0.8073499999999989,0.807499999999999,0.8071799999999989,0.8072999999999989,755
2026-08-14T19:30:00+00:00,0.8072999999999989,0.807649999999999,0.8072699999999989,0.8076099999999989,833
2026-08-14T19:45:00+00:00,0.8076099999999989,0.8077099999999989,0.807379999999999,0.807379999999999,846
2026-08-14T20:00:00+00:00,0.807379999999999,0.8076399999999989,0.8072699999999989,0.807549999999999,494
2026-08-14T20:15:00+00:00,0.807549999999999,0.8076099999999989,0.8074499999999989,0.807509999999999,319
2026-08-14T20:30:00+00:00,0.807509999999999,0.807649999999999,0.807429999999999,0.807629999999999,234
2026-08-14T20:45:00+00:00,0.807629999999999,0.807699999999999,0.8067399999999989,0.806749999999999,750
2026-08-16T21:00:00+00:00,0.806749999999999,0.806749999999999,0.806519999999999,0.806609999999999,54.67739226309328
2026-08-16T21:15:00+00:00,0.806609999999999,0.806829999999999,0.806609999999999,0.806759999999999,134.84375857885362
2026-08-16T21:30:00+00:00,0.806759999999999,0.8074999999999991,0.8064699999999991,0.8072799999999991,901.2132450959296
2026-08-16T21:45:00+00:00,0.8072799999999991,0.8073599999999991,0.8069799999999991,0.8072399999999991,424
2026-08-16T22:00:00+00:00,0.8072399999999991,0.8083699999999991,0.8071999999999991,0.8082399999999991,1121
2026-08-16T22:15:00+00:00,0.8082399999999991,0.8083099999999991,0.8079199999999991,0.8079699999999991,371
2026-08-16T22:30:00+00:00,0.8079699999999991,0.808049999999999,0.807779999999999,0.8078599999999991,444
2026-08-16T22:45:00+00:00,0.8078599999999991,0.8079699999999991,0.8075999999999991,0.807659999999999,777
2026-08-16T23:00:00+00:00,0.807659999999999,0.807699999999999,0.807449999999999,0.807549999999999,523
2026-08-16T23:15:00+00:00,0.807549999999999,0.807639999999999,0.807539999999999,0.807639999999999,410
2026-08-16T23:30:00+00:00,0.807639999999999,0.807639999999999,0.807469999999999,0.807489999999999,299
2026-08-16T23:45:00+00:00,0.807489999999999,0.807619999999999,0.8073899999999989,0.807509999999999,327
2026-08-17T00:00:00+00:00,0.807509999999999,0.807519999999999,0.806739999999999,0.806799999999999,1245
2026-08-17T00:15:00+00:00,0.806799999999999,0.806849999999999,0.806519999999999,0.806719999999999,1222
2026-08-17T00:30:00+00:00,0.806719999999999,0.806889999999999,0.806599999999999,0.806829999999999,1428
2026-08-17T00:45:00+00:00,0.806829999999999,0.806949999999999,0.806579999999999,0.806619999999999,1830
2026-08-17T01:00:00+00:00,0.806619999999999,0.806809999999999,0.806479999999999,0.806649999999999,1958
2026-08-17T01:15:00+00:00,0.806649999999999,0.806749999999999,0.806439999999999,0.806599999999999,2037
2026-08-17T01:30:00+00:00,0.806599999999999,0.807119999999999,0.806569999999999,0.806789999999999,1512
2026-08-17T01:45:00+00:00,0.806789999999999,0.806819999999999,0.806589999999999,0.806639999999999,1779
2026-08-17T02:00:00+00:00,0.806639999999999,0.806759999999999,0.806479999999999,0.806479999999999,1245
2026-08-17T02:15:00+00:00,0.806479999999999,0.806579999999999,0.806309999999999,0.806349999999999,1068
2026-08-17T02:30:00+00:00,0.806349999999999,0.806669999999999,0.806319999999999,0.806599999999999,1194
2026-08-17T02:45:00+00:00,0.806599999999999,0.806749999999999,0.8065599999999989,0.806679999999999,919
2026-08-17T03:00:00+00:00,0.806679999999999,0.806789999999999,0.8066099999999989,0.806619999999999,949
2026-08-17T03:15:00+00:00,0.806619999999999,0.806709999999999,0.806539999999999,0.806669999999999,915
2026-08-17T03:30:00+00:00,0.806669999999999,0.806819999999999,0.806619999999999,0.806719999999999,983
2026-08-17T03:45:00+00:00,0.806719999999999,0.806749999999999,0.806379999999999,0.806379999999999,1222
2026-08-17T04:00:00+00:00,0.806379999999999,0.806439999999999,0.806179999999999,0.806239999999999,1705
2026-08-17T04:15:00+00:00,0.806239999999999,0.806409999999999,0.806179999999999,0.806249999999999,1355
2026-08-17T04:30:00+00:00,0.806249999999999,0.806349999999999,0.806099999999999,0.806139999999999,1382
2026-08-17T04:45:00+00:00,0.806139999999999,0.806439999999999,0.806069999999999,0.806399999999999,983
2026-08-17T05:00:00+00:00,0.806399999999999,0.806439999999999,0.806179999999999,0.806409999999999,1204
2026-08-17T05:15:00+00:00,0.806409999999999,0.806449999999999,0.805979999999999,0.806069999999999,1702
2026-08-17T05:30:00+00:00,0.806069999999999,0.806309999999999,0.805959999999999,0.806199999999999,1290
2026-08-17T05:45:00+00:00,0.806199999999999,0.806249999999999,0.805879999999999,0.806139999999999,1521
2026-08-17T06:00:00+00:00,0.806139999999999,0.806469999999999,0.805909999999999,0.806359999999999,1734
2026-08-17T06:15:00+00:00,0.806359999999999,0.806379999999999,0.805669999999999,0.805699999999999,1585
2026-08-17T06:30:00+00:00,0.805699999999999,0.805919999999999,0.805669999999999,0.8057799999999989,1474
2026-08-17T06:45:00+00:00,0.8057799999999989,0.8057799999999989,0.805409999999999,0.805539999999999,1555
2026-08-17T07:00:00+00:00,0.805539999999999,0.805889999999999,0.804899999999999,0.805039999999999,1863
2026-08-17T07:15:00+00:00,0.805039999999999,0.805149999999999,0.803329999999999,0.803449999999999,2537
2026-08-17T07:30:00+00:00,0.803449999999999,0.803449999999999,0.802569999999999,0.802809999999999,3715
2026-08-17T07:45:00+00:00,0.802809999999999,0.803419999999999,0.802809999999999,0.803119999999999,2335
2026-08-17T08:00:00+00:00,0.803119999999999,0.803459999999999,0.802809999999999,0.802929999999999,2609
2026-08-17T08:15:00+00:00,0.802929999999999,0.803149999999999,0.802039999999999,0.802099999999999,2031
2026-08-17T08:30:00+00:00,0.802099999999999,0.802899999999999,0.802009999999999,0.802899999999999,2517
2026-08-17T08:45:00+00:00,0.802899999999999,0.804139999999999,0.802829999999999,0.803849999999999,2529
2026-08-17T09:00:00+00:00,0.803849999999999,0.804009999999999,0.803629999999999,0.803979999999999,2177
2026-08-17T09:15:00+00:00,0.803979999999999,0.804129999999999,0.803659999999999,0.803829999999999,1692
2026-08-17T09:30:00+00:00,0.803829999999999,0.804249999999999,0.803699999999999,0.804069999999999,1489
2026-08-17T09:45:00+00:00,0.804069999999999,0.804579999999999,0.804019999999999,0.804469999999999,1463
2026-08-17T10:00:00+00:00,0.804469999999999,0.804829999999999,0.804429999999999,0.8045599999999989,1304
2026-08-17T10:15:00+00:00,0.8045599999999989,0.805039999999999,0.804469999999999,0.804599999999999,1838
2026-08-17T10:30:00+00:00,0.804599999999999,0.805179999999999,0.804509999999999,0.805049999999999,2923
2026-08-17T10:45:00+00:00,0.805049999999999,0.805259999999999,0.804709999999999,0.805249999999999,1372
2026-08-17T11:00:00+00:00,0.805249999999999,0.805349999999999,0.804639999999999,0.805219999999999,1319
2026-08-17T11:15:00+00:00,0.805219999999999,0.805299999999999,0.804929999999999,0.804969999999999,1400
2026-08-17T11:30:00+00:00,0.804969999999999,0.805249999999999,0.804869999999999,0.805229999999999,1291
2026-08-17T11:45:00+00:00,0.805229999999999,0.805299999999999,0.804619999999999,0.804689999999999,1432
2026-08-17T12:00:00+00:00,0.804689999999999,0.804819999999999,0.804349999999999,0.804769999999999,2086
2026-08-17T12:15:00+00:00,0.804769999999999,0.805439999999999,0.804589999999999,0.804929999999999,2407
2026-08-17T12:30:00+00:00,0.804929999999999,0.805269999999999,0.804649999999999,0.804709999999999,1701
2026-08-17T12:45:00+00:00,0.804709999999999,0.804919999999999,0.804199999999999,0.804199999999999,1810
2026-08-17T13:00:00+00:00,0.804199999999999,0.804459999999999,0.803959999999999,0.804229999999999,2384
2026-08-17T13:15:00+00:00,0.804229999999999,0.804269999999999,0.803689999999999,0.803869999999999,1756
2026-08-17T13:30:00+00:00,0.803869999999999,0.804289999999999,0.803259999999999,0.804279999999999,2604
2026-08-17T13:45:00+00:00,0.804279999999999,0.804449999999999,0.803499999999999,0.803719999999999,2303
2026-08-17T14:00:00+00:00,0.803719999999999,0.804119999999999,0.8035599999999989,0.803869999999999,2240
2026-08-17T14:15:00+00:00,0.803869999999999,0.803989999999999,0.803269999999999,0.803839999999999,2873
2026-08-17T14:30:00+00:00,0.803839999999999,0.804109999999999,0.803549999999999,0.803729999999999,2371
2026-08-17T14:45:00+00:00,0.803729999999999,0.804449999999999,0.803719999999999,0.804339999999999,2522
2026-08-17T15:00:00+00:00,0.804339999999999,0.804549999999999,0.804259999999999,0.804299999999999,2289
2026-08-17T15:15:00+00:00,0.804299999999999,0.804939999999999,0.804219999999999,0.804719999999999,1873
2026-08-17T15:30:00+00:00,0.804719999999999,0.805149999999999,0.804549999999999,0.805079999999999,1750
2026-08-17T15:45:00+00:00,0.805079999999999,0.805159999999999,0.804399999999999,0.804409999999999,1559
2026-08-17T16:00:00+00:00,0.804409999999999,0.804829999999999,0.804409999999999,0.804729999999999,1317
2026-08-17T16:15:00+00:00,0.804729999999999,0.8047799999999989,0.804409999999999,0.804659999999999,1252
2026-08-17T16:30:00+00:00,0.804659999999999,0.804719999999999,0.804459999999999,0.804579999999999,953
2026-08-17T16:45:00+00:00,0.804579999999999,0.804909999999999,0.804579999999999,0.804899999999999,682
2026-08-17T17:00:00+00:00,0.804899999999999,0.805099999999999,0.804809999999999,0.805089999999999,1141
2026-08-17T17:15:00+00:00,0.805089999999999,0.805519999999999,0.805079999999999,0.805359999999999,1288
2026-08-17T17:30:00+00:00,0.805359999999999,0.806339999999999,0.805349999999999,0.805949999999999,1745
2026-08-17T17:45:00+00:00,0.805949999999999,0.806189999999999,0.805789999999999,0.806179999999999,1256
2026-08-17T18:00:00+00:00,0.806179999999999,0.806349999999999,0.806089999999999,0.806149999999999,1335
2026-08-17T18:15:00+00:00,0.806149999999999,0.806499999999999,0.806079999999999,0.806289999999999,1261
2026-08-17T18:30:00+00:00,0.806289999999999,0.806549999999999,0.806279999999999,0.806409999999999,1441
2026-08-17T18:45:00+00:00,0.806409999999999,0.806509999999999,0.806249999999999,0.806329999999999,1173
2026-08-17T19:00:00+00:00,0.806329999999999,0.806499999999999,0.805879999999999,0.805989999999999,1186
2026-08-17T19:15:00+00:00,0.805989999999999,0.806019999999999,0.805619999999999,0.805649999999999,1062
2026-08-17T19:30:00+00:00,0.805649999999999,0.805789999999999,0.805539999999999,0.805599999999999,717
2026-08-17T19:45:00+00:00,0.805599999999999,0.805849999999999,0.805479999999999,0.805679999999999,931
2026-08-17T20:00:00+00:00,0.805679999999999,0.805839999999999,0.805639999999999,0.805819999999999,415
2026-08-17T20:15:00+00:00,0.805819999999999,0.805849999999999,0.805709999999999,0.805809999999999,328
2026-08-17T20:30:00+00:00,0.805809999999999,0.805959999999999,0.805769999999999,0.805909999999999,781
2026-08-17T20:45:00+00:00,0.805909999999999,0.805909999999999,0.805529999999999,0.805529999999999,705
2026-08-17T21:00:00+00:00,0.805529999999999,0.807209999999999,0.805529999999999,0.806459999999999,914.1304777960885
2026-08-17T21:15:00+00:00,0.806459999999999,0.8068299999999989,0.806059999999999,0.8066599999999989,221
2026-08-17T21:30:00+00:00,0.8066599999999989,0.806979999999999,0.806629999999999,0.806899999999999,311
2026-08-17T21:45:00+00:00,0.806899999999999,0.807039999999999,0.806459999999999,0.806809999999999,580
2026-08-17T22:00:00+00:00,0.806809999999999,0.807649999999999,0.806809999999999,0.807569999999999,338
2026-08-17T22:15:00+00:00,0.807569999999999,0.807639999999999,0.807399999999999,0.807419999999999,457
2026-08-17T22:30:00+00:00,0.807419999999999,0.807499999999999,0.807409999999999,0.807449999999999,442
2026-08-17T22:45:00+00:00,0.807449999999999,0.807529999999999,0.8073899999999989,0.807459999999999,160
2026-08-17T23:00:00+00:00,0.807459999999999,0.807509999999999,0.807369999999999,0.807379999999999,275
2026-08-17T23:15:00+00:00,0.807379999999999,0.807409999999999,0.807279999999999,0.807289999999999,159
2026-08-17T23:30:00+00:00,0.807289999999999,0.807329999999999,0.807129999999999,0.807149999999999,339.1628096923496
2026-08-17T23:45:00+00:00,0.807149999999999,0.807179999999999,0.807009999999999,0.807149999999999,378
2026-08-18T00:00:00+00:00,0.807149999999999,0.807349999999999,0.806969999999999,0.8072199999999989,1612
2026-08-18T00:15:00+00:00,0.8072199999999989,0.807519999999999,0.807179999999999,0.807499999999999,1149
2026-08-18T00:30:00+00:00,0.807499999999999,0.807689999999999,0.8072699999999989,0.807379999999999,1122
2026-08-18T00:45:00+00:00,0.807379999999999,0.807519999999999,0.807229999999999,0.807249999999999,1002
2026-08-18T01:00:00+00:00,0.807249999999999,0.807349999999999,0.806859999999999,0.806899999999999,1879
2026-08-18T01:15:00+00:00,0.806899999999999,0.807499999999999,0.806899999999999,0.807349999999999,1763
2026-08-18T01:30:00+00:00,0.807349999999999,0.807449999999999,0.807059999999999,0.8074399999999989,1567
2026-08-18T01:45:00+00:00,0.8074399999999989,0.807629999999999,0.807339999999999,0.807539999999999,1277
2026-08-18T02:00:00+00:00,0.807539999999999,0.807809999999999,0.807539999999999,0.807729999999999,1552
2026-08-18T02:15:00+00:00,0.807729999999999,0.8077799999999989,0.807509999999999,0.807559999999999,1102
2026-08-18T02:30:00+00:00,0.807559999999999,0.807759999999999,0.807529999999999,0.807629999999999,1186
2026-08-18T02:45:00+00:00,0.807629999999999,0.8076599999999989,0.807369999999999,0.807379999999999,1165
2026-08-18T03:00:00+00:00,0.807379999999999,0.807559999999999,0.807369999999999,0.807559999999999,916
2026-08-18T03:15:00+00:00,0.807559999999999,0.807759999999999,0.807549999999999,0.807649999999999,923
2026-08-18T03:30:00+00:00,0.807649999999999,0.808059999999999,0.807649999999999,0.807949999999999,1264
2026-08-18T03:45:00+00:00,0.807949999999999,0.808129999999999,0.807949999999999,0.808079999999999,1200
2026-08-18T04:00:00+00:00,0.808079999999999,0.808319999999999,0.807979999999999,0.808289999999999,1228
2026-08-18T04:15:00+00:00,0.808289999999999,0.8083899999999989,0.808179999999999,0.808209999999999,1074
2026-08-18T04:30:00+00:00,0.808209999999999,0.808349999999999,0.808009999999999,0.808079999999999,905
2026-08-18T04:45:00+00:00,0.808079999999999,0.808259999999999,0.807899999999999,0.808249999999999,1150
2026-08-18T05:00:00+00:00,0.808249999999999,0.808469999999999,0.808229999999999,0.808459999999999,1031
2026-08-18T05:15:00+00:00,0.808459999999999,0.808499999999999,0.808069999999999,0.808129999999999,779
2026-08-18T05:30:00+00:00,0.808129999999999,0.808289999999999,0.808079999999999,0.808089999999999,1344
2026-08-18T05:45:00+00:00,0.808089999999999,0.808119999999999,0.807919999999999,0.808119999999999,717
2026-08-18T06:00:00+00:00,0.808119999999999,0.808629999999999,0.807979999999999,0.808429999999999,1960
2026-08-18T06:15:00+00:00,0.808429999999999,0.808699999999999,0.808189999999999,0.808209999999999,1224
2026-08-18T06:30:00+00:00,0.808209999999999,0.808519999999999,0.808169999999999,0.808189999999999,1655
2026-08-18T06:45:00+00:00,0.808189999999999,0.808459999999999,0.807919999999999,0.807929999999999,1470
2026-08-18T07:00:00+00:00,0.807929999999999,0.808129999999999,0.807679999999999,0.808059999999999,2075
2026-08-18T07:15:00+00:00,0.808059999999999,0.808359999999999,0.807569999999999,0.807629999999999,1551
2026-08-18T07:30:00+00:00,0.807629999999999,0.807699999999999,0.8071699999999989,0.807309999999999,1451
2026-08-18T07:45:00+00:00,0.807309999999999,0.807739999999999,0.8071699999999989,0.807709999999999,1263
2026-08-18T08:00:00+00:00,0.807709999999999,0.808449999999999,0.8076599999999989,0.808259999999999,1605
2026-08-18T08:15:00+00:00,0.808259999999999,0.808539999999999,0.808229999999999,0.808379999999999,1223
2026-08-18T08:30:00+00:00,0.808379999999999,0.808409999999999,0.808069999999999,0.808099999999999,1529
2026-08-18T08:45:00+00:00,0.808099999999999,0.808199999999999,0.807839999999999,0.807969999999999,1308
2026-08-18T09:00:00+00:00,0.807969999999999,0.808319999999999,0.807959999999999,0.808239999999999,1220
2026-08-18T09:15:00+00:00,0.808239999999999,0.8084399999999989,0.807949999999999,0.807959999999999,1177
2026-08-18T09:30:00+00:00,0.807959999999999,0.808379999999999,0.807699999999999,0.808179999999999,1455
2026-08-18T09:45:00+00:00,0.808179999999999,0.808329999999999,0.8080499999999989,0.808129999999999,901
2026-08-18T10:00:00+00:00,0.808129999999999,0.808649999999999,0.808109999999999,0.808649999999999,997
2026-08-18T10:15:00+00:00,0.808649999999999,0.808969999999999,0.808499999999999,0.808689999999999,1260
2026-08-18T10:30:00+00:00,0.808689999999999,0.808859999999999,0.808629999999999,0.808679999999999,912
2026-08-18T10:45:00+00:00,0.808679999999999,0.808939999999999,0.808619999999999,0.808649999999999,1447
2026-08-18T11:00:00+00:00,0.808649999999999,0.8090499999999989,0.808629999999999,0.809039999999999,1195
2026-08-18T11:15:00+00:00,0.809039999999999,0.809149999999999,0.808909999999999,0.809109999999999,926
2026-08-18T11:30:00+00:00,0.809109999999999,0.809159999999999,0.808969999999999,0.809139999999999,907
2026-08-18T11:45:00+00:00,0.809139999999999,0.809229999999999,0.808839999999999,0.8088799999999989,1087
2026-08-18T12:00:00+00:00,0.8088799999999989,0.809129999999999,0.808589999999999,0.808709999999999,2260
2026-08-18T12:15:00+00:00,0.808709999999999,0.809039999999999,0.8086099999999989,0.809019999999999,2146
2026-08-18T12:30:00+00:00,0.809019999999999,0.809259999999999,0.808759999999999,0.808959999999999,1869
2026-08-18T12:45:00+00:00,0.808959999999999,0.809099999999999,0.808559999999999,0.808769999999999,1510
2026-08-18T13:00:00+00:00,0.808769999999999,0.808939999999999,0.808479999999999,0.8088299999999989,2077
2026-08-18T13:15:00+00:00,0.8088299999999989,0.809409999999999,0.808819999999999,0.809179999999999,1694
2026-08-18T13:30:00+00:00,0.809179999999999,0.809579999999999,0.807989999999999,0.808339999999999,3607
2026-08-18T13:45:00+00:00,0.808339999999999,0.8086099999999989,0.8080499999999989,0.808239999999999,2590
2026-08-18T14:00:00+00:00,0.808239999999999,0.808289999999999,0.807719999999999,0.808019999999999,2509
2026-08-18T14:15:00+00:00,0.808019999999999,0.808239999999999,0.807649999999999,0.808159999999999,2352
2026-08-18T14:30:00+00:00,0.808159999999999,0.808519999999999,0.808159999999999,0.808209999999999,2206
2026-08-18T14:45:00+00:00,0.808209999999999,0.808449999999999,0.807649999999999,0.808329999999999,4193
2026-08-18T15:00:00+00:00,0.808329999999999,0.808799999999999,0.807859999999999,0.808789999999999,3484
2026-08-18T15:15:00+00:00,0.808789999999999,0.809229999999999,0.808719999999999,0.809099999999999,2324
2026-08-18T15:30:00+00:00,0.809099999999999,0.809259999999999,0.808649999999999,0.808819999999999,1953
2026-08-18T15:45:00+00:00,0.808819999999999,0.808839999999999,0.808449999999999,0.808589999999999,1774
2026-08-18T16:00:00+00:00,0.808589999999999,0.8086099999999989,0.808009999999999,0.808039999999999,1736
2026-08-18T16:15:00+00:00,0.808039999999999,0.808259999999999,0.807759999999999,0.808239999999999,1570
2026-08-18T16:30:00+00:00,0.808239999999999,0.808509999999999,0.808169999999999,0.808209999999999,1018
2026-08-18T16:45:00+00:00,0.808209999999999,0.808419999999999,0.808059999999999,0.808399999999999,1128
2026-08-18T17:00:00+00:00,0.808399999999999,0.808789999999999,0.8083899999999989,0.808719999999999,1230
2026-08-18T17:15:00+00:00,0.808719999999999,0.808749999999999,0.808489999999999,0.808619999999999,1251
2026-08-18T17:30:00+00:00,0.808619999999999,0.808909999999999,0.808619999999999,0.808699999999999,1209
2026-08-18T17:45:00+00:00,0.808699999999999,0.808849999999999,0.808579999999999,0.8086599999999989,805
2026-08-18T18:00:00+00:00,0.8086599999999989,0.808959999999999,0.808599999999999,0.808629999999999,1007
2026-08-18T18:15:00+00:00,0.808629999999999,0.808759999999999,0.808519999999999,0.808739999999999,1031
2026-08-18T18:30:00+00:00,0.808739999999999,0.809029999999999,0.808719999999999,0.809029999999999,802
2026-08-18T18:45:00+00:00,0.809029999999999,0.809069999999999,0.8088799999999989,0.808929999999999,779
2026-08-18T19:00:00+00:00,0.808929999999999,0.809119999999999,0.808709999999999,0.808799999999999,1398
2026-08-18T19:15:00+00:00,0.808799999999999,0.808959999999999,0.808729999999999,0.808869999999999,961
2026-08-18T19:30:00+00:00,0.808869999999999,0.808909999999999,0.808569999999999,0.808749999999999,1040
2026-08-18T19:45:00+00:00,0.808749999999999,0.809109999999999,0.808719999999999,0.809029999999999,1441
2026-08-18T20:00:00+00:00,0.809029999999999,0.809259999999999,0.809019999999999,0.809119999999999,776
2026-08-18T20:15:00+00:00,0.809119999999999,0.809149999999999,0.809059999999999,0.809109999999999,777
2026-08-18T20:30:00+00:00,0.809109999999999,0.809119999999999,0.808969999999999,0.809059999999999,647
2026-08-18T20:45:00+00:00,0.809059999999999,0.809089999999999,0.808499999999999,0.808499999999999,1053
2026-08-18T21:00:00+00:00,0.808499999999999,0.808499999999999,0.808089999999999,0.808299999999999,87.00401132609721
2026-08-18T21:15:00+00:00,0.808299999999999,0.808339999999999,0.808189999999999,0.808259999999999,244
2026-08-18T21:30:00+00:00,0.808259999999999,0.808459999999999,0.8082199999999989,0.808319999999999,245
2026-08-18T21:45:00+00:00,0.808319999999999,0.808739999999999,0.807889999999999,0.808579999999999,1065
2026-08-18T22:00:00+00:00,0.808579999999999,0.808919999999999,0.808409999999999,0.8088799999999989,815
2026-08-18T22:15:00+00:00,0.8088799999999989,0.808939999999999,0.8087799999999989,0.808939999999999,398
2026-08-18T22:30:00+00:00,0.808939999999999,0.808979999999999,0.808849999999999,0.808899999999999,246
2026-08-18T22:45:00+00:00,0.808899999999999,0.808899999999999,0.808789999999999,0.808869999999999,232.95943915873812
2026-08-18T23:00:00+00:00,0.808869999999999,0.808869999999999,0.8086099999999989,0.808799999999999,439
2026-08-18T23:15:00+00:00,0.808799999999999,0.809059999999999,0.808799999999999,0.809029999999999,369
2026-08-18T23:30:00+00:00,0.809029999999999,0.809199999999999,0.808949999999999,0.809149999999999,494
2026-08-18T23:45:00+00:00,0.809149999999999,0.809179999999999,0.808719999999999,0.808719999999999,651
2026-08-19T00:00:00+00:00,0.808719999999999,0.808869999999999,0.808129999999999,0.8082199999999989,1849
2026-08-19T00:15:00+00:00,0.8082199999999989,0.808539999999999,0.808099999999999,0.808499999999999,1424
2026-08-19T00:30:00+00:00,0.808499999999999,0.808859999999999,0.808459999999999,0.8086599999999989,1494
2026-08-19T00:45:00+00:00,0.8086599999999989,0.808819999999999,0.808369999999999,0.808719999999999,1937
2026-08-19T01:00:00+00:00,0.808719999999999,0.809179999999999,0.808699999999999,0.809139999999999,1799
2026-08-19T01:15:00+00:00,0.809139999999999,0.809299999999999,0.808859999999999,0.8089999999999989,1752
2026-08-19T01:30:00+00:00,0.8089999999999989,0.809009999999999,0.808419999999999,0.808469999999999,1361
2026-08-19T01:45:00+00:00,0.808469999999999,0.808629999999999,0.808359999999999,0.808429999999999,1164
2026-08-19T02:00:00+00:00,0.808429999999999,0.808509999999999,0.808019999999999,0.808139999999999,1000
2026-08-19T02:15:00+00:00,0.808139999999999,0.808279999999999,0.807539999999999,0.807969999999999,3078
2026-08-19T02:30:00+00:00,0.807969999999999,0.808059999999999,0.807719999999999,0.807759999999999,1021
2026-08-19T02:45:00+00:00,0.807759999999999,0.808199999999999,0.807619999999999,0.8080499999999989,1226
2026-08-19T03:00:00+00:00,0.8080499999999989,0.808149999999999,0.8078799999999989,0.808009999999999,1162
2026-08-19T03:15:00+00:00,0.808009999999999,0.808009999999999,0.807909999999999,0.807929999999999,736
2026-08-19T03:30:00+00:00,0.807929999999999,0.808069999999999,0.807819999999999,0.807919999999999,789
2026-08-19T03:45:00+00:00,0.807919999999999,0.808139999999999,0.807919999999999,0.808089999999999,780
2026-08-19T04:00:00+00:00,0.808089999999999,0.808139999999999,0.807899999999999,0.807899999999999,931
2026-08-19T04:15:00+00:00,0.807899999999999,0.807969999999999,0.807799999999999,0.807939999999999,905
2026-08-19T04:30:00+00:00,0.807939999999999,0.808019999999999,0.807629999999999,0.807919999999999,1493
2026-08-19T04:45:00+00:00,0.807919999999999,0.807939999999999,0.807529999999999,0.807629999999999,960
2026-08-19T05:00:00+00:00,0.807629999999999,0.807749999999999,0.807489999999999,0.807529999999999,1024
2026-08-19T05:15:00+00:00,0.807529999999999,0.807679999999999,0.807349999999999,0.807599999999999,876
2026-08-19T05:30:00+00:00,0.807599999999999,0.807749999999999,0.807499999999999,0.807539999999999,1481
2026-08-19T05:45:00+00:00,0.807539999999999,0.807799999999999,0.807479999999999,0.8076599999999989,1589
2026-08-19T06:00:00+00:00,0.8076599999999989,0.807719999999999,0.807249999999999,0.807499999999999,1521
2026-08-19T06:15:00+00:00,0.807499999999999,0.807499999999999,0.806769999999999,0.8068299999999989,1519
2026-08-19T06:30:00+00:00,0.8068299999999989,0.807069999999999,0.806689999999999,0.806739999999999,1559
2026-08-19T06:45:00+00:00,0.806739999999999,0.8071699999999989,0.806699999999999,0.807119999999999,1832
2026-08-19T07:00:00+00:00,0.807119999999999,0.807329999999999,0.806919999999999,0.807259999999999,1881
2026-08-19T07:15:00+00:00,0.807259999999999,0.807529999999999,0.806989999999999,0.807019999999999,1318
2026-08-19T07:30:00+00:00,0.807019999999999,0.807459999999999,0.8067799999999989,0.8073899999999989,1343
2026-08-19T07:45:00+00:00,0.8073899999999989,0.807529999999999,0.807229999999999,0.807429999999999,1120
2026-08-19T08:00:00+00:00,0.807429999999999,0.807669999999999,0.8068299999999989,0.806889999999999,2027
2026-08-19T08:15:00+00:00,0.806889999999999,0.8076099999999989,0.806739999999999,0.807369999999999,1826
2026-08-19T08:30:00+00:00,0.807369999999999,0.807589999999999,0.807069999999999,0.807139999999999,1483
2026-08-19T08:45:00+00:00,0.807139999999999,0.807459999999999,0.807129999999999,0.807359999999999,1574
2026-08-19T09:00:00+00:00,0.807359999999999,0.807409999999999,0.8069999999999989,0.807319999999999,1299
2026-08-19T09:15:00+00:00,0.807319999999999,0.807349999999999,0.806809999999999,0.806869999999999,1407
2026-08-19T09:30:00+00:00,0.806869999999999,0.8069999999999989,0.806699999999999,0.806799999999999,996
2026-08-19T09:45:00+00:00,0.806799999999999,0.8068299999999989,0.806539999999999,0.806669999999999,1084
2026-08-19T10:00:00+00:00,0.806669999999999,0.806869999999999,0.806339999999999,0.806399999999999,1386
2026-08-19T10:15:00+00:00,0.806399999999999,0.806739999999999,0.806349999999999,0.806589999999999,1337
2026-08-19T10:30:00+00:00,0.806589999999999,0.806709999999999,0.806479999999999,0.806519999999999,750
2026-08-19T10:45:00+00:00,0.806519999999999,0.806929999999999,0.806409999999999,0.806879999999999,842
2026-08-19T11:00:00+00:00,0.806879999999999,0.807109999999999,0.806599999999999,0.806849999999999,1191
2026-08-19T11:15:00+00:00,0.806849999999999,0.806989999999999,0.806639999999999,0.806649999999999,1080
2026-08-19T11:30:00+00:00,0.806649999999999,0.807209999999999,0.806579999999999,0.807019999999999,1221
2026-08-19T11:45:00+00:00,0.807019999999999,0.807059999999999,0.806599999999999,0.806719999999999,1316
2026-08-19T12:00:00+00:00,0.806719999999999,0.806769999999999,0.806429999999999,0.806629999999999,1673
2026-08-19T12:15:00+00:00,0.806629999999999,0.806669999999999,0.805969999999999,0.806299999999999,1693
2026-08-19T12:30:00+00:00,0.806299999999999,0.806299999999999,0.803509999999999,0.803729999999999,10340
2026-08-19T12:45:00+00:00,0.803729999999999,0.804079999999999,0.802919999999999,0.803409999999999,7165
2026-08-19T13:00:00+00:00,0.803409999999999,0.803419999999999,0.801469999999999,0.801629999999999,6650
2026-08-19T13:15:00+00:00,0.801629999999999,0.802179999999999,0.8009999999999989,0.8009999999999989,5453
2026-08-19T13:30:00+00:00,0.8009999999999989,0.801449999999999,0.800049999999999,0.800049999999999,6521
2026-08-19T13:45:00+00:00,0.800049999999999,0.800259999999999,0.798649999999999,0.799019999999999,6355
2026-08-19T14:00:00+00:00,0.799019999999999,0.799289999999999,0.797479999999999,0.797529999999999,6481
2026-08-19T14:15:00+00:00,0.797529999999999,0.798309999999999,0.797009999999999,0.797009999999999,6445
2026-08-19T14:30:00+00:00,0.797009999999999,0.797229999999999,0.7949499999999989,0.795769999999999,6794
2026-08-19T14:45:00+00:00,0.795769999999999,0.798259999999999,0.795769999999999,0.797939999999999,8195
2026-08-19T15:00:00+00:00,0.797939999999999,0.798299999999999,0.796999999999999,0.797019999999999,5956
2026-08-19T15:15:00+00:00,0.797019999999999,0.797889999999999,0.796819999999999,0.797439999999999,5247
2026-08-19T15:30:00+00:00,0.797439999999999,0.797529999999999,0.795539999999999,0.795769999999999,4222
2026-08-19T15:45:00+00:00,0.795769999999999,0.796679999999999,0.795569999999999,0.796319999999999,3450
2026-08-19T16:00:00+00:00,0.796319999999999,0.796759999999999,0.795399999999999,0.7955599999999989,3778
2026-08-19T16:15:00+00:00,0.7955599999999989,0.796019999999999,0.795349999999999,0.795889999999999,2991
2026-08-19T16:30:00+00:00,0.795889999999999,0.796069999999999,0.795419999999999,0.795879999999999,2522
2026-08-19T16:45:00+00:00,0.795879999999999,0.795909999999999,0.795179999999999,0.795799999999999,2523
2026-08-19T17:00:00+00:00,0.795799999999999,0.796319999999999,0.795309999999999,0.796059999999999,3789
2026-08-19T17:15:00+00:00,0.796059999999999,0.796359999999999,0.795969999999999,0.796089999999999,2347
2026-08-19T17:30:00+00:00,0.796089999999999,0.796689999999999,0.796019999999999,0.796639999999999,2003
2026-08-19T17:45:00+00:00,0.796639999999999,0.796979999999999,0.796549999999999,0.796919999999999,1560
2026-08-19T18:00:00+00:00,0.796919999999999,0.796919999999999,0.794779999999999,0.794999999999999,5400
2026-08-19T18:15:00+00:00,0.794999999999999,0.795879999999999,0.794989999999999,0.7957799999999989,2957
2026-08-19T18:30:00+00:00,0.7957799999999989,0.795829999999999,0.794419999999999,0.794639999999999,3161
2026-08-19T18:45:00+00:00,0.794639999999999,0.794739999999999,0.794239999999999,0.794369999999999,2446
2026-08-19T19:00:00+00:00,0.794369999999999,0.794699999999999,0.793919999999999,0.794199999999999,2458
2026-08-19T19:15:00+00:00,0.794199999999999,0.794219999999999,0.793849999999999,0.793909999999999,1729
2026-08-19T19:30:00+00:00,0.793909999999999,0.794309999999999,0.793439999999999,0.794129999999999,3147
2026-08-19T19:45:00+00:00,0.794129999999999,0.794359999999999,0.793629999999999,0.793769999999999,2159
2026-08-19T20:00:00+00:00,0.793769999999999,0.7941199999999989,0.793689999999999,0.794079999999999,873
2026-08-19T20:15:00+00:00,0.794079999999999,0.794179999999999,0.793819999999999,0.793999999999999,598
2026-08-19T20:30:00+00:00,0.793999999999999,0.793999999999999,0.7934599999999989,0.793569999999999,726
2026-08-19T20:45:00+00:00,0.793569999999999,0.793859999999999,0.7934599999999989,0.793739999999999,511
2026-08-19T21:00:00+00:00,0.793739999999999,0.793739999999999,0.7928999999999989,0.793439999999999,211.42133371546288
2026-08-19T21:15:00+00:00,0.793439999999999,0.793469999999999,0.793299999999999,0.793349999999999,218
2026-08-19T21:30:00+00:00,0.793349999999999,0.7934599999999989,0.793249999999999,0.7934599999999989,142
2026-08-19T21:45:00+00:00,0.7934599999999989,0.793769999999999,0.7933399999999989,0.793749999999999,293
2026-08-19T22:00:00+00:00,0.793749999999999,0.793859999999999,0.793379999999999,0.793609999999999,574
2026-08-19T22:15:00+00:00,0.793609999999999,0.793799999999999,0.793589999999999,0.793709999999999,563
2026-08-19T22:30:00+00:00,0.793709999999999,0.793879999999999,0.793659999999999,0.793759999999999,573
2026-08-19T22:45:00+00:00,0.793759999999999,0.793939999999999,0.793689999999999,0.793929999999999,763
2026-08-19T23:00:00+00:00,0.793929999999999,0.794029999999999,0.793649999999999,0.793849999999999,867
2026-08-19T23:15:00+00:00,0.793849999999999,0.794099999999999,0.793849999999999,0.793999999999999,425
2026-08-19T23:30:00+00:00,0.793999999999999,0.794189999999999,0.7939499999999989,0.794179999999999,555
2026-08-19T23:45:00+00:00,0.794179999999999,0.794329999999999,0.794149999999999,0.794239999999999,599
2026-08-20T00:00:00+00:00,0.794239999999999,0.7943399999999989,0.793609999999999,0.794179999999999,2020
2026-08-20T00:15:00+00:00,0.794179999999999,0.794759999999999,0.793969999999999,0.794659999999999,1787
2026-08-20T00:30:00+00:00,0.794659999999999,0.794919999999999,0.7943399999999989,0.794869999999999,1473
2026-08-20T00:45:00+00:00,0.794869999999999,0.795599999999999,0.794869999999999,0.795429999999999,2202
2026-08-20T01:00:00+00:00,0.795429999999999,0.796669999999999,0.795409999999999,0.795959999999999,3062
2026-08-20T01:15:00+00:00,0.795959999999999,0.796089999999999,0.794999999999999,0.795139999999999,2973
2026-08-20T01:30:00+00:00,0.795139999999999,0.795749999999999,0.794969999999999,0.7957299999999989,3244
2026-08-20T01:45:00+00:00,0.7957299999999989,0.796179999999999,0.795599999999999,0.795809999999999,2862
2026-08-20T02:00:00+00:00,0.795809999999999,0.795939999999999,0.795179999999999,0.795799999999999,3027
2026-08-20T02:15:00+00:00,0.795799999999999,0.796389999999999,0.7957799999999989,0.796079999999999,1773
2026-08-20T02:30:00+00:00,0.796079999999999,0.796329999999999,0.795869999999999,0.796219999999999,1741
2026-08-20T02:45:00+00:00,0.796219999999999,0.796429999999999,0.796099999999999,0.796369999999999,1418
2026-08-20T03:00:00+00:00,0.796369999999999,0.796429999999999,0.795799999999999,0.795909999999999,1472
2026-08-20T03:15:00+00:00,0.795909999999999,0.796319999999999,0.795859999999999,0.796299999999999,1608
2026-08-20T03:30:00+00:00,0.796299999999999,0.796579999999999,0.796149999999999,0.796259999999999,1618
2026-08-20T03:45:00+00:00,0.796259999999999,0.796349999999999,0.795909999999999,0.796019999999999,1226
2026-08-20T04:00:00+00:00,0.796019999999999,0.796159999999999,0.795789999999999,0.795919999999999,1456
2026-08-20T04:15:00+00:00,0.795919999999999,0.796259999999999,0.795879999999999,0.796249999999999,1363
2026-08-20T04:30:00+00:00,0.796249999999999,0.796579999999999,0.796199999999999,0.796579999999999,1284
2026-08-20T04:45:00+00:00,0.796579999999999,0.796619999999999,0.796089999999999,0.796479999999999,1416
2026-08-20T05:00:00+00:00,0.796479999999999,0.796599999999999,0.796199999999999,0.796379999999999,1590
2026-08-20T05:15:00+00:00,0.796379999999999,0.796829999999999,0.796359999999999,0.7967799999999989,1594
2026-08-20T05:30:00+00:00,0.7967799999999989,0.7968999999999989,0.7965599999999989,0.796789999999999,1833
2026-08-20T05:45:00+00:00,0.796789999999999,0.796879999999999,0.7962899999999989,0.796399999999999,1886
2026-08-20T06:00:00+00:00,0.796399999999999,0.796479999999999,0.795439999999999,0.795499999999999,2871
2026-08-20T06:15:00+00:00,0.795499999999999,0.795999999999999,0.795499999999999,0.795939999999999,2586
2026-08-20T06:30:00+00:00,0.795939999999999,0.796209999999999,0.795599999999999,0.795599999999999,1858
2026-08-20T06:45:00+00:00,0.795599999999999,0.795599999999999,0.794939999999999,0.794959999999999,2299
2026-08-20T07:00:00+00:00,0.794959999999999,0.796029999999999,0.794859999999999,0.795659999999999,2797
2026-08-20T07:15:00+00:00,0.795659999999999,0.796389999999999,0.795659999999999,0.796259999999999,2064
2026-08-20T07:30:00+00:00,0.796259999999999,0.796409999999999,0.795439999999999,0.795739999999999,2901
2026-08-20T07:45:00+00:00,0.795739999999999,0.796029999999999,0.794719999999999,0.794929999999999,3914
2026-08-20T08:00:00+00:00,0.794929999999999,0.795309999999999,0.794819999999999,0.794939999999999,2107
2026-08-20T08:15:00+00:00,0.794939999999999,0.795019999999999,0.794389999999999,0.794819999999999,2289
2026-08-20T08:30:00+00:00,0.794819999999999,0.795179999999999,0.794099999999999,0.794359999999999,2546
2026-08-20T08:45:00+00:00,0.794359999999999,0.794749999999999,0.794139999999999,0.794249999999999,2541
2026-08-20T09:00:00+00:00,0.794249999999999,0.794379999999999,0.792409999999999,0.792589999999999,3380
2026-08-20T09:15:00+00:00,0.792589999999999,0.7926799999999989,0.791529999999999,0.7922899999999989,3559
2026-08-20T09:30:00+00:00,0.7922899999999989,0.792769999999999,0.792039999999999,0.792279999999999,2811
2026-08-20T09:45:00+00:00,0.792279999999999,0.792709999999999,0.792159999999999,0.792239999999999,2761
2026-08-20T10:00:00+00:00,0.792239999999999,0.792619999999999,0.791529999999999,0.791769999999999,2221
2026-08-20T10:15:00+00:00,0.791769999999999,0.792569999999999,0.791439999999999,0.791959999999999,2353
2026-08-20T10:30:00+00:00,0.791959999999999,0.792379999999999,0.791529999999999,0.792309999999999,2452
2026-08-20T10:45:00+00:00,0.792309999999999,0.793379999999999,0.792269999999999,0.7931199999999989,2593
2026-08-20T11:00:00+00:00,0.7931199999999989,0.793839999999999,0.792999999999999,0.793769999999999,2239
2026-08-20T11:15:00+00:00,0.793769999999999,0.793919999999999,0.792979999999999,0.793649999999999,2271
2026-08-20T11:30:00+00:00,0.793649999999999,0.794519999999999,0.7935099999999989,0.794479999999999,1737
2026-08-20T11:45:00+00:00,0.794479999999999,0.795229999999999,0.794429999999999,0.794819999999999,2391
2026-08-20T12:00:00+00:00,0.794819999999999,0.795549999999999,0.794459999999999,0.794589999999999,5010
2026-08-20T12:15:00+00:00,0.794589999999999,0.794609999999999,0.793999999999999,0.794189999999999,3876
2026-08-20T12:30:00+00:00,0.794189999999999,0.794929999999999,0.793959999999999,0.794019999999999,3648
2026-08-20T12:45:00+00:00,0.794019999999999,0.794419999999999,0.793849999999999,0.794109999999999,3087
2026-08-20T13:00:00+00:00,0.794109999999999,0.7946799999999989,0.7936799999999989,0.794589999999999,3677
2026-08-20T13:15:00+00:00,0.794589999999999,0.795099999999999,0.794179999999999,0.794579999999999,3410
2026-08-20T13:30:00+00:00,0.794579999999999,0.795039999999999,0.794309999999999,0.794809999999999,4738
2026-08-20T13:45:00+00:00,0.794809999999999,0.795829999999999,0.794669999999999,0.795589999999999,4026
2026-08-20T14:00:00+00:00,0.795589999999999,0.796269999999999,0.795219999999999,0.796099999999999,4018
2026-08-20T14:15:00+00:00,0.796099999999999,0.796359999999999,0.795149999999999,0.795199999999999,4399
2026-08-20T14:30:00+00:00,0.795199999999999,0.795269999999999,0.794839999999999,0.795129999999999,2877
2026-08-20T14:45:00+00:00,0.795129999999999,0.795309999999999,0.7947299999999989,0.795089999999999,3374
2026-08-20T15:00:00+00:00,0.795089999999999,0.795969999999999,0.793849999999999,0.795239999999999,9257
2026-08-20T15:15:00+00:00,0.795239999999999,0.796359999999999,0.795209999999999,0.7952899999999989,4728
2026-08-20T15:30:00+00:00,0.7952899999999989,0.7971199999999989,0.795249999999999,0.797009999999999,4139
2026-08-20T15:45:00+00:00,0.797009999999999,0.797129999999999,0.796219999999999,0.796269999999999,3476
2026-08-20T16:00:00+00:00,0.796269999999999,0.796739999999999,0.795929999999999,0.796719999999999,2887
2026-08-20T16:15:00+00:00,0.796719999999999,0.796879999999999,0.796389999999999,0.796739999999999,2367
2026-08-20T16:30:00+00:00,0.796739999999999,0.797379999999999,0.796629999999999,0.797319999999999,2525
2026-08-20T16:45:00+00:00,0.797319999999999,0.7973899999999989,0.796839999999999,0.796879999999999,1869
2026-08-20T17:00:00+00:00,0.796879999999999,0.7972899999999989,0.796759999999999,0.797149999999999,1719
2026-08-20T17:15:00+00:00,0.797149999999999,0.797349999999999,0.796969999999999,0.797059999999999,1222
2026-08-20T17:30:00+00:00,0.797059999999999,0.797439999999999,0.797059999999999,0.797229999999999,1450
2026-08-20T17:45:00+00:00,0.797229999999999,0.797329999999999,0.7969499999999989,0.796969999999999,1295
2026-08-20T18:00:00+00:00,0.796969999999999,0.797329999999999,0.796839999999999,0.797239999999999,1774
2026-08-20T18:15:00+00:00,0.797239999999999,0.797429999999999,0.797139999999999,0.797299999999999,1316
2026-08-20T18:30:00+00:00,0.797299999999999,0.797329999999999,0.797019999999999,0.797319999999999,1149
2026-08-20T18:45:00+00:00,0.797319999999999,0.797379999999999,0.797109999999999,0.797159999999999,1136
2026-08-20T19:00:00+00:00,0.797159999999999,0.797459999999999,0.7971199999999989,0.797159999999999,1114
2026-08-20T19:15:00+00:00,0.797159999999999,0.797209999999999,0.796969999999999,0.797149999999999,1037
2026-08-20T19:30:00+00:00,0.797149999999999,0.797259999999999,0.797009999999999,0.797249999999999,1164
2026-08-20T19:45:00+00:00,0.797249999999999,0.797299999999999,0.796879999999999,0.797029999999999,1386
2026-08-20T20:00:00+00:00,0.797029999999999,0.797159999999999,0.796979999999999,0.797069999999999,798
2026-08-20T20:15:00+00:00,0.797069999999999,0.797239999999999,0.797069999999999,0.797129999999999,594
2026-08-20T20:30:00+00:00,0.797129999999999,0.797129999999999,0.796909999999999,0.796939999999999,490
2026-08-20T20:45:00+00:00,0.796939999999999,0.796999999999999,0.796759999999999,0.796759999999999,722
2026-08-20T21:00:00+00:00,0.796759999999999,0.797089999999999,0.7957599999999989,0.7968399999999989,90.02424807105712
2026-08-20T21:15:00+00:00,0.7968399999999989,0.7969099999999989,0.7963499999999989,0.7966399999999989,211
2026-08-20T21:30:00+00:00,0.7966399999999989,0.7967599999999989,0.7964399999999989,0.7966399999999989,191
2026-08-20T21:45:00+00:00,0.7966399999999989,0.7967099999999989,0.796309999999999,0.7964499999999989,589
2026-08-20T22:00:00+00:00,0.7964499999999989,0.797019999999999,0.7964499999999989,0.7967299999999989,324
2026-08-20T22:15:00+00:00,0.7967299999999989,0.796849999999999,0.796529999999999,0.7965899999999989,447
2026-08-20T22:30:00+00:00,0.7965899999999989,0.796679999999999,0.796479999999999,0.7965399999999989,343
2026-08-20T22:45:00+00:00,0.7965399999999989,0.7965399999999989,0.7963899999999989,0.7964499999999989,390
2026-08-20T23:00:00+00:00,0.7964499999999989,0.7964499999999989,0.796089999999999,0.7961999999999989,763
2026-08-20T23:15:00+00:00,0.7961999999999989,0.7962699999999989,0.7961199999999989,0.7962699999999989,263
2026-08-20T23:30:00+00:00,0.7962699999999989,0.796429999999999,0.7961499999999989,0.7961999999999989,489
2026-08-20T23:45:00+00:00,0.7961999999999989,0.7962899999999989,0.7960299999999989,0.7960999999999989,482
2026-08-21T00:00:00+00:00,0.7960999999999989,0.7966899999999989,0.7960099999999989,0.7962499999999989,1730
2026-08-21T00:15:00+00:00,0.7962499999999989,0.7964399999999989,0.796039999999999,0.7962999999999989,1682
2026-08-21T00:30:00+00:00,0.7962999999999989,0.7965899999999989,0.796209999999999,0.796479999999999,1535
2026-08-21T00:45:00+00:00,0.796479999999999,0.7967899999999989,0.7964399999999989,0.7967099999999989,1927
2026-08-21T01:00:00+00:00,0.7967099999999989,0.7967099999999989,0.7960999999999989,0.7962199999999989,2401
2026-08-21T01:15:00+00:00,0.7962199999999989,0.7962699999999989,0.7958299999999989,0.7958399999999989,2470
2026-08-21T01:30:00+00:00,0.7958399999999989,0.795989999999999,0.7954999999999989,0.7959099999999989,2237
2026-08-21T01:45:00+00:00,0.7959099999999989,0.7961799999999989,0.7957699999999989,0.7958899999999989,1842
2026-08-21T02:00:00+00:00,0.7958899999999989,0.7962999999999989,0.7958099999999989,0.796019999999999,1413
2026-08-21T02:15:00+00:00,0.796019999999999,0.7961099999999989,0.7955099999999989,0.7957199999999989,1573
2026-08-21T02:30:00+00:00,0.7957199999999989,0.7957299999999989,0.7954999999999989,0.7954999999999989,1007
2026-08-21T02:45:00+00:00,0.7954999999999989,0.7954999999999989,0.7950799999999989,0.795479999999999,1574
2026-08-21T03:00:00+00:00,0.795479999999999,0.7956099999999989,0.7953199999999989,0.795409999999999,1740
2026-08-21T03:15:00+00:00,0.795409999999999,0.7958599999999989,0.795409999999999,0.795849999999999,1280
2026-08-21T03:30:00+00:00,0.795849999999999,0.7962899999999989,0.7958399999999989,0.7961499999999989,1147
2026-08-21T03:45:00+00:00,0.7961499999999989,0.7963399999999989,0.7960599999999989,0.7961199999999989,884
2026-08-21T04:00:00+00:00,0.7961199999999989,0.796209999999999,0.7959799999999989,0.7961499999999989,944
2026-08-21T04:15:00+00:00,0.7961499999999989,0.796379999999999,0.7961099999999989,0.7962999999999989,938
2026-08-21T04:30:00+00:00,0.7962999999999989,0.796429999999999,0.796259999999999,0.796309999999999,689
2026-08-21T04:45:00+00:00,0.796309999999999,0.7964399999999989,0.796259999999999,0.796309999999999,1020
2026-08-21T05:00:00+00:00,0.796309999999999,0.7964699999999989,0.796309999999999,0.7963899999999989,824
2026-08-21T05:15:00+00:00,0.7963899999999989,0.7965099999999989,0.796239999999999,0.7964399999999989,1231
2026-08-21T05:30:00+00:00,0.7964399999999989,0.796479999999999,0.7958599999999989,0.795869999999999,1537
2026-08-21T05:45:00+00:00,0.795869999999999,0.7960299999999989,0.795429999999999,0.7955199999999989,1979
2026-08-21T06:00:00+00:00,0.7955199999999989,0.7961599999999989,0.7955199999999989,0.7961599999999989,1731
2026-08-21T06:15:00+00:00,0.7961599999999989,0.7964499999999989,0.7958999999999989,0.7963499999999989,1383
2026-08-21T06:30:00+00:00,0.7963499999999989,0.7964999999999989,0.796089999999999,0.7964199999999989,1277
2026-08-21T06:45:00+00:00,0.7964199999999989,0.796599999999999,0.7961199999999989,0.7962199999999989,1941
2026-08-21T07:00:00+00:00,0.7962199999999989,0.7968099999999989,0.7958399999999989,0.796459999999999,2516
2026-08-21T07:15:00+00:00,0.796459999999999,0.796649999999999,0.796189999999999,0.7964699999999989,2021
2026-08-21T07:30:00+00:00,0.7964699999999989,0.7967399999999989,0.796139999999999,0.7966699999999989,2221
2026-08-21T07:45:00+00:00,0.7966699999999989,0.7970799999999989,0.796579999999999,0.7967699999999989,2457
2026-08-21T08:00:00+00:00,0.7967699999999989,0.797239999999999,0.7965499999999989,0.7966099999999989,2195
2026-08-21T08:15:00+00:00,0.7966099999999989,0.7969799999999989,0.7962199999999989,0.7965899999999989,3111
2026-08-21T08:30:00+00:00,0.7965899999999989,0.7966399999999989,0.795799999999999,0.795869999999999,2787
2026-08-21T08:45:00+00:00,0.795869999999999,0.7962499999999989,0.7957099999999989,0.7958899999999989,2601
2026-08-21T09:00:00+00:00,0.7958899999999989,0.7962499999999989,0.7951499999999989,0.795309999999999,3176
2026-08-21T09:15:00+00:00,0.795309999999999,0.7956199999999989,0.7949099999999989,0.7953999999999989,2426
2026-08-21T09:30:00+00:00,0.7953999999999989,0.7955899999999989,0.7951599999999989,0.7953999999999989,1779
2026-08-21T09:45:00+00:00,0.7953999999999989,0.795799999999999,0.7953399999999989,0.7957899999999989,1555
2026-08-21T10:00:00+00:00,0.7957899999999989,0.7958899999999989,0.7953499999999989,0.7955199999999989,2063
2026-08-21T10:15:00+00:00,0.7955199999999989,0.795649999999999,0.7950699999999989,0.7950999999999989,1969
2026-08-21T10:30:00+00:00,0.7950999999999989,0.7952499999999989,0.7948899999999989,0.795039999999999,1451
2026-08-21T10:45:00+00:00,0.795039999999999,0.7957199999999989,0.794969999999999,0.7954999999999989,1879
2026-08-21T11:00:00+00:00,0.7954999999999989,0.795849999999999,0.795359999999999,0.795629999999999,1802
2026-08-21T11:15:00+00:00,0.795629999999999,0.7956799999999989,0.7947599999999989,0.7949499999999989,3392
2026-08-21T11:30:00+00:00,0.7949499999999989,0.796069999999999,0.7948999999999989,0.7959599999999989,3665
2026-08-21T11:45:00+00:00,0.7959599999999989,0.7962799999999989,0.7957699999999989,0.795799999999999,1983
2026-08-21T12:00:00+00:00,0.795799999999999,0.7960299999999989,0.7954499999999989,0.7958999999999989,3005
2026-08-21T12:15:00+00:00,0.7958999999999989,0.7960999999999989,0.7956799999999989,0.796069999999999,2407
2026-08-21T12:30:00+00:00,0.796069999999999,0.7970299999999989,0.796069999999999,0.796579999999999,2736
2026-08-21T12:45:00+00:00,0.796579999999999,0.7968599999999989,0.7963399999999989,0.7963699999999989,2238
2026-08-21T13:00:00+00:00,0.7963699999999989,0.797019999999999,0.7961799999999989,0.7966899999999989,3200
2026-08-21T13:15:00+00:00,0.7966899999999989,0.797139999999999,0.7965899999999989,0.7968799999999989,2586
2026-08-21T13:30:00+00:00,0.7968799999999989,0.7970999999999989,0.796459999999999,0.796649999999999,2740
2026-08-21T13:45:00+00:00,0.796649999999999,0.796989999999999,0.7962499999999989,0.7964999999999989,2169
2026-08-21T14:00:00+00:00,0.7964999999999989,0.7973199999999989,0.7964999999999989,0.7971999999999989,2512
2026-08-21T14:15:00+00:00,0.7971999999999989,0.797359999999999,0.796749999999999,0.797359999999999,2452
2026-08-21T14:30:00+00:00,0.797359999999999,0.7981699999999989,0.797209999999999,0.7977899999999989,3931
2026-08-21T14:45:00+00:00,0.7977899999999989,0.7978799999999989,0.7971999999999989,0.797479999999999,4020
2026-08-21T15:00:00+00:00,0.797479999999999,0.798209999999999,0.7973799999999989,0.7981499999999989,4377
2026-08-21T15:15:00+00:00,0.7981499999999989,0.7985399999999989,0.7978999999999989,0.7980099999999989,2458
2026-08-21T15:30:00+00:00,0.7980099999999989,0.7980099999999989,0.797259999999999,0.7972799999999989,2416
2026-08-21T15:45:00+00:00,0.7972799999999989,0.7976699999999989,0.7971999999999989,0.7972699999999989,1662
2026-08-21T16:00:00+00:00,0.7972699999999989,0.7977699999999989,0.7972299999999989,0.797579999999999,1991
2026-08-21T16:15:00+00:00,0.797579999999999,0.7977599999999989,0.7970799999999989,0.7975499999999989,2577
2026-08-21T16:30:00+00:00,0.7975499999999989,0.797649999999999,0.797239999999999,0.7974499999999989,1605
2026-08-21T16:45:00+00:00,0.7974499999999989,0.7975899999999989,0.797309999999999,0.7975499999999989,1323
2026-08-21T17:00:00+00:00,0.7975499999999989,0.7978599999999989,0.797459999999999,0.7977799999999989,1605
2026-08-21T17:15:00+00:00,0.7977799999999989,0.7979099999999989,0.7975599999999989,0.7976399999999989,1458
2026-08-21T17:30:00+00:00,0.7976399999999989,0.7977199999999989,0.797359999999999,0.7976199999999989,1560
2026-08-21T17:45:00+00:00,0.7976199999999989,0.7977799999999989,0.797529999999999,0.7976099999999989,901
2026-08-21T18:00:00+00:00,0.7976099999999989,0.7976099999999989,0.797239999999999,0.7975599999999989,945
2026-08-21T18:15:00+00:00,0.7975599999999989,0.7975699999999989,0.797239999999999,0.797309999999999,1161
2026-08-21T18:30:00+00:00,0.797309999999999,0.7974399999999989,0.797259999999999,0.7973999999999989,842
2026-08-21T18:45:00+00:00,0.7973999999999989,0.7975399999999989,0.797259999999999,0.797259999999999,1022
2026-08-21T19:00:00+00:00,0.797259999999999,0.7975699999999989,0.7971599999999989,0.7974899999999989,1339
2026-08-21T19:15:00+00:00,0.7974899999999989,0.7977099999999989,0.7974499999999989,0.797699999999999,1300
2026-08-21T19:30:00+00:00,0.797699999999999,0.7977399999999989,0.7975099999999989,0.7975599999999989,714
2026-08-21T19:45:00+00:00,0.7975599999999989,0.7975699999999989,0.7973299999999989,0.7974199999999989,986
2026-08-21T20:00:00+00:00,0.7974199999999989,0.7975199999999989,0.7973299999999989,0.7973699999999989,483
2026-08-21T20:15:00+00:00,0.7973699999999989,0.7977199999999989,0.7973199999999989,0.7976899999999989,360
2026-08-21T20:30:00+00:00,0.7976899999999989,0.7979599999999989,0.7976899999999989,0.7978299999999989,390
2026-08-21T20:45:00+00:00,0.7978299999999989,0.7979099999999989,0.797529999999999,0.797529999999999,388
2026-08-23T21:00:00+00:00,0.8007299999999999,0.80153,0.8007299999999999,0.80152,130
2026-08-23T21:15:00+00:00,0.80152,0.80153,0.80093,0.80101,35
2026-08-23T21:30:00+00:00,0.80101,0.8011,0.80021,0.80055,136
2026-08-23T21:45:00+00:00,0.80055,0.80057,0.80043,0.80048,44
2026-08-23T22:00:00+00:00,0.80048,0.80162,0.80048,0.80102,924
2026-08-23T22:15:00+00:00,0.80102,0.80103,0.80075,0.8008,687
2026-08-23T22:30:00+00:00,0.8008,0.80104,0.80065,0.80101,590
2026-08-23T22:45:00+00:00,0.80101,0.80126,0.80101,0.80124,446
2026-08-23T23:00:00+00:00,0.80124,0.8013399999999999,0.8011699999999999,0.80125,457
2026-08-23T23:15:00+00:00,0.80125,0.80136,0.80122,0.80126,474
2026-08-23T23:30:00+00:00,0.80126,0.80132,0.80119,0.80121,646
2026-08-23T23:45:00+00:00,0.80121,0.80122,0.8005599999999999,0.80057,758
2026-08-24T00:00:00+00:00,0.80057,0.80059,0.79998,0.80012,1765
2026-08-24T00:15:00+00:00,0.80012,0.80018,0.7998,0.80014,1933
2026-08-24T00:30:00+00:00,0.80014,0.8003,0.80005,0.80005,1456
2026-08-24T00:45:00+00:00,0.80005,0.80026,0.79972,0.79978,1558
2026-08-24T01:00:00+00:00,0.79978,0.80031,0.79962,0.80029,2205
2026-08-24T01:15:00+00:00,0.80029,0.80067,0.80024,0.8006,2051
2026-08-24T01:30:00+00:00,0.8006,0.80067,0.80045,0.8005,1355
2026-08-24T01:45:00+00:00,0.8005,0.80052,0.80007,0.80015,1224
2026-08-24T02:00:00+00:00,0.80015,0.80029,0.79988,0.79993,1397
2026-08-24T02:15:00+00:00,0.79993,0.80005,0.79982,0.80004,1112
2026-08-24T02:30:00+00:00,0.80004,0.80033,0.80003,0.80021,1119
2026-08-24T02:45:00+00:00,0.80021,0.80032,0.80001,0.80012,899
2026-08-24T03:00:00+00:00,0.80012,0.80045,0.80008,0.80029,1003
2026-08-24T03:15:00+00:00,0.80029,0.8004,0.80016,0.80023,795
2026-08-24T03:30:00+00:00,0.80023,0.80045,0.80015,0.80044,838
2026-08-24T03:45:00+00:00,0.80044,0.80049,0.80023,0.80032,1059
2026-08-24T04:00:00+00:00,0.80032,0.80067,0.80027,0.80047,1440
2026-08-24T04:15:00+00:00,0.80047,0.80061,0.80004,0.8001,1332
2026-08-24T04:30:00+00:00,0.8001,0.80034,0.80009,0.80032,1187
2026-08-24T04:45:00+00:00,0.80032,0.80043,0.80011,0.80012,1143
2026-08-24T05:00:00+00:00,0.80012,0.80042,0.80009,0.80037,1079
2026-08-24T05:15:00+00:00,0.80037,0.80058,0.8002,0.80054,997
2026-08-24T05:30:00+00:00,0.80054,0.80095,0.8005,0.80092,1304
2026-08-24T05:45:00+00:00,0.80092,0.80093,0.80038,0.8004,1242
2026-08-24T06:00:00+00:00,0.8004,0.80057,0.80028,0.80047,1553
2026-08-24T06:15:00+00:00,0.80047,0.80089,0.80038,0.80084,1755
2026-08-24T06:30:00+00:00,0.80084,0.8012,0.80067,0.8012,1701
2026-08-24T06:45:00+00:00,0.8012,0.80144,0.80097,0.80107,1700
2026-08-24T07:00:00+00:00,0.80107,0.80148,0.80068,0.80136,2718
2026-08-24T07:15:00+00:00,0.80136,0.80162,0.80123,0.80123,1997
2026-08-24T07:30:00+00:00,0.80123,0.8022,0.80102,0.80212,2460
2026-08-24T07:45:00+00:00,0.80212,0.80222,0.80155,0.80193,2387
2026-08-24T08:00:00+00:00,0.80193,0.80243,0.80167,0.8024,2572
2026-08-24T08:15:00+00:00,0.8024,0.80283,0.80226,0.80283,1645
2026-08-24T08:30:00+00:00,0.80283,0.80284,0.80225,0.80241,1714
2026-08-24T08:45:00+00:00,0.80241,0.8025,0.80209,0.8022,1796
2026-08-24T09:00:00+00:00,0.8022,0.80235,0.802,0.8023,1905
2026-08-24T09:15:00+00:00,0.8023,0.80265,0.80224,0.80247,1913
2026-08-24T09:30:00+00:00,0.80247,0.80274,0.80234,0.80264,1487
2026-08-24T09:45:00+00:00,0.80264,0.80264,0.80215,0.80235,1247
2026-08-24T10:00:00+00:00,0.80235,0.80238,0.8021,0.80226,1235
2026-08-24T10:15:00+00:00,0.80226,0.80241,0.80218,0.80233,1329
2026-08-24T10:30:00+00:00,0.80233,0.80261,0.80213,0.80258,1969
2026-08-24T10:45:00+00:00,0.80258,0.80273,0.80228,0.8027,1460
2026-08-24T11:00:00+00:00,0.8027,0.80275,0.8025,0.80263,1550
2026-08-24T11:15:00+00:00,0.80263,0.80277,0.80228,0.80238,1371
2026-08-24T11:30:00+00:00,0.80238,0.80254,0.8011,0.80196,5698
2026-08-24T11:45:00+00:00,0.80196,0.80241,0.80188,0.80211,2618
2026-08-24T12:00:00+00:00,0.80211,0.80275,0.80206,0.80241,2439
2026-08-24T12:15:00+00:00,0.80241,0.80246,0.80151,0.80151,2615
2026-08-24T12:30:00+00:00,0.80151,0.80256,0.80151,0.80242,3562
2026-08-24T12:45:00+00:00,0.80242,0.80269,0.80229,0.80258,2274
2026-08-24T13:00:00+00:00,0.80258,0.80264,0.80201,0.80203,2075
2026-08-24T13:15:00+00:00,0.80203,0.80235,0.80194,0.80227,2348
2026-08-24T13:30:00+00:00,0.80227,0.80227,0.80168,0.80225,3487
2026-08-24T13:45:00+00:00,0.80225,0.80233,0.80174,0.8021,3194
2026-08-24T14:00:00+00:00,0.8021,0.80258,0.80201,0.80228,3439
2026-08-24T14:15:00+00:00,0.80228,0.80263,0.80172,0.8018,2705
2026-08-24T14:30:00+00:00,0.8018,0.80249,0.80174,0.80225,2547
2026-08-24T14:45:00+00:00,0.80225,0.80276,0.80218,0.8026,2939
2026-08-24T15:00:00+00:00,0.8026,0.80264,0.80209,0.8021,2250
2026-08-24T15:15:00+00:00,0.8021,0.80245,0.80163,0.80172,2759
2026-08-24T15:30:00+00:00,0.80172,0.80226,0.80168,0.80225,2284
2026-08-24T15:45:00+00:00,0.80225,0.8025,0.80205,0.80243,1974
2026-08-24T16:00:00+00:00,0.80243,0.80259,0.80181,0.80213,3737
2026-08-24T16:15:00+00:00,0.80213,0.80222,0.80193,0.80216,1356
2026-08-24T16:30:00+00:00,0.80216,0.80228,0.80191,0.80221,1258
2026-08-24T16:45:00+00:00,0.80221,0.8025,0.80216,0.80232,1264
2026-08-24T17:00:00+00:00,0.80232,0.80257,0.80205,0.80227,3113
2026-08-24T17:15:00+00:00,0.80227,0.80284,0.80219,0.80273,2771
2026-08-24T17:30:00+00:00,0.80273,0.80282,0.80256,0.80278,1228
2026-08-24T17:45:00+00:00,0.80278,0.80299,0.80263,0.80265,1192
2026-08-24T18:00:00+00:00,0.80265,0.80287,0.80259,0.80263,1283
2026-08-24T18:15:00+00:00,0.80263,0.80267,0.80226,0.80229,1477
2026-08-24T18:30:00+00:00,0.80229,0.80269,0.80223,0.8025,1402
2026-08-24T18:45:00+00:00,0.8025,0.80269,0.80244,0.80251,1324
2026-08-24T19:00:00+00:00,0.80251,0.80273,0.80245,0.80268,1090
2026-08-24T19:15:00+00:00,0.80268,0.80298,0.80268,0.80295,900
2026-08-24T19:30:00+00:00,0.80295,0.80296,0.80273,0.80275,712
2026-08-24T19:45:00+00:00,0.80275,0.80277,0.80253,0.80267,1146
2026-08-24T20:00:00+00:00,0.80267,0.80276,0.80252,0.80258,897
2026-08-24T20:15:00+00:00,0.80258,0.80264,0.80249,0.80257,564
2026-08-24T20:30:00+00:00,0.80257,0.80263,0.80251,0.80258,427
2026-08-24T20:45:00+00:00,0.80258,0.80258,0.80232,0.80232,589
2026-08-24T21:00:00+00:00,0.80232,0.80232,0.80113,0.8018,153
2026-08-24T21:15:00+00:00,0.8018,0.802,0.80172,0.80189,422
2026-08-24T21:30:00+00:00,0.80189,0.80219,0.80181,0.802,268
2026-08-24T21:45:00+00:00,0.802,0.80209,0.80187,0.802,260
2026-08-24T22:00:00+00:00,0.802,0.80247,0.802,0.80231,1076
2026-08-24T22:15:00+00:00,0.80231,0.80246,0.80228,0.80245,384
2026-08-24T22:30:00+00:00,0.80245,0.80247,0.80233,0.80235,351
2026-08-24T22:45:00+00:00,0.80235,0.80236,0.8023,0.80235,189
2026-08-24T23:00:00+00:00,0.80235,0.80235,0.80225,0.80228,292
2026-08-24T23:15:00+00:00,0.80228,0.80236,0.80223,0.80236,174
2026-08-24T23:30:00+00:00,0.80236,0.80243,0.80233,0.80238,201
2026-08-24T23:45:00+00:00,0.80238,0.80239,0.80217,0.80227,292
2026-08-25T00:00:00+00:00,0.80227,0.80237,0.80203,0.80218,1237
2026-08-25T00:15:00+00:00,0.80218,0.80242,0.80218,0.80232,1251
2026-08-25T00:30:00+00:00,0.80232,0.80233,0.80208,0.80214,905
2026-08-25T00:45:00+00:00,0.80214,0.80234,0.80205,0.80216,2030
2026-08-25T01:00:00+00:00,0.80216,0.80251,0.80214,0.80237,1804
2026-08-25T01:15:00+00:00,0.80237,0.80273,0.80237,0.80247,1108
2026-08-25T01:30:00+00:00,0.80247,0.80282,0.80244,0.80278,1052
2026-08-25T01:45:00+00:00,0.80278,0.80323,0.80278,0.80308,1358
2026-08-25T02:00:00+00:00,0.80308,0.80336,0.80306,0.80324,1496
2026-08-25T02:15:00+00:00,0.80324,0.80325,0.80299,0.80301,943
2026-08-25T02:30:00+00:00,0.80301,0.80338,0.80301,0.80328,1107
2026-08-25T02:45:00+00:00,0.80328,0.80358,0.80317,0.80342,1224
2026-08-25T03:00:00+00:00,0.80342,0.80349,0.80327,0.80341,1041
2026-08-25T03:15:00+00:00,0.80341,0.80357,0.80333,0.80353,897
2026-08-25T03:30:00+00:00,0.80353,0.8036,0.80337,0.80347,647
2026-08-25T03:45:00+00:00,0.80347,0.80359,0.80345,0.80352,522
2026-08-25T04:00:00+00:00,0.80352,0.80381,0.8035,0.80368,650
2026-08-25T04:15:00+00:00,0.80368,0.80383,0.80368,0.80376,617
2026-08-25T04:30:00+00:00,0.80376,0.80379,0.80362,0.80367,884
2026-08-25T04:45:00+00:00,0.80367,0.80388,0.80363,0.80382,659
2026-08-25T05:00:00+00:00,0.80382,0.80388,0.80366,0.8037,624
2026-08-25T05:15:00+00:00,0.8037,0.80381,0.80367,0.80374,628
2026-08-25T05:30:00+00:00,0.80374,0.8039,0.8037,0.80389,740
2026-08-25T05:45:00+00:00,0.80389,0.80408,0.80383,0.80396,873
2026-08-25T06:00:00+00:00,0.80396,0.80406,0.80344,0.8035,1284
2026-08-25T06:15:00+00:00,0.8035,0.80368,0.80335,0.80338,1073
2026-08-25T06:30:00+00:00,0.80338,0.80374,0.80321,0.80372,1695
2026-08-25T06:45:00+00:00,0.80372,0.8042,0.80372,0.80415,1511
2026-08-25T07:00:00+00:00,0.80415,0.80415,0.80344,0.80361,1680
2026-08-25T07:15:00+00:00,0.80361,0.8039,0.80322,0.80389,1515
2026-08-25T07:30:00+00:00,0.80389,0.80407,0.80364,0.80399,1373
2026-08-25T07:45:00+00:00,0.80399,0.80421,0.80382,0.80403,1570
2026-08-25T08:00:00+00:00,0.80403,0.80404,0.80369,0.8038,2088
2026-08-25T08:15:00+00:00,0.8038,0.80389,0.80312,0.80363,3521
2026-08-25T08:30:00+00:00,0.80363,0.80374,0.80314,0.80315,2028
2026-08-25T08:45:00+00:00,0.80315,0.80323,0.80267,0.80269,1589
2026-08-25T09:00:00+00:00,0.80269,0.8028,0.80214,0.80219,1779
2026-08-25T09:15:00+00:00,0.80219,0.80281,0.80218,0.80273,1732
2026-08-25T09:30:00+00:00,0.80273,0.80277,0.80199,0.80247,3091
2026-08-25T09:45:00+00:00,0.80247,0.80263,0.8021,0.80248,1818
2026-08-25T10:00:00+00:00,0.80248,0.80267,0.80238,0.80264,1452
2026-08-25T10:15:00+00:00,0.80264,0.80302,0.80255,0.80294,1313
2026-08-25T10:30:00+00:00,0.80294,0.80306,0.80258,0.80275,1491
2026-08-25T10:45:00+00:00,0.80275,0.80292,0.80268,0.80278,1342
2026-08-25T11:00:00+00:00,0.80278,0.80299,0.80265,0.80286,1699
2026-08-25T11:15:00+00:00,0.80286,0.80294,0.80259,0.80279,1477
2026-08-25T11:30:00+00:00,0.80279,0.80282,0.80253,0.8028000000000001,1283
2026-08-25T11:45:00+00:00,0.8028000000000001,0.8028300000000002,0.8022500000000001,0.8027200000000001,1638
2026-08-25T12:00:00+00:00,0.8027200000000001,0.8027400000000001,0.8023600000000001,0.8025100000000002,2201
2026-08-25T12:15:00+00:00,0.8025100000000002,0.8027500000000002,0.8024600000000002,0.8025200000000001,1562
2026-08-25T12:30:00+00:00,0.8025200000000001,0.8027500000000002,0.8024100000000002,0.8025700000000001,1647
2026-08-25T12:45:00+00:00,0.8025700000000001,0.8028600000000001,0.8025200000000001,0.8025300000000002,1521
2026-08-25T13:00:00+00:00,0.8025300000000002,0.8027500000000002,0.8015900000000001,0.8020200000000002,2896
2026-08-25T13:15:00+00:00,0.8020200000000002,0.8026000000000002,0.8018100000000001,0.8022400000000002,2398
2026-08-25T13:30:00+00:00,0.8022400000000002,0.8025900000000001,0.8019400000000002,0.8025200000000001,2548
2026-08-25T13:45:00+00:00,0.8025200000000001,0.8027300000000002,0.8022200000000002,0.8022500000000001,2034
2026-08-25T14:00:00+00:00,0.8022500000000001,0.8026300000000002,0.8019900000000002,0.8020900000000002,2852
2026-08-25T14:15:00+00:00,0.8020900000000002,0.8027800000000002,0.8019400000000002,0.8026100000000002,2177
2026-08-25T14:30:00+00:00,0.8026100000000002,0.8030700000000002,0.8024300000000002,0.8025200000000001,2414
2026-08-25T14:45:00+00:00,0.8025200000000001,0.8028300000000002,0.8021600000000002,0.8027500000000002,2612
2026-08-25T15:00:00+00:00,0.8027500000000002,0.8029300000000001,0.8025100000000002,0.8027000000000002,1900
2026-08-25T15:15:00+00:00,0.8027000000000002,0.8028800000000001,0.8024500000000001,0.8028500000000002,1671
2026-08-25T15:30:00+00:00,0.8028500000000002,0.8028500000000002,0.8020400000000002,0.8022700000000001,3559
2026-08-25T15:45:00+00:00,0.8022700000000001,0.8025100000000002,0.8020800000000001,0.8023400000000002,1761
2026-08-25T16:00:00+00:00,0.8023400000000002,0.8026400000000001,0.8022900000000002,0.8025800000000002,1163
2026-08-25T16:15:00+00:00,0.8025800000000002,0.8027500000000002,0.8025100000000002,0.8026300000000002,1001
2026-08-25T16:30:00+00:00,0.8026300000000002,0.8026800000000002,0.8024200000000001,0.8026000000000002,985
2026-08-25T16:45:00+00:00,0.8026000000000002,0.8026900000000001,0.8023600000000002,0.8024300000000002,904
2026-08-25T17:00:00+00:00,0.8024300000000002,0.8026800000000002,0.8023500000000001,0.8026000000000002,1195
2026-08-25T17:15:00+00:00,0.8026000000000002,0.8026400000000001,0.8023100000000002,0.8024100000000002,1032
2026-08-25T17:30:00+00:00,0.8024100000000002,0.8024900000000001,0.8021100000000002,0.8022500000000001,977
2026-08-25T17:45:00+00:00,0.8022500000000001,0.8022500000000001,0.8018900000000002,0.8019400000000002,845
2026-08-25T18:00:00+00:00,0.8019400000000002,0.8022000000000001,0.8018900000000002,0.8020000000000002,1278
2026-08-25T18:15:00+00:00,0.8020000000000002,0.8021200000000002,0.8019500000000002,0.8020000000000002,911
2026-08-25T18:30:00+00:00,0.8020000000000002,0.8021300000000002,0.8019600000000001,0.8020800000000003,745
2026-08-25T18:45:00+00:00,0.8020800000000003,0.8021500000000003,0.8018500000000003,0.8019400000000003,936
2026-08-25T19:00:00+00:00,0.8019400000000003,0.8019700000000003,0.8016700000000003,0.8017200000000003,1043
2026-08-25T19:15:00+00:00,0.8017200000000003,0.8017600000000003,0.8012700000000003,0.8017300000000003,1367
2026-08-25T19:30:00+00:00,0.8017300000000003,0.8019500000000003,0.8017300000000003,0.8017900000000003,986
2026-08-25T19:45:00+00:00,0.8017900000000003,0.8018100000000002,0.8010900000000003,0.8012500000000002,1931
2026-08-25T20:00:00+00:00,0.8012500000000002,0.8013700000000002,0.8007300000000003,0.8010200000000003,799
2026-08-25T20:15:00+00:00,0.8010200000000003,0.8011100000000003,0.8009300000000003,0.8010200000000003,526
2026-08-25T20:30:00+00:00,0.8010200000000003,0.8013600000000003,0.8009500000000003,0.8013400000000003,624
2026-08-25T20:45:00+00:00,0.8013400000000003,0.8014200000000002,0.8012000000000002,0.8013700000000002,645
2026-08-25T21:00:00+00:00,0.8013700000000002,0.8013700000000002,0.8002700000000003,0.80106,715
2026-08-25T21:15:00+00:00,0.80106,0.80123,0.80079,0.80119,739
2026-08-25T21:30:00+00:00,0.80119,0.8012699999999999,0.8005599999999999,0.8007099999999999,559
2026-08-25T21:45:00+00:00,0.8007099999999999,0.80116,0.80058,0.80107,766
2026-08-25T22:00:00+00:00,0.80107,0.8013499999999999,0.80107,0.8012299999999999,336
2026-08-25T22:15:00+00:00,0.8012299999999999,0.8013699999999999,0.8011799999999999,0.8013699999999999,315
2026-08-25T22:30:00+00:00,0.8013699999999999,0.8013899999999999,0.80124,0.80124,340
2026-08-25T22:45:00+00:00,0.80124,0.8012999999999999,0.8012299999999999,0.80129,318
2026-08-25T23:00:00+00:00,0.80129,0.80153,0.8012699999999999,0.8014999999999999,411
2026-08-25T23:15:00+00:00,0.8014999999999999,0.8017099999999999,0.80148,0.8017099999999999,264
2026-08-25T23:30:00+00:00,0.8017099999999999,0.80194,0.8016699999999999,0.80185,326
2026-08-25T23:45:00+00:00,0.80185,0.80187,0.8017,0.8017599999999999,732
2026-08-26T00:00:00+00:00,0.8017599999999999,0.80194,0.8017599999999999,0.8017799999999999,1260
2026-08-26T00:15:00+00:00,0.8017799999999999,0.80197,0.8016599999999999,0.80194,774
2026-08-26T00:30:00+00:00,0.80194,0.8019799999999999,0.8016899999999999,0.8017,1138
2026-08-26T00:45:00+00:00,0.8017,0.80182,0.80148,0.80175,1399
2026-08-26T01:00:00+00:00,0.80175,0.8019799999999999,0.80153,0.8019099999999999,1809
2026-08-26T01:15:00+00:00,0.8019099999999999,0.80197,0.80177,0.80194,1276
2026-08-26T01:30:00+00:00,0.80194,0.80224,0.8018099999999999,0.80216,2162
2026-08-26T01:45:00+00:00,0.80216,0.8022499999999999,0.8018599999999999,0.8021199999999999,1747
2026-08-26T02:00:00+00:00,0.8021199999999999,0.80214,0.8016599999999999,0.80177,1623
2026-08-26T02:15:00+00:00,0.80177,0.8023999999999999,0.8017599999999999,0.80233,1290
2026-08-26T02:30:00+00:00,0.80233,0.8026899999999999,0.80226,0.80255,1160
2026-08-26T02:45:00+00:00,0.80255,0.8029099999999999,0.8024999999999999,0.8029,861
2026-08-26T03:00:00+00:00,0.8029,0.80292,0.8026399999999999,0.8028799999999999,1182
2026-08-26T03:15:00+00:00,0.8028799999999999,0.80309,0.8028099999999999,0.80297,1059
2026-08-26T03:30:00+00:00,0.80297,0.80314,0.80297,0.8030099999999999,1139
2026-08-26T03:45:00+00:00,0.8030099999999999,0.8032499999999999,0.8030099999999999,0.80312,799
2026-08-26T04:00:00+00:00,0.80312,0.80329,0.8030499999999999,0.80329,681
2026-08-26T04:15:00+00:00,0.80329,0.80338,0.8031499999999999,0.80326,771
2026-08-26T04:30:00+00:00,0.80326,0.8033699999999999,0.80314,0.8033399999999999,796
2026-08-26T04:45:00+00:00,0.8033399999999999,0.8035699999999999,0.8033199999999999,0.8035599999999999,892
2026-08-26T05:00:00+00:00,0.8035599999999999,0.8035899999999999,0.8034199999999999,0.80353,920
2026-08-26T05:15:00+00:00,0.80353,0.80353,0.80324,0.80331,891
2026-08-26T05:30:00+00:00,0.80331,0.80331,0.80297,0.80312,1169
2026-08-26T05:45:00+00:00,0.80312,0.80341,0.80307,0.8033499999999999,867
2026-08-26T06:00:00+00:00,0.8033499999999999,0.80365,0.8032499999999999,0.8036199999999999,1109
2026-08-26T06:15:00+00:00,0.8036199999999999,0.80365,0.8033499999999999,0.80363,1489
2026-08-26T06:30:00+00:00,0.80363,0.8038799999999999,0.8035199999999999,0.8035199999999999,1176
2026-08-26T06:45:00+00:00,0.8035199999999999,0.80382,0.8034499999999999,0.80355,1244
2026-08-26T07:00:00+00:00,0.80355,0.8035599999999999,0.8029599999999999,0.80316,1540
2026-08-26T07:15:00+00:00,0.80316,0.8035399999999999,0.8030299999999999,0.8034399999999999,995
2026-08-26T07:30:00+00:00,0.8034399999999999,0.80353,0.8032499999999999,0.8034699999999999,1208
2026-08-26T07:45:00+00:00,0.8034699999999999,0.80353,0.8030799999999999,0.8031099999999999,1391
2026-08-26T08:00:00+00:00,0.8031099999999999,0.80324,0.80285,0.80292,1678
2026-08-26T08:15:00+00:00,0.80292,0.80312,0.8028599999999999,0.8028599999999999,1242
2026-08-26T08:30:00+00:00,0.8028599999999999,0.80346,0.8028599999999999,0.80333,1402
2026-08-26T08:45:00+00:00,0.80333,0.8037099999999999,0.80331,0.8035599999999999,1428
2026-08-26T09:00:00+00:00,0.8035599999999999,0.8039499999999999,0.8034999999999999,0.80392,1600
2026-08-26T09:15:00+00:00,0.80392,0.80414,0.8038399999999999,0.8040499999999999,1142
2026-08-26T09:30:00+00:00,0.8040499999999999,0.8040999999999999,0.8038299999999999,0.80387,1285
2026-08-26T09:45:00+00:00,0.80387,0.80392,0.8034699999999999,0.80392,1385
2026-08-26T10:00:00+00:00,0.80392,0.80399,0.8038,0.80399,702
2026-08-26T10:15:00+00:00,0.80399,0.8041799999999999,0.8038799999999999,0.8040299999999999,1024
2026-08-26T10:30:00+00:00,0.8040299999999999,0.80414,0.8038799999999999,0.80404,1124
2026-08-26T10:45:00+00:00,0.80404,0.8042799999999999,0.80397,0.8042799999999999,1023
2026-08-26T11:00:00+00:00,0.8042799999999999,0.80429,0.80377,0.8038099999999999,1219
2026-08-26T11:15:00+00:00,0.8038099999999999,0.80446,0.8038099999999999,0.8042999999999999,1435
2026-08-26T11:30:00+00:00,0.8042999999999999,0.80433,0.8040099999999999,0.80416,1215
2026-08-26T11:45:00+00:00,0.80416,0.8042299999999999,0.80387,0.8038899999999999,1096
2026-08-26T12:00:00+00:00,0.8038899999999999,0.8039099999999999,0.8034899999999999,0.8036699999999999,1706
2026-08-26T12:15:00+00:00,0.8036699999999999,0.80375,0.80336,0.8036199999999999,1630
2026-08-26T12:30:00+00:00,0.8036199999999999,0.80473,0.8034899999999999,0.8045399999999999,4418
2026-08-26T12:45:00+00:00,0.8045399999999999,0.80499,0.8042499999999999,0.8049599999999999,3098
2026-08-26T13:00:00+00:00,0.8049599999999999,0.8053899999999999,0.8048399999999999,0.8049299999999999,3692
2026-08-26T13:15:00+00:00,0.8049299999999999,0.8052699999999999,0.80451,0.80458,3693
2026-08-26T13:30:00+00:00,0.80458,0.8052299999999999,0.8045399999999999,0.8051699999999999,3211
2026-08-26T13:45:00+00:00,0.8051699999999999,0.80551,0.80499,0.80551,2144
2026-08-26T14:00:00+00:00,0.80551,0.8058099999999999,0.8051799999999999,0.8052799999999999,2776
2026-08-26T14:15:00+00:00,0.8052799999999999,0.80597,0.8052699999999999,0.8059599999999999,2729
2026-08-26T14:30:00+00:00,0.8059599999999999,0.8061099999999999,0.8057,0.8059499999999999,2017
2026-08-26T14:45:00+00:00,0.8059499999999999,0.80624,0.80582,0.80619,2237
2026-08-26T15:00:00+00:00,0.80619,0.8062499999999999,0.80546,0.8057199999999999,2561
2026-08-26T15:15:00+00:00,0.8057199999999999,0.8057799999999999,0.80546,0.80555,1942
2026-08-26T15:30:00+00:00,0.80555,0.8056599999999999,0.80526,0.8054499999999999,1692
2026-08-26T15:45:00+00:00,0.8054499999999999,0.8056399999999999,0.8052299999999999,0.8054399999999999,2365
2026-08-26T16:00:00+00:00,0.8054399999999999,0.8055800000000001,0.8053400000000001,0.80543,1568
2026-08-26T16:15:00+00:00,0.80543,0.8056,0.8052400000000001,0.80556,1384
2026-08-26T16:30:00+00:00,0.80556,0.80572,0.8054600000000001,0.80565,1180
2026-08-26T16:45:00+00:00,0.80565,0.80575,0.8053400000000001,0.8056300000000001,1684
2026-08-26T17:00:00+00:00,0.8056300000000001,0.80569,0.80545,0.80545,1359
2026-08-26T17:15:00+00:00,0.80545,0.80549,0.80522,0.80523,727
2026-08-26T17:30:00+00:00,0.80523,0.80531,0.80511,0.80522,622
2026-08-26T17:45:00+00:00,0.80522,0.80549,0.80522,0.80531,837
2026-08-26T18:00:00+00:00,0.80531,0.80539,0.80505,0.80514,882
2026-08-26T18:15:00+00:00,0.80514,0.80533,0.80509,0.80531,1301
2026-08-26T18:30:00+00:00,0.80531,0.8055100000000001,0.80531,0.8054,733
2026-08-26T18:45:00+00:00,0.8054,0.8055400000000001,0.80528,0.8054500000000001,726
2026-08-26T19:00:00+00:00,0.8054500000000001,0.8055200000000001,0.8052900000000001,0.8052900000000001,1820
2026-08-26T19:15:00+00:00,0.8052900000000001,0.8054000000000001,0.8052300000000001,0.8052600000000001,743
2026-08-26T19:30:00+00:00,0.8052600000000001,0.8053100000000001,0.8051700000000002,0.8053100000000001,2058
2026-08-26T19:45:00+00:00,0.8053100000000001,0.8056400000000001,0.8052100000000001,0.8053800000000001,1328
2026-08-26T20:00:00+00:00,0.8053800000000001,0.8054700000000001,0.8053600000000001,0.8054500000000001,572
2026-08-26T20:15:00+00:00,0.8054500000000001,0.8054500000000001,0.8053200000000001,0.8053800000000001,240
2026-08-26T20:30:00+00:00,0.8053800000000001,0.8053800000000001,0.8052200000000002,0.8052900000000001,436
2026-08-26T20:45:00+00:00,0.8052900000000001,0.8054100000000001,0.8052300000000001,0.8054000000000001,682
2026-08-26T21:00:00+00:00,0.8054000000000001,0.8054000000000001,0.8042100000000001,0.8042100000000001,28
2026-08-26T21:15:00+00:00,0.8042100000000001,0.8049900000000001,0.8040800000000001,0.8046000000000001,553
2026-08-26T21:30:00+00:00,0.8046000000000001,0.8047100000000001,0.8041100000000001,0.8047000000000001,281
2026-08-26T21:45:00+00:00,0.8047000000000001,0.8048400000000001,0.8040800000000001,0.8046000000000001,755
2026-08-26T22:00:00+00:00,0.8046000000000001,0.8051900000000001,0.8046000000000001,0.8051000000000001,558
2026-08-26T22:15:00+00:00,0.8051000000000001,0.8051400000000001,0.8050200000000001,0.8050300000000001,223
2026-08-26T22:30:00+00:00,0.8050300000000001,0.8050900000000001,0.8049700000000001,0.8049700000000001,160
2026-08-26T22:45:00+00:00,0.8049700000000001,0.8050600000000001,0.8049700000000001,0.8050500000000002,194
2026-08-26T23:00:00+00:00,0.8050500000000002,0.8051000000000001,0.8048900000000001,0.8048900000000001,509
2026-08-26T23:15:00+00:00,0.8048900000000001,0.8049800000000001,0.8048300000000002,0.8049800000000001,592
2026-08-26T23:30:00+00:00,0.8049800000000001,0.8049900000000001,0.8048100000000001,0.8048800000000002,337
2026-08-26T23:45:00+00:00,0.8048800000000002,0.8051000000000001,0.8048800000000002,0.8050700000000001,420
2026-08-27T00:00:00+00:00,0.8050700000000001,0.8052100000000001,0.8049100000000001,0.8051500000000001,4816
2026-08-27T00:15:00+00:00,0.8051500000000001,0.8052000000000001,0.8049900000000001,0.8050100000000001,1421
2026-08-27T00:30:00+00:00,0.8050100000000001,0.8052200000000002,0.8048900000000001,0.8052200000000002,1613
2026-08-27T00:45:00+00:00,0.8052200000000002,0.8053800000000001,0.8051100000000001,0.8051900000000001,1626
2026-08-27T01:00:00+00:00,0.8051900000000001,0.8053500000000001,0.8050900000000001,0.8051600000000001,1839
2026-08-27T01:15:00+00:00,0.8051600000000001,0.8053300000000001,0.8050200000000001,0.8052600000000001,1647
2026-08-27T01:30:00+00:00,0.8052600000000001,0.8054400000000002,0.8050500000000002,0.8053600000000001,2275
2026-08-27T01:45:00+00:00,0.8053600000000001,0.8053800000000001,0.8051100000000001,0.8052100000000001,1335
2026-08-27T02:00:00+00:00,0.8052100000000001,0.8053300000000001,0.8051500000000001,0.8053200000000001,1053
2026-08-27T02:15:00+00:00,0.8053200000000001,0.8055000000000001,0.8053200000000001,0.8054900000000002,961
2026-08-27T02:30:00+00:00,0.8054900000000002,0.8055300000000001,0.8053400000000001,0.8054200000000001,1671
2026-08-27T02:45:00+00:00,0.8054200000000001,0.8054600000000001,0.8052900000000001,0.8053600000000001,1344
2026-08-27T03:00:00+00:00,0.8053600000000001,0.8054300000000001,0.8053000000000001,0.8053300000000001,1330
2026-08-27T03:15:00+00:00,0.8053300000000001,0.8055700000000001,0.8053100000000001,0.8054800000000001,920
2026-08-27T03:30:00+00:00,0.8054800000000001,0.8055500000000001,0.8053800000000001,0.8055000000000001,1157
2026-08-27T03:45:00+00:00,0.8055000000000001,0.8055100000000001,0.8053600000000001,0.8054800000000001,1356
2026-08-27T04:00:00+00:00,0.8054800000000001,0.8054900000000002,0.8052300000000001,0.8052800000000001,724
2026-08-27T04:15:00+00:00,0.8052800000000001,0.8054600000000001,0.8052400000000001,0.8054100000000001,1242
2026-08-27T04:30:00+00:00,0.8054100000000001,0.8054700000000001,0.8053600000000001,0.8054300000000001,741
2026-08-27T04:45:00+00:00,0.8054300000000001,0.8055600000000002,0.8054200000000001,0.8055000000000001,951
2026-08-27T05:00:00+00:00,0.8055000000000001,0.8056100000000002,0.8053700000000001,0.8053700000000001,974
2026-08-27T05:15:00+00:00,0.8053700000000001,0.8055400000000001,0.8052000000000001,0.8052100000000001,1108
2026-08-27T05:30:00+00:00,0.8052100000000001,0.8054400000000002,0.8051300000000001,0.8053700000000001,990
2026-08-27T05:45:00+00:00,0.8053700000000001,0.8057900000000001,0.8053700000000001,0.8056100000000002,1787
2026-08-27T06:00:00+00:00,0.8056100000000002,0.8058500000000001,0.8055300000000001,0.8056600000000002,1432
2026-08-27T06:15:00+00:00,0.8056600000000002,0.8058100000000001,0.8056100000000002,0.8056400000000001,1028
2026-08-27T06:30:00+00:00,0.8056400000000001,0.8057300000000001,0.8055000000000001,0.8055600000000002,1647
2026-08-27T06:45:00+00:00,0.8055600000000002,0.8058700000000001,0.8054700000000001,0.8057300000000001,1213
2026-08-27T07:00:00+00:00,0.8057300000000001,0.8057400000000001,0.8054100000000001,0.8056300000000001,1697
2026-08-27T07:15:00+00:00,0.8056300000000001,0.8059800000000001,0.8056000000000001,0.8058800000000002,1175
2026-08-27T07:30:00+00:00,0.8058800000000002,0.8060100000000001,0.8056900000000001,0.8057700000000001,1284
2026-08-27T07:45:00+00:00,0.8057700000000001,0.8060400000000001,0.8055900000000001,0.8059300000000001,1589
2026-08-27T08:00:00+00:00,0.8059300000000001,0.8060500000000002,0.8055100000000001,0.8057100000000001,1541
2026-08-27T08:15:00+00:00,0.8057100000000001,0.8060800000000001,0.8055000000000001,0.8060700000000001,1784
2026-08-27T08:30:00+00:00,0.8060700000000001,0.8061300000000001,0.8055800000000001,0.8055800000000001,2402
2026-08-27T08:45:00+00:00,0.8055800000000001,0.8057800000000002,0.8053500000000001,0.8057700000000001,2414
2026-08-27T09:00:00+00:00,0.8057700000000001,0.8060700000000001,0.8057100000000001,0.8058900000000001,1505
2026-08-27T09:15:00+00:00,0.8058900000000001,0.8059800000000001,0.8056400000000001,0.8056400000000001,1099
2026-08-27T09:30:00+00:00,0.8056400000000001,0.8060300000000001,0.8056300000000001,0.8060000000000002,1394
2026-08-27T09:45:00+00:00,0.8060000000000002,0.8060200000000001,0.8056000000000001,0.8059400000000001,1036
2026-08-27T10:00:00+00:00,0.8059400000000001,0.8060300000000001,0.8055400000000001,0.8055500000000001,1418
2026-08-27T10:15:00+00:00,0.8055500000000001,0.8057000000000001,0.8054000000000001,0.8056000000000001,1384
2026-08-27T10:30:00+00:00,0.8056000000000001,0.8061200000000001,0.8055900000000001,0.8058300000000002,1295
2026-08-27T10:45:00+00:00,0.8058300000000002,0.8060700000000001,0.8058200000000001,0.8059300000000001,1055
2026-08-27T11:00:00+00:00,0.8059300000000001,0.8060700000000001,0.8058500000000001,0.8058600000000001,1141
2026-08-27T11:15:00+00:00,0.8058600000000001,0.8058900000000001,0.8055500000000001,0.8057100000000001,849
2026-08-27T11:30:00+00:00,0.8057100000000001,0.8058900000000001,0.8053700000000001,0.8055200000000001,2186
2026-08-27T11:45:00+00:00,0.8055200000000001,0.8056300000000001,0.8050600000000001,0.8052700000000002,2140
2026-08-27T12:00:00+00:00,0.8052700000000002,0.8053200000000001,0.8049000000000001,0.8052500000000001,2152
2026-08-27T12:15:00+00:00,0.8052500000000001,0.8052900000000001,0.8047200000000001,0.8048800000000002,1772
2026-08-27T12:30:00+00:00,0.8048800000000002,0.8050900000000001,0.8046800000000001,0.8048000000000001,1884
2026-08-27T12:45:00+00:00,0.8048000000000001,0.8049600000000001,0.8047100000000001,0.8048500000000001,1709
2026-08-27T13:00:00+00:00,0.8048500000000001,0.8048700000000001,0.8037400000000001,0.8037500000000001,2301
2026-08-27T13:15:00+00:00,0.8037500000000001,0.8039700000000001,0.8029400000000001,0.8033700000000001,2194
2026-08-27T13:30:00+00:00,0.8033700000000001,0.8041300000000001,0.8032300000000001,0.8040900000000001,3182
2026-08-27T13:45:00+00:00,0.8040900000000001,0.8043600000000001,0.8037100000000001,0.8040000000000002,2639
2026-08-27T14:00:00+00:00,0.8040000000000002,0.8043400000000002,0.8037700000000001,0.8041500000000001,3113
2026-08-27T14:15:00+00:00,0.8041500000000001,0.8043100000000001,0.8038300000000002,0.8041300000000001,2418
2026-08-27T14:30:00+00:00,0.8041300000000001,0.8041300000000001,0.8036600000000002,0.8037900000000001,2492
2026-08-27T14:45:00+00:00,0.8037900000000001,0.8040800000000001,0.8036000000000001,0.8039500000000002,3361
2026-08-27T15:00:00+00:00,0.8039500000000002,0.8040600000000001,0.80359,0.8036500000000001,2423
2026-08-27T15:15:00+00:00,0.8036500000000001,0.80386,0.8033800000000001,0.8036500000000001,1630
2026-08-27T15:30:00+00:00,0.8036500000000001,0.80391,0.80359,0.80391,1493
2026-08-27T15:45:00+00:00,0.80391,0.8040600000000001,0.80337,0.8035800000000001,1579
2026-08-27T16:00:00+00:00,0.8035800000000001,0.80393,0.80352,0.8038000000000001,1483
2026-08-27T16:15:00+00:00,0.8038000000000001,0.8039200000000001,0.80347,0.8035000000000001,1050
2026-08-27T16:30:00+00:00,0.8035000000000001,0.80371,0.80337,0.8036700000000001,1165
2026-08-27T16:45:00+00:00,0.8036700000000001,0.8039100000000001,0.80359,0.80381,1519
2026-08-27T17:00:00+00:00,0.80381,0.8039900000000001,0.8036300000000001,0.80398,1090
2026-08-27T17:15:00+00:00,0.80398,0.804,0.8037000000000001,0.8037700000000001,1048
2026-08-27T17:30:00+00:00,0.8037700000000001,0.80403,0.8037700000000001,0.8039700000000001,941
2026-08-27T17:45:00+00:00,0.8039700000000001,0.8043100000000001,0.8039400000000001,0.80425,1420
2026-08-27T18:00:00+00:00,0.80425,0.80447,0.8041900000000001,0.80427,1594
2026-08-27T18:15:00+00:00,0.80427,0.80444,0.8042400000000001,0.80442,1155
2026-08-27T18:30:00+00:00,0.80442,0.80444,0.8043000000000001,0.80434,803
2026-08-27T18:45:00+00:00,0.80434,0.8044000000000001,0.8041100000000001,0.8042,763
2026-08-27T19:00:00+00:00,0.8042,0.8043000000000001,0.8040900000000001,0.8042400000000001,1248
2026-08-27T19:15:00+00:00,0.8042400000000001,0.8043300000000001,0.8041400000000001,0.80427,1065
2026-08-27T19:30:00+00:00,0.80427,0.80439,0.8042300000000001,0.8042400000000001,710
2026-08-27T19:45:00+00:00,0.8042400000000001,0.8044000000000001,0.8042,0.80425,881
2026-08-27T20:00:00+00:00,0.80425,0.80432,0.8040900000000001,0.8041600000000001,620
2026-08-27T20:15:00+00:00,0.8041600000000001,0.80427,0.8041,0.8042300000000001,450
2026-08-27T20:30:00+00:00,0.8042300000000001,0.8042400000000001,0.8041,0.8041400000000001,369
2026-08-27T20:45:00+00:00,0.8041400000000001,0.8042300000000001,0.8041100000000001,0.8041300000000001,468
2026-08-27T21:00:00+00:00,0.8041300000000001,0.80415,0.80242,0.80242,26
2026-08-27T21:15:00+00:00,0.80242,0.80356,0.80242,0.80319,281
2026-08-27T21:30:00+00:00,0.80319,0.80361,0.80303,0.8034,261
2026-08-27T21:45:00+00:00,0.8034,0.80346,0.80318,0.80322,255
2026-08-27T22:00:00+00:00,0.80322,0.80421,0.80322,0.80406,425
2026-08-27T22:15:00+00:00,0.80406,0.80418,0.80392,0.80418,237
2026-08-27T22:30:00+00:00,0.80418,0.80418,0.80398,0.80407,354
2026-08-27T22:45:00+00:00,0.80407,0.80408,0.80389,0.80393,263
2026-08-27T23:00:00+00:00,0.80393,0.80393,0.80377,0.80379,235
2026-08-27T23:15:00+00:00,0.80379,0.80403,0.80379,0.80401,297
2026-08-27T23:30:00+00:00,0.80401,0.80405,0.80384,0.8039,217
2026-08-27T23:45:00+00:00,0.8039,0.80391,0.8037,0.80382,449
2026-08-28T00:00:00+00:00,0.80382,0.80403,0.80378,0.80401,1099
2026-08-28T00:15:00+00:00,0.80401,0.80431,0.80398,0.80415,952
2026-08-28T00:30:00+00:00,0.80415,0.8042,0.80401,0.80407,899
2026-08-28T00:45:00+00:00,0.80407,0.80416,0.80396,0.80404,1029
2026-08-28T01:00:00+00:00,0.80404,0.80409,0.80376,0.80397,1295
2026-08-28T01:15:00+00:00,0.80397,0.80415,0.80395,0.80414,953
2026-08-28T01:30:00+00:00,0.80414,0.80417,0.80388,0.8041,1285
2026-08-28T01:45:00+00:00,0.8041,0.80444,0.80409,0.80442,1670
2026-08-28T02:00:00+00:00,0.80442,0.80458,0.80437,0.80449,1181
2026-08-28T02:15:00+00:00,0.80449,0.80456,0.80425,0.80448,734
2026-08-28T02:30:00+00:00,0.80448,0.80454,0.80438,0.8045,700
2026-08-28T02:45:00+00:00,0.8045,0.80456,0.80428,0.80429,803
2026-08-28T03:00:00+00:00,0.80429,0.80439,0.80422,0.80437,894
2026-08-28T03:15:00+00:00,0.80437,0.80445,0.8043,0.80434,744
2026-08-28T03:30:00+00:00,0.80434,0.80464,0.8043,0.80456,606
2026-08-28T03:45:00+00:00,0.80456,0.80472,0.80455,0.80469,551
2026-08-28T04:00:00+00:00,0.80469,0.80489,0.80469,0.80486,592
2026-08-28T04:15:00+00:00,0.80486,0.80492,0.80476,0.80488,521
2026-08-28T04:30:00+00:00,0.80488,0.80497,0.80488,0.8049,344
2026-08-28T04:45:00+00:00,0.8049,0.80498,0.80486,0.80493,475
2026-08-28T05:00:00+00:00,0.80493,0.80503,0.80489,0.80491,915
2026-08-28T05:15:00+00:00,0.80491,0.80491,0.80479,0.80482,602
2026-08-28T05:30:00+00:00,0.80482,0.80522,0.80477,0.80522,875
2026-08-28T05:45:00+00:00,0.80522,0.80526,0.80502,0.80516,818
2026-08-28T06:00:00+00:00,0.80516,0.80524,0.80495,0.80517,1037
2026-08-28T06:15:00+00:00,0.80517,0.80526,0.80478,0.80483,1080
2026-08-28T06:30:00+00:00,0.80483,0.80514,0.80481,0.80486,1845
2026-08-28T06:45:00+00:00,0.80486,0.80495,0.80477,0.80484,1296
2026-08-28T07:00:00+00:00,0.80484,0.80509,0.80472,0.80503,1606
2026-08-28T07:15:00+00:00,0.80503,0.80534,0.80495,0.80531,1578
2026-08-28T07:30:00+00:00,0.80531,0.80531,0.8047,0.8048,1494
2026-08-28T07:45:00+00:00,0.8048,0.80489,0.80445,0.8046,1318
2026-08-28T08:00:00+00:00,0.8046,0.80474,0.80439,0.80456,1499
2026-08-28T08:15:00+00:00,0.80456,0.80463,0.80437,0.80445,1215
2026-08-28T08:30:00+00:00,0.80445,0.80445,0.8041,0.80428,1629
2026-08-28T08:45:00+00:00,0.80428,0.80446,0.80405,0.80407,1279
2026-08-28T09:00:00+00:00,0.80407,0.80445,0.80394,0.80402,1202
2026-08-28T09:15:00+00:00,0.80402,0.80415,0.80384,0.80401,1272
2026-08-28T09:30:00+00:00,0.80401,0.80407,0.8037,0.80381,1173
2026-08-28T09:45:00+00:00,0.80381,0.80417,0.80372,0.80416,1235
2026-08-28T10:00:00+00:00,0.80416,0.80426,0.80354,0.80365,1403
2026-08-28T10:15:00+00:00,0.80365,0.80384,0.80356,0.80367,1257
2026-08-28T10:30:00+00:00,0.80367,0.80368,0.80328,0.80331,1140
2026-08-28T10:45:00+00:00,0.80331,0.80351,0.80322,0.80328,1055
2026-08-28T11:00:00+00:00,0.80328,0.80358,0.8032,0.80348,1377
2026-08-28T11:15:00+00:00,0.80348,0.80387,0.80347,0.80381,1356
2026-08-28T11:30:00+00:00,0.80381,0.80399,0.80372,0.80389,1149
2026-08-28T11:45:00+00:00,0.80389,0.80397,0.80376,0.8038,1227
2026-08-28T12:00:00+00:00,0.8038,0.80436,0.80373,0.8041,1727
2026-08-28T12:15:00+00:00,0.8041,0.80441,0.804,0.80437,1391
2026-08-28T12:30:00+00:00,0.80437,0.80461,0.80424,0.80438,1857
2026-08-28T12:45:00+00:00,0.80438,0.80438,0.80369,0.80382,2290
2026-08-28T13:00:00+00:00,0.80382,0.80428,0.80374,0.80426,1917
2026-08-28T13:15:00+00:00,0.80426,0.8045,0.80415,0.80419,1744
2026-08-28T13:30:00+00:00,0.80419,0.80447,0.8041,0.80429,1830
2026-08-28T13:45:00+00:00,0.80429,0.80469,0.8037,0.80468,1756
2026-08-28T14:00:00+00:00,0.80468,0.80743,0.80255,0.80728,13041
2026-08-28T14:15:00+00:00,0.80728,0.80844,0.80674,0.80786,8947
2026-08-28T14:30:00+00:00,0.80786,0.80801,0.80704,0.8077,7382
2026-08-28T14:45:00+00:00,0.8077,0.80814,0.80677,0.8071,6511
2026-08-28T15:00:00+00:00,0.8071,0.80805,0.8069,0.80796,4314
2026-08-28T15:15:00+00:00,0.80796,0.80816,0.80765,0.80794,4110
2026-08-28T15:30:00+00:00,0.80794,0.80864,0.80776,0.80837,3443
2026-08-28T15:45:00+00:00,0.80837,0.80868,0.80808,0.80846,3444
2026-08-28T16:00:00+00:00,0.80846,0.80917,0.80839,0.8091,3043
2026-08-28T16:15:00+00:00,0.8091,0.80974,0.80906,0.80955,2999
2026-08-28T16:30:00+00:00,0.80955,0.80957,0.80922,0.80951,2783
2026-08-28T16:45:00+00:00,0.80951,0.80951,0.80896,0.80933,2386
2026-08-28T17:00:00+00:00,0.80933,0.80949,0.80893,0.80903,2236
2026-08-28T17:15:00+00:00,0.80903,0.80937,0.809,0.80931,1734
2026-08-28T17:30:00+00:00,0.80931,0.80969,0.80926,0.80956,1533
2026-08-28T17:45:00+00:00,0.80956,0.80972,0.80954,0.80963,1413
2026-08-28T18:00:00+00:00,0.80963,0.80982,0.80943,0.80965,1801
2026-08-28T18:15:00+00:00,0.80965,0.80971,0.80923,0.80941,1468
2026-08-28T18:30:00+00:00,0.80941,0.80971,0.80937,0.80958,1219
2026-08-28T18:45:00+00:00,0.80958,0.80979,0.80952,0.80961,1284
2026-08-28T19:00:00+00:00,0.80961,0.80981,0.80953,0.80971,1474
2026-08-28T19:15:00+00:00,0.80971,0.80974,0.80926,0.80929,961
2026-08-28T19:30:00+00:00,0.80929,0.80944,0.80925,0.80933,1008
2026-08-28T19:45:00+00:00,0.80933,0.80938,0.80904,0.80915,1057
2026-08-28T20:00:00+00:00,0.80915,0.80943,0.80909,0.80926,569
2026-08-28T20:15:00+00:00,0.80926,0.80963,0.80923,0.80953,406
2026-08-28T20:30:00+00:00,0.80953,0.80987,0.80948,0.80974,325
2026-08-28T20:45:00+00:00,0.80974,0.80976,0.80888,0.80914,359
2026-08-30T21:00:00+00:00,0.80803,0.80899,0.80803,0.80899,30
2026-08-30T21:15:00+00:00,0.80899,0.80907,0.80889,0.80899,52
2026-08-30T21:30:00+00:00,0.80899,0.80944,0.80889,0.8092699999999999,208
2026-08-30T21:45:00+00:00,0.8092699999999999,0.80945,0.80881,0.80945,203
2026-08-30T22:00:00+00:00,0.80945,0.80984,0.8092699999999999,0.80931,433
2026-08-30T22:15:00+00:00,0.80931,0.80941,0.80929,0.80931,287
2026-08-30T22:30:00+00:00,0.80931,0.80933,0.8090100000000001,0.8092200000000002,608
2026-08-30T22:45:00+00:00,0.8092200000000002,0.8092300000000001,0.80911,0.8091700000000001,376
2026-08-30T23:00:00+00:00,0.8091700000000001,0.80935,0.8091200000000001,0.8092100000000001,532
2026-08-30T23:15:00+00:00,0.8092100000000001,0.8092400000000001,0.8090200000000001,0.80923,566
2026-08-30T23:30:00+00:00,0.80923,0.80923,0.80888,0.80901,604
2026-08-30T23:45:00+00:00,0.80901,0.8091,0.8088200000000001,0.8088300000000002,537
2026-08-31T00:00:00+00:00,0.8088300000000002,0.8088300000000002,0.8084500000000001,0.8085900000000003,1823
2026-08-31T00:15:00+00:00,0.8085900000000003,0.8091600000000003,0.8083800000000003,0.8090300000000002,1296
2026-08-31T00:30:00+00:00,0.8090300000000002,0.8090500000000003,0.8085900000000003,0.8086700000000003,1103
2026-08-31T00:45:00+00:00,0.8086700000000003,0.8087500000000003,0.8084400000000003,0.8086300000000003,1343
2026-08-31T01:00:00+00:00,0.8086300000000003,0.8091800000000003,0.8086000000000003,0.8090200000000003,2064
2026-08-31T01:15:00+00:00,0.8090200000000003,0.8090900000000003,0.8087500000000003,0.8088200000000002,2171
2026-08-31T01:30:00+00:00,0.8088200000000002,0.8088200000000002,0.8083600000000002,0.8084500000000002,1607
2026-08-31T01:45:00+00:00,0.8084500000000002,0.8086300000000003,0.8084200000000002,0.8085700000000003,1331
2026-08-31T02:00:00+00:00,0.8085700000000003,0.8086800000000002,0.8083400000000002,0.8084300000000002,1447
2026-08-31T02:15:00+00:00,0.8084300000000002,0.8085900000000001,0.8082500000000001,0.8083600000000002,1509
2026-08-31T02:30:00+00:00,0.8083600000000002,0.8088700000000001,0.8083300000000002,0.8087700000000001,1424
2026-08-31T02:45:00+00:00,0.8087700000000001,0.8088000000000001,0.8085200000000002,0.8085800000000002,991
2026-08-31T03:00:00+00:00,0.8085800000000002,0.8088300000000002,0.8085600000000002,0.8087700000000003,691
2026-08-31T03:15:00+00:00,0.8087700000000003,0.8087700000000003,0.8086000000000003,0.8087400000000003,508
2026-08-31T03:30:00+00:00,0.8087400000000003,0.8091000000000003,0.8087400000000003,0.8089700000000003,744
2026-08-31T03:45:00+00:00,0.8089700000000003,0.8090900000000003,0.8089400000000002,0.8089600000000002,534
2026-08-31T04:00:00+00:00,0.8089600000000002,0.8091300000000002,0.8088800000000002,0.8090500000000002,919
2026-08-31T04:15:00+00:00,0.8090500000000002,0.80934,0.8090300000000001,0.8093199999999999,722
2026-08-31T04:30:00+00:00,0.8093199999999999,0.80936,0.80912,0.80912,756
2026-08-31T04:45:00+00:00,0.80912,0.80929,0.80908,0.8091499999999999,899
2026-08-31T05:00:00+00:00,0.8091499999999999,0.80945,0.80914,0.8093699999999999,831
2026-08-31T05:15:00+00:00,0.8093699999999999,0.8094699999999999,0.8092999999999999,0.80931,818
2026-08-31T05:30:00+00:00,0.80931,0.8096399999999999,0.8092999999999999,0.80947,1049
2026-08-31T05:45:00+00:00,0.80947,0.8095899999999999,0.80926,0.8092699999999999,970
2026-08-31T06:00:00+00:00,0.8092699999999999,0.8096799999999998,0.8092499999999999,0.8095499999999999,1308
2026-08-31T06:15:00+00:00,0.8095499999999999,0.8095699999999999,0.8091599999999999,0.8093399999999997,1311
2026-08-31T06:30:00+00:00,0.8093399999999997,0.8094199999999998,0.8087999999999996,0.8089899999999997,1252
2026-08-31T06:45:00+00:00,0.8089899999999997,0.8092399999999996,0.8088299999999996,0.8088799999999996,1697
2026-08-31T07:00:00+00:00,0.8088799999999996,0.8091699999999996,0.8086699999999997,0.8088699999999995,2042
2026-08-31T07:15:00+00:00,0.8088699999999995,0.8089199999999995,0.8079999999999995,0.8082199999999994,2108
2026-08-31T07:30:00+00:00,0.8082199999999994,0.8082399999999994,0.8078199999999995,0.8078599999999996,1853
2026-08-31T07:45:00+00:00,0.8078599999999996,0.8079599999999995,0.8075499999999995,0.8079199999999994,1422
2026-08-31T08:00:00+00:00,0.8079199999999994,0.8083999999999993,0.8075499999999994,0.8082799999999993,2083
2026-08-31T08:15:00+00:00,0.8082799999999993,0.8087499999999993,0.8082799999999993,0.8087299999999993,1302
2026-08-31T08:30:00+00:00,0.8087299999999993,0.8090999999999993,0.8087099999999993,0.8087499999999993,1913
2026-08-31T08:45:00+00:00,0.8087499999999993,0.8090399999999993,0.8086499999999993,0.8088599999999994,1767
2026-08-31T09:00:00+00:00,0.8088599999999994,0.8089499999999993,0.8085999999999994,0.8086299999999993,1771
2026-08-31T09:15:00+00:00,0.8086299999999993,0.8090799999999992,0.8084799999999993,0.8088799999999993,1503
2026-08-31T09:30:00+00:00,0.8088799999999993,0.8092399999999992,0.8087799999999993,0.8089299999999991,1159
2026-08-31T09:45:00+00:00,0.8089299999999991,0.8089499999999992,0.8084899999999992,0.8085699999999992,1667
2026-08-31T10:00:00+00:00,0.8085699999999992,0.8086499999999992,0.8082599999999992,0.8084499999999992,1940
2026-08-31T10:15:00+00:00,0.8084499999999992,0.8088999999999992,0.8084499999999992,0.8085799999999993,1322
2026-08-31T10:30:00+00:00,0.8085799999999993,0.8090199999999993,0.8085599999999993,0.8089999999999993,1323
2026-08-31T10:45:00+00:00,0.8089999999999993,0.8091299999999993,0.8086399999999994,0.8088099999999995,1553
2026-08-31T11:00:00+00:00,0.8088099999999995,0.8089199999999992,0.8084799999999992,0.8085299999999992,1419
2026-08-31T11:15:00+00:00,0.8085299999999992,0.8085799999999992,0.8082599999999992,0.8083099999999992,1517
2026-08-31T11:30:00+00:00,0.8083099999999992,0.8085799999999992,0.8081799999999991,0.8084699999999991,2000
2026-08-31T11:45:00+00:00,0.8084699999999991,0.8087599999999991,0.8084399999999992,0.8085799999999991,1736
2026-08-31T12:00:00+00:00,0.8085799999999991,0.808929999999999,0.8082799999999991,0.8084099999999991,2525
2026-08-31T12:15:00+00:00,0.8084099999999991,0.808719999999999,0.8081199999999991,0.8084099999999991,2727
2026-08-31T12:30:00+00:00,0.8084099999999991,0.808959999999999,0.8083399999999991,0.8086499999999991,2704
2026-08-31T12:45:00+00:00,0.8086499999999991,0.8089599999999991,0.8084799999999991,0.8086099999999992,2212
2026-08-31T13:00:00+00:00,0.8086099999999992,0.8087599999999991,0.808369999999999,0.8085299999999991,2336
2026-08-31T13:15:00+00:00,0.8085299999999991,0.808589999999999,0.8081899999999991,0.808369999999999,2077
2026-08-31T13:30:00+00:00,0.808369999999999,0.8086999999999991,0.8081899999999991,0.8086499999999991,3096
2026-08-31T13:45:00+00:00,0.8086499999999991,0.808839999999999,0.8084099999999991,0.808419999999999,2580
2026-08-31T14:00:00+00:00,0.808419999999999,0.808719999999999,0.8080899999999991,0.808179999999999,2315
2026-08-31T14:15:00+00:00,0.808179999999999,0.808299999999999,0.8076199999999989,0.8078899999999989,2232
2026-08-31T14:30:00+00:00,0.8078899999999989,0.8085899999999988,0.8077099999999989,0.8084699999999988,3119
2026-08-31T14:45:00+00:00,0.8084699999999988,0.8084999999999988,0.8069899999999988,0.8082599999999988,6637
2026-08-31T15:00:00+00:00,0.8082599999999988,0.8085999999999987,0.8079599999999987,0.8085899999999987,2828
2026-08-31T15:15:00+00:00,0.8085899999999987,0.8089299999999987,0.8084699999999987,0.8085899999999987,1800
2026-08-31T15:30:00+00:00,0.8085899999999987,0.8086399999999987,0.8083299999999987,0.8085399999999987,1943
2026-08-31T15:45:00+00:00,0.8085399999999987,0.8086699999999987,0.8082899999999987,0.8086099999999987,1652
2026-08-31T16:00:00+00:00,0.8086099999999987,0.8087099999999987,0.8083199999999987,0.8083899999999987,1323
2026-08-31T16:15:00+00:00,0.8083899999999987,0.8084599999999987,0.8081699999999987,0.8082399999999987,970
2026-08-31T16:30:00+00:00,0.8082399999999987,0.8084699999999987,0.8082099999999988,0.8084199999999987,1259
2026-08-31T16:45:00+00:00,0.8084199999999987,0.8084999999999987,0.8081799999999987,0.8083299999999988,1276
2026-08-31T17:00:00+00:00,0.8083299999999988,0.8084399999999987,0.8081699999999987,0.8082099999999988,940
2026-08-31T17:15:00+00:00,0.8082099999999988,0.8082799999999987,0.8081299999999987,0.8082799999999987,851
2026-08-31T17:30:00+00:00,0.8082799999999987,0.8083599999999987,0.8081499999999987,0.8081899999999987,981
2026-08-31T17:45:00+00:00,0.8081899999999987,0.8082899999999987,0.8080099999999987,0.8082199999999987,921
2026-08-31T18:00:00+00:00,0.8082199999999987,0.8083299999999988,0.8080699999999987,0.8080699999999987,889
2026-08-31T18:15:00+00:00,0.8080699999999987,0.8082999999999987,0.8080699999999987,0.8082599999999988,897
2026-08-31T18:30:00+00:00,0.8082599999999988,0.8085199999999987,0.8082499999999987,0.8084999999999987,1290
2026-08-31T18:45:00+00:00,0.8084999999999987,0.8085199999999987,0.8081999999999987,0.8083999999999987,1412
2026-08-31T19:00:00+00:00,0.8083999999999987,0.8085099999999987,0.8082099999999988,0.8084299999999988,1127
2026-08-31T19:15:00+00:00,0.8084299999999988,0.8084699999999987,0.8083199999999987,0.8083799999999988,893
2026-08-31T19:30:00+00:00,0.8083799999999988,0.8086999999999988,0.8082999999999987,0.8086199999999987,698
2026-08-31T19:45:00+00:00,0.8086199999999987,0.8086599999999987,0.8082499999999987,0.8084299999999988,1339
2026-08-31T20:00:00+00:00,0.8084299999999988,0.8085099999999987,0.8082599999999988,0.8085099999999987,846
2026-08-31T20:15:00+00:00,0.8085099999999987,0.8086099999999987,0.8084599999999987,0.8085699999999987,456
2026-08-31T20:30:00+00:00,0.8085699999999987,0.8086199999999987,0.8083899999999987,0.8084499999999987,408
2026-08-31T20:45:00+00:00,0.8084499999999987,0.8085299999999987,0.8083599999999987,0.8084899999999987,627
2026-08-31T21:00:00+00:00,0.8084899999999987,0.8084899999999987,0.80663,0.80744,93
2026-08-31T21:15:00+00:00,0.80744,0.80785,0.80738,0.80785,269
2026-08-31T21:30:00+00:00,0.80785,0.80801,0.80768,0.80776,326
2026-08-31T21:45:00+00:00,0.80776,0.80779,0.8076,0.8077,321
2026-08-31T22:00:00+00:00,0.8077,0.80855,0.8077,0.80829,508
2026-08-31T22:15:00+00:00,0.80829,0.80839,0.80825,0.80837,244
2026-08-31T22:30:00+00:00,0.80837,0.8085,0.8083,0.80849,286
2026-08-31T22:45:00+00:00,0.80849,0.80849,0.8084,0.80847,288
2026-08-31T23:00:00+00:00,0.80847,0.8087,0.80847,0.80858,631
2026-08-31T23:15:00+00:00,0.80858,0.8086,0.80848,0.80849,433
2026-08-31T23:30:00+00:00,0.80849,0.80854,0.80832,0.80836,516
2026-08-31T23:45:00+00:00,0.80836,0.80839,0.8083,0.8083,599
2026-09-01T00:00:00+00:00,0.8083,0.80855,0.80802,0.80821,1809
2026-09-01T00:15:00+00:00,0.80821,0.80836,0.80794,0.80795,1822
2026-09-01T00:30:00+00:00,0.80795,0.80829,0.80785,0.80825,1108
2026-09-01T00:45:00+00:00,0.80825,0.80867,0.80822,0.80859,1188
2026-09-01T01:00:00+00:00,0.80859,0.80903,0.80856,0.80898,1733
2026-09-01T01:15:00+00:00,0.80898,0.80932,0.80889,0.80925,1612
2026-09-01T01:30:00+00:00,0.80925,0.80936,0.80902,0.80903,1158
2026-09-01T01:45:00+00:00,0.80903,0.80954,0.80903,0.80932,1320
2026-09-01T02:00:00+00:00,0.80932,0.80966,0.80929,0.80958,1592
2026-09-01T02:15:00+00:00,0.80958,0.80959,0.8093,0.80933,1245
2026-09-01T02:30:00+00:00,0.80933,0.80964,0.80933,0.80955,1194
2026-09-01T02:45:00+00:00,0.80955,0.80966,0.80938,0.80938,953
2026-09-01T03:00:00+00:00,0.80938,0.80962,0.80938,0.80944,1210
2026-09-01T03:15:00+00:00,0.80944,0.80974,0.80936,0.80964,1843
2026-09-01T03:30:00+00:00,0.80964,0.80971,0.80953,0.80962,1586
2026-09-01T03:45:00+00:00,0.80962,0.80987,0.80957,0.80986,1228
2026-09-01T04:00:00+00:00,0.80986,0.80988,0.80968,0.80981,1339
2026-09-01T04:15:00+00:00,0.80981,0.80999,0.80978,0.80997,849
2026-09-01T04:30:00+00:00,0.80997,0.80999,0.80982,0.80984,858
2026-09-01T04:45:00+00:00,0.80984,0.80987,0.80965,0.80966,924
2026-09-01T05:00:00+00:00,0.80966,0.80968,0.80941,0.8095,851
2026-09-01T05:15:00+00:00,0.8095,0.80965,0.80945,0.80946,1017
2026-09-01T05:30:00+00:00,0.80946,0.80951,0.80919,0.80931,1866
2026-09-01T05:45:00+00:00,0.80931,0.80937,0.80908,0.80934,1503
2026-09-01T06:00:00+00:00,0.80934,0.80952,0.80915,0.8095,1744
2026-09-01T06:15:00+00:00,0.8095,0.80977,0.80924,0.80975,1629
2026-09-01T06:30:00+00:00,0.80975,0.80985,0.80947,0.80956,1666
2026-09-01T06:45:00+00:00,0.80956,0.80975,0.80932,0.80937,1558
2026-09-01T07:00:00+00:00,0.80937,0.8097,0.80917,0.80954,2190
2026-09-01T07:15:00+00:00,0.80954,0.80992,0.80952,0.80977,1304
2026-09-01T07:30:00+00:00,0.80977,0.81048,0.80968,0.81038,1925
2026-09-01T07:45:00+00:00,0.81038,0.81043,0.81001,0.81011,1809
2026-09-01T08:00:00+00:00,0.81011,0.81088,0.80987,0.81056,3243
2026-09-01T08:15:00+00:00,0.81056,0.81067,0.81019,0.81048,2006
2026-09-01T08:30:00+00:00,0.81048,0.81068,0.81021,0.81028,2235
2026-09-01T08:45:00+00:00,0.81028,0.81036,0.80993,0.80998,1718
2026-09-01T09:00:00+00:00,0.80998,0.81013,0.80972,0.80983,1875
2026-09-01T09:15:00+00:00,0.80983,0.80991,0.8096,0.80975,1663
2026-09-01T09:30:00+00:00,0.80975,0.80979,0.80927,0.80944,1693
2026-09-01T09:45:00+00:00,0.80944,0.80993,0.80923,0.80987,1838
2026-09-01T10:00:00+00:00,0.80987,0.81,0.80971,0.80998,1788
2026-09-01T10:15:00+00:00,0.80998,0.80998,0.80971,0.80987,1448
2026-09-01T10:30:00+00:00,0.80987,0.81017,0.80982,0.81017,1495
2026-09-01T10:45:00+00:00,0.81017,0.81033,0.80999,0.8101,1538
2026-09-01T11:00:00+00:00,0.8101,0.81025,0.80991,0.81016,1655
2026-09-01T11:15:00+00:00,0.81016,0.81022,0.80949,0.80954,2407
2026-09-01T11:30:00+00:00,0.80954,0.80996,0.80947,0.80992,1602
2026-09-01T11:45:00+00:00,0.80992,0.81024,0.80988,0.81018,1564
2026-09-01T12:00:00+00:00,0.81018,0.81059,0.81013,0.81031,2038
2026-09-01T12:15:00+00:00,0.81031,0.81039,0.8098,0.81013,1911
2026-09-01T12:30:00+00:00,0.81013,0.81043,0.80975,0.81012,2467
2026-09-01T12:45:00+00:00,0.81012,0.81021,0.80984,0.80992,2392
2026-09-01T13:00:00+00:00,0.80992,0.81049,0.80986,0.81033,2722
2026-09-01T13:15:00+00:00,0.81033,0.81061,0.81017,0.81044,1725
2026-09-01T13:30:00+00:00,0.81044,0.81044,0.80983,0.8099,2854
2026-09-01T13:45:00+00:00,0.8099,0.81024,0.80986,0.8099,2138
2026-09-01T14:00:00+00:00,0.8099,0.81034,0.80956,0.81001,3530
2026-09-01T14:15:00+00:00,0.81001,0.81066,0.80998,0.81066,2745
2026-09-01T14:30:00+00:00,0.81066,0.81113,0.81044,0.81105,2531
2026-09-01T14:45:00+00:00,0.81105,0.81216,0.81096,0.81206,3200
2026-09-01T15:00:00+00:00,0.81206,0.81207,0.81138,0.81154,3202
2026-09-01T15:15:00+00:00,0.81154,0.81161,0.8113,0.81137,2319
2026-09-01T15:30:00+00:00,0.81137,0.81161,0.81119,0.81145,1892
2026-09-01T15:45:00+00:00,0.81145,0.81192,0.81145,0.81166,1689
2026-09-01T16:00:00+00:00,0.81166,0.81221,0.81162,0.81221,1804
2026-09-01T16:15:00+00:00,0.81221,0.81242,0.81197,0.81224,3252
2026-09-01T16:30:00+00:00,0.81224,0.81241,0.8118,0.81203,2461
2026-09-01T16:45:00+00:00,0.81203,0.81235,0.81201,0.81234,1622
2026-09-01T17:00:00+00:00,0.81234,0.81239,0.81202,0.81207,1637
2026-09-01T17:15:00+00:00,0.81207,0.81239,0.81193,0.81193,1869
2026-09-01T17:30:00+00:00,0.81193,0.81243,0.81179,0.81233,1540
2026-09-01T17:45:00+00:00,0.81233,0.81247,0.81222,0.81226,940
2026-09-01T18:00:00+00:00,0.81226,0.81231,0.81209,0.81223,963
2026-09-01T18:15:00+00:00,0.81223,0.81231,0.81162,0.81169,1456
2026-09-01T18:30:00+00:00,0.81169,0.81217,0.81161,0.81204,1486
2026-09-01T18:45:00+00:00,0.81204,0.81206,0.81173,0.81177,1451
2026-09-01T19:00:00+00:00,0.81177,0.81184,0.81155,0.81159,1250
2026-09-01T19:15:00+00:00,0.81159,0.81169,0.81152,0.81167,965
2026-09-01T19:30:00+00:00,0.81167,0.81188,0.81158,0.81187,894
2026-09-01T19:45:00+00:00,0.81187,0.81192,0.81139,0.81139,1092
2026-09-01T20:00:00+00:00,0.81139,0.81176,0.81138,0.81175,612
2026-09-01T20:15:00+00:00,0.81175,0.81182,0.81164,0.81169,443
2026-09-01T20:30:00+00:00,0.81169,0.81175,0.81163,0.81175,556
2026-09-01T20:45:00+00:00,0.81175,0.81175,0.81149,0.81156,771
2026-09-01T21:00:00+00:00,0.81156,0.81156,0.81069,0.81121,97
2026-09-01T21:15:00+00:00,0.81121,0.81131,0.81107,0.81128,105
2026-09-01T21:30:00+00:00,0.81128,0.81131,0.81109,0.81127,105
2026-09-01T21:45:00+00:00,0.81127,0.81129,0.81114,0.81126,226
2026-09-01T22:00:00+00:00,0.81126,0.81163,0.81124,0.8114,467
2026-09-01T22:15:00+00:00,0.8114,0.81156,0.81138,0.81152,273
2026-09-01T22:30:00+00:00,0.81152,0.81163,0.8115,0.81162,136
2026-09-01T22:45:00+00:00,0.81162,0.81166,0.81157,0.8116,107
2026-09-01T23:00:00+00:00,0.8116,0.81166,0.81159,0.81163,218
2026-09-01T23:15:00+00:00,0.81163,0.81177,0.81162,0.81174,218
2026-09-01T23:30:00+00:00,0.81174,0.81181,0.81167,0.81171,244
2026-09-01T23:45:00+00:00,0.81171,0.81191,0.81166,0.8119,507
2026-09-02T00:00:00+00:00,0.8119,0.81225,0.81179,0.81216,1615
2026-09-02T00:15:00+00:00,0.81216,0.81234,0.8118,0.81227,1755
2026-09-02T00:30:00+00:00,0.81227,0.81234,0.81197,0.81206,1407
2026-09-02T00:45:00+00:00,0.81206,0.81251,0.812,0.81251,1274
2026-09-02T01:00:00+00:00,0.81251,0.81261,0.81235,0.8125,1691
2026-09-02T01:15:00+00:00,0.8125,0.81251,0.81231,0.81241,1169
2026-09-02T01:30:00+00:00,0.81241,0.81311,0.81237,0.81306,1684
2026-09-02T01:45:00+00:00,0.81306,0.8132,0.81286,0.81286,1187
2026-09-02T02:00:00+00:00,0.81286,0.81309,0.81285,0.813,147
